reference_contract,paper_figure,paper_page,paper_panel,case_id,include_sio_s,quantity,species,segment_index,transport_regime,point_index,vector_x,vector_y,log10_pressure_bar,pressure_bar,log10_mixing_ratio,mixing_ratio
published_vector_plot_digitization,2,8,left,figure2_mg_si_o_1_1_3,false,gas_mixing_ratio,CH3,0,non_convective,0,56.407892,317.110246,5.182770836869124,152324.87726607325,-4.385921487610454,4.1122405606946024e-05
published_vector_plot_digitization,2,8,left,figure2_mg_si_o_1_1_3,false,gas_mixing_ratio,CH3,0,non_convective,1,56.508277,317.056468,5.178455862920346,150818.93264028593,-4.396387427603678,4.01432539111648e-05
published_vector_plot_digitization,2,8,left,figure2_mg_si_o_1_1_3,false,gas_mixing_ratio,CH3,0,non_convective,2,56.608663,316.999105,5.174140845987319,149327.86160533357,-4.407551058007022,3.912451275307215e-05
published_vector_plot_digitization,2,8,left,figure2_mg_si_o_1_1_3,false,gas_mixing_ratio,CH3,0,non_convective,3,56.712634,316.941742,5.169671730517594,147799.07992810366,-4.418714688410368,3.813162484418254e-05
published_vector_plot_digitization,2,8,left,figure2_mg_si_o_1_1_3,false,gas_mixing_ratio,CH3,0,non_convective,4,56.913405,316.827016,5.16104173963579,144891.11003416663,-4.441041949217047,3.622080104605372e-05
published_vector_plot_digitization,2,8,left,figure2_mg_si_o_1_1_3,false,gas_mixing_ratio,CH3,0,non_convective,5,57.01379,316.766067,5.156726765687012,143458.6586027489,-4.452903464644297,3.524492050523667e-05
published_vector_plot_digitization,2,8,left,figure2_mg_si_o_1_1_3,false,gas_mixing_ratio,CH3,0,non_convective,6,57.117761,316.705119,5.152257650217287,141989.96437278966,-4.464764785457764,3.429534803748069e-05
published_vector_plot_digitization,2,8,left,figure2_mg_si_o_1_1_3,false,gas_mixing_ratio,CH3,0,non_convective,7,57.318532,316.583222,5.143627659335483,139196.28973125524,-4.488487621698493,3.247224973065702e-05
published_vector_plot_digitization,2,8,left,figure2_mg_si_o_1_1_3,false,gas_mixing_ratio,CH3,0,non_convective,8,57.422502,316.522274,5.139158586850008,137771.2462144392,-4.50034894251196,3.1597378859385035e-05
published_vector_plot_digitization,2,8,left,figure2_mg_si_o_1_1_3,false,gas_mixing_ratio,CH3,0,non_convective,9,57.623273,316.393207,5.130528595968203,135060.57550906873,-4.525467159572921,2.9821730449966983e-05
published_vector_plot_digitization,2,8,left,figure2_mg_si_o_1_1_3,false,gas_mixing_ratio,CH3,0,non_convective,10,57.727244,316.328674,5.126059480498478,133677.85877466522,-4.538026170796523,2.8971689976292705e-05
published_vector_plot_digitization,2,8,left,figure2_mg_si_o_1_1_3,false,gas_mixing_ratio,CH3,1,convective,0,57.82763,316.260555,5.1217444635654505,132356.25292754816,-4.551283067044017,2.8100686700814263e-05
published_vector_plot_digitization,2,8,left,figure2_mg_si_o_1_1_3,false,gas_mixing_ratio,CH3,1,convective,1,57.928015,316.228288,5.117429489616673,131047.72610407056,-4.557562669962702,2.7697293302896252e-05
published_vector_plot_digitization,2,8,left,figure2_mg_si_o_1_1_3,false,gas_mixing_ratio,CH3,1,convective,2,58.031986,316.199606,5.112960374146948,129706.09192839313,-4.563144582471266,2.73435827013734e-05
published_vector_plot_digitization,2,8,left,figure2_mg_si_o_1_1_3,false,gas_mixing_ratio,CH3,1,convective,3,58.232757,316.135073,5.104330383265144,127154.10438847424,-4.575703593694867,2.6564179506430653e-05
published_vector_plot_digitization,2,8,left,figure2_mg_si_o_1_1_3,false,gas_mixing_ratio,CH3,1,convective,4,58.336727,316.102806,5.099861310779669,125852.34460417838,-4.581983196613553,2.6182843108922115e-05
published_vector_plot_digitization,2,8,left,figure2_mg_si_o_1_1_3,false,gas_mixing_ratio,CH3,1,convective,5,58.537498,316.038273,5.091231319897864,123376.18014247532,-4.594542207837143,2.543652570806685e-05
published_vector_plot_digitization,2,8,left,figure2_mg_si_o_1_1_3,false,gas_mixing_ratio,CH3,1,convective,6,58.641469,316.006006,5.0867622044281395,122113.08535506764,-4.6008218107558285,2.5071377103484525e-05
published_vector_plot_digitization,2,8,left,figure2_mg_si_o_1_1_3,false,gas_mixing_ratio,CH3,1,convective,7,58.84224,315.941472,5.078132213546335,119710.49140088986,-4.613381016593211,2.4356730084689707e-05
published_vector_plot_digitization,2,8,left,figure2_mg_si_o_1_1_3,false,gas_mixing_ratio,CH3,1,convective,8,58.946211,315.909206,5.07366309807661,118484.92502728441,-4.6196604248981155,2.4007093013169275e-05
published_vector_plot_digitization,2,8,left,figure2_mg_si_o_1_1_3,false,gas_mixing_ratio,CH3,1,convective,9,59.046596,315.876939,5.069348124127833,117313.53569624336,-4.625940027816801,2.3662464323919596e-05
published_vector_plot_digitization,2,8,left,figure2_mg_si_o_1_1_3,false,gas_mixing_ratio,CH3,1,convective,10,59.146982,315.841087,5.065033107194806,116153.71569206842,-4.632917321145609,2.328534510456279e-05
published_vector_plot_digitization,2,8,left,figure2_mg_si_o_1_1_3,false,gas_mixing_ratio,CH3,1,convective,11,59.250952,315.80882,5.060564034709331,114964.5740862063,-4.639196924064295,2.2951077313051717e-05
published_vector_plot_digitization,2,8,left,figure2_mg_si_o_1_1_3,false,gas_mixing_ratio,CH3,1,convective,12,59.351338,315.776553,5.056249017776303,113827.97708565315,-4.645476526982992,2.2621608031329874e-05
published_vector_plot_digitization,2,8,left,figure2_mg_si_o_1_1_3,false,gas_mixing_ratio,CH3,1,convective,13,59.451723,315.740701,5.051934043827526,112702.62820349415,-4.6524538203118,2.2261077401696844e-05
published_vector_plot_digitization,2,8,left,figure2_mg_si_o_1_1_3,false,gas_mixing_ratio,CH3,1,convective,14,59.555694,315.708435,5.047464928357801,111548.80659833027,-4.658733228616704,2.1941523098448626e-05
published_vector_plot_digitization,2,8,left,figure2_mg_si_o_1_1_3,false,gas_mixing_ratio,CH3,1,convective,15,59.656079,315.672583,5.0431499544090235,110445.99050666642,-4.665710521945523,2.1591831284902588e-05
published_vector_plot_digitization,2,8,left,figure2_mg_si_o_1_1_3,false,gas_mixing_ratio,CH3,1,convective,16,59.756465,315.640316,5.038834937475996,109354.06647240813,-4.671990124864209,2.1281874368830565e-05
published_vector_plot_digitization,2,8,left,figure2_mg_si_o_1_1_3,false,gas_mixing_ratio,CH3,1,convective,17,59.860436,315.604464,5.034365822006271,108234.52661322603,-4.678967418193017,2.094269567051084e-05
published_vector_plot_digitization,2,8,left,figure2_mg_si_o_1_1_3,false,gas_mixing_ratio,CH3,1,convective,18,59.960821,315.572197,5.030050848057494,107164.47681831884,-4.685247021111703,2.064205728191777e-05
published_vector_plot_digitization,2,8,left,figure2_mg_si_o_1_1_3,false,gas_mixing_ratio,CH3,1,convective,19,60.061206,315.536345,5.025735874108717,106105.00596341753,-4.692224314440522,2.0313075633112115e-05
published_vector_plot_digitization,2,8,left,figure2_mg_si_o_1_1_3,false,gas_mixing_ratio,CH3,1,convective,20,60.165177,315.504079,5.021266758638992,105018.72918133945,-4.698503722745427,2.0021484592227745e-05
published_vector_plot_digitization,2,8,left,figure2_mg_si_o_1_1_3,false,gas_mixing_ratio,CH3,1,convective,21,60.466334,315.396523,5.00832175082416,101934.62999031246,-4.719435602731862,1.9079386125154628e-05
published_vector_plot_digitization,2,8,left,figure2_mg_si_o_1_1_3,false,gas_mixing_ratio,CH3,1,convective,22,60.570304,315.360671,5.003852678338685,100891.05847064631,-4.72641289606067,1.877530946167487e-05
published_vector_plot_digitization,2,8,left,figure2_mg_si_o_1_1_3,false,gas_mixing_ratio,CH3,1,convective,23,60.67069,315.324819,4.9995376614056575,99893.59925025742,-4.733390189389488,1.8476079003238526e-05
published_vector_plot_digitization,2,8,left,figure2_mg_si_o_1_1_3,false,gas_mixing_ratio,CH3,1,convective,24,60.771075,315.292552,4.99522268745688,98906.01119739651,-4.739669792308175,1.821084960266647e-05
published_vector_plot_digitization,2,8,left,figure2_mg_si_o_1_1_3,false,gas_mixing_ratio,CH3,1,convective,25,60.875046,315.2567,4.990753571987156,97893.4359414401,-4.746647085636982,1.7920615192083986e-05
published_vector_plot_digitization,2,8,left,figure2_mg_si_o_1_1_3,false,gas_mixing_ratio,CH3,1,convective,26,60.975431,315.220848,4.9864385980383785,96925.62230257953,-4.753624378965802,1.7635006376403166e-05
published_vector_plot_digitization,2,8,left,figure2_mg_si_o_1_1_3,false,gas_mixing_ratio,CH3,1,convective,27,61.075817,315.181411,4.982123581105351,95967.36735785846,-4.761299362704731,1.732609284422492e-05
published_vector_plot_digitization,2,8,left,figure2_mg_si_o_1_1_3,false,gas_mixing_ratio,CH3,1,convective,28,61.179788,315.145559,4.977654465635626,94984.8772099955,-4.768276656033551,1.7049959195654588e-05
published_vector_plot_digitization,2,8,left,figure2_mg_si_o_1_1_3,false,gas_mixing_ratio,CH3,1,convective,29,61.380558,315.073855,4.969024517738071,93116.04418815352,-4.782231242691179,1.651082435433198e-05
published_vector_plot_digitization,2,8,left,figure2_mg_si_o_1_1_3,false,gas_mixing_ratio,CH3,1,convective,30,61.484529,315.038003,4.9645554022683465,92162.74518098489,-4.789208536019986,1.624768400232947e-05
published_vector_plot_digitization,2,8,left,figure2_mg_si_o_1_1_3,false,gas_mixing_ratio,CH3,1,convective,31,61.584915,314.998566,4.960240385335319,91251.57841010725,-4.796883519758928,1.5963072284717646e-05
published_vector_plot_digitization,2,8,left,figure2_mg_si_o_1_1_3,false,gas_mixing_ratio,CH3,2,non_convective,0,61.6853,314.962714,4.955925411386542,90349.42882976493,-4.803860813087735,1.5708661701097086e-05
published_vector_plot_digitization,2,8,left,figure2_mg_si_o_1_1_3,false,gas_mixing_ratio,CH3,2,non_convective,1,61.789271,314.894595,4.951456295916817,89424.45374568975,-4.81711770933524,1.5236397369736187e-05
published_vector_plot_digitization,2,8,left,figure2_mg_si_o_1_1_3,false,gas_mixing_ratio,CH3,2,non_convective,2,61.889656,314.822891,4.94714132196804,88540.36785014014,-4.831072295992857,1.4754608962855524e-05
published_vector_plot_digitization,2,8,left,figure2_mg_si_o_1_1_3,false,gas_mixing_ratio,CH3,2,non_convective,3,61.990042,314.754773,4.9428263050350125,87665.01370451543,-4.84432899762658,1.4311033632918586e-05
published_vector_plot_digitization,2,8,left,figure2_mg_si_o_1_1_3,false,gas_mixing_ratio,CH3,2,non_convective,4,62.094012,314.683069,4.938357232549538,86767.52958570448,-4.858283584284208,1.3858506048640702e-05
published_vector_plot_digitization,2,8,left,figure2_mg_si_o_1_1_3,false,gas_mixing_ratio,CH3,2,non_convective,5,62.194398,314.60778,4.93404221561651,85909.70260155399,-4.872935861351957,1.3398745517791492e-05
published_vector_plot_digitization,2,8,left,figure2_mg_si_o_1_1_3,false,gas_mixing_ratio,CH3,2,non_convective,6,62.294783,314.536076,4.929727241667733,85060.36494077378,-4.886890448009584,1.29750652933545e-05
published_vector_plot_digitization,2,8,left,figure2_mg_si_o_1_1_3,false,gas_mixing_ratio,CH3,2,non_convective,7,62.398754,314.464372,4.925258126198008,84189.53798335287,-4.9008450346672,1.256478221362371e-05
published_vector_plot_digitization,2,8,left,figure2_mg_si_o_1_1_3,false,gas_mixing_ratio,CH3,2,non_convective,8,62.599525,314.313794,4.916628135316203,82533.09572431326,-4.93014958880271,1.174492941799512e-05
published_vector_plot_digitization,2,8,left,figure2_mg_si_o_1_1_3,false,gas_mixing_ratio,CH3,2,non_convective,9,62.703496,314.238504,4.912159019846478,81688.1423234411,-4.944802060484242,1.135528240383212e-05
published_vector_plot_digitization,2,8,left,figure2_mg_si_o_1_1_3,false,gas_mixing_ratio,CH3,2,non_convective,10,62.803881,314.163215,4.9078440458977015,80880.54069506342,-4.959454337551991,1.0978567146963533e-05
published_vector_plot_digitization,2,8,left,figure2_mg_si_o_1_1_3,false,gas_mixing_ratio,CH3,2,non_convective,11,62.904267,314.084341,4.903529028964674,80080.91541320753,-4.9748043050298625,1.0597311370367478e-05
published_vector_plot_digitization,2,8,left,figure2_mg_si_o_1_1_3,false,gas_mixing_ratio,CH3,2,non_convective,12,63.008237,314.009052,4.899059956479199,79261.07467211729,-4.989456582097612,1.0245742053724404e-05
published_vector_plot_digitization,2,8,left,figure2_mg_si_o_1_1_3,false,gas_mixing_ratio,CH3,2,non_convective,13,63.209008,313.851303,4.890429965597394,77701.60069555562,-5.020156711667148,9.546480468015669e-06
published_vector_plot_digitization,2,8,left,figure2_mg_si_o_1_1_3,false,gas_mixing_ratio,CH3,2,non_convective,14,63.312979,313.772429,4.8859608501276695,76906.11094462921,-5.03550667914502,9.214957166671281e-06
published_vector_plot_digitization,2,8,left,figure2_mg_si_o_1_1_3,false,gas_mixing_ratio,CH3,2,non_convective,15,63.413364,313.689969,4.881645876178892,76145.78638999349,-5.051554531646795,8.88066460356978e-06
published_vector_plot_digitization,2,8,left,figure2_mg_si_o_1_1_3,false,gas_mixing_ratio,CH3,2,non_convective,16,63.51375,313.611095,4.877330859245864,75392.97124581934,-5.066904499124678,8.572263276256148e-06
published_vector_plot_digitization,2,8,left,figure2_mg_si_o_1_1_3,false,gas_mixing_ratio,CH3,2,non_convective,17,63.617721,313.528636,4.87286174377614,74621.11667163979,-5.082952157012672,8.261289530361213e-06
published_vector_plot_digitization,2,8,left,figure2_mg_si_o_1_1_3,false,gas_mixing_ratio,CH3,2,non_convective,18,63.818492,313.363717,4.8642317528943355,73152.93459067792,-5.115047667402452,7.672772697293772e-06
published_vector_plot_digitization,2,8,left,figure2_mg_si_o_1_1_3,false,gas_mixing_ratio,CH3,2,non_convective,19,63.918877,313.277672,4.859916778945558,72429.71543774223,-5.1317932103143615,7.382556675156423e-06
published_vector_plot_digitization,2,8,left,figure2_mg_si_o_1_1_3,false,gas_mixing_ratio,CH3,2,non_convective,20,64.022848,313.195212,4.855447663475833,71688.19794289689,-5.147841062816138,7.1147384152836255e-06
published_vector_plot_digitization,2,8,left,figure2_mg_si_o_1_1_3,false,gas_mixing_ratio,CH3,2,non_convective,21,64.223619,313.023123,4.846817672594028,70277.72149426154,-5.181331954026173,6.5867024660764e-06
published_vector_plot_digitization,2,8,left,figure2_mg_si_o_1_1_3,false,gas_mixing_ratio,CH3,2,non_convective,22,64.327589,312.937078,4.842348600108553,69558.24246514836,-5.198077496938082,6.337566115486843e-06
published_vector_plot_digitization,2,8,left,figure2_mg_si_o_1_1_3,false,gas_mixing_ratio,CH3,2,non_convective,23,64.427975,312.847448,4.838033583175526,68870.55505902313,-5.215520730260113,6.0880648479347435e-06
published_vector_plot_digitization,2,8,left,figure2_mg_si_o_1_1_3,false,gas_mixing_ratio,CH3,2,non_convective,24,64.52836,312.761404,4.833718609226748,68189.6732219417,-5.232266078558229,5.857791660959826e-06
published_vector_plot_digitization,2,8,left,figure2_mg_si_o_1_1_3,false,gas_mixing_ratio,CH3,2,non_convective,25,64.632331,312.671774,4.8292494937570245,67491.5642295723,-5.249709311880261,5.627178454275608e-06
published_vector_plot_digitization,2,8,left,figure2_mg_si_o_1_1_3,false,gas_mixing_ratio,CH3,2,non_convective,26,64.732716,312.578559,4.824934519808247,66824.31564705765,-5.267850235612426,5.396967022711405e-06
published_vector_plot_digitization,2,8,left,figure2_mg_si_o_1_1_3,false,gas_mixing_ratio,CH3,2,non_convective,27,64.833102,312.488929,4.8206195028752195,66163.65720220916,-5.285293468934457,5.18449584867302e-06
published_vector_plot_digitization,2,8,left,figure2_mg_si_o_1_1_3,false,gas_mixing_ratio,CH3,2,non_convective,28,64.937073,312.395714,4.816150387405495,65486.29006025817,-5.30343439266661,4.972394842643243e-06
published_vector_plot_digitization,2,8,left,figure2_mg_si_o_1_1_3,false,gas_mixing_ratio,CH3,2,non_convective,29,65.037458,312.306084,4.811835413456717,64838.86641975371,-5.320877625988642,4.776638491797858e-06
published_vector_plot_digitization,2,8,left,figure2_mg_si_o_1_1_3,false,gas_mixing_ratio,CH3,2,non_convective,30,65.137844,312.209284,4.80752039652369,64197.837114180875,-5.339716240130917,4.573869400534088e-06
published_vector_plot_digitization,2,8,left,figure2_mg_si_o_1_1_3,false,gas_mixing_ratio,CH3,2,non_convective,31,65.241814,312.116069,4.803051324038215,63540.601840526644,-5.357857163863081,4.386749508915118e-06
published_vector_plot_digitization,2,8,left,figure2_mg_si_o_1_1_3,false,gas_mixing_ratio,CH3,2,non_convective,32,65.3422,312.019268,4.798736307105187,62912.40782476724,-5.376695972619139,4.200529386916556e-06
published_vector_plot_digitization,2,8,left,figure2_mg_si_o_1_1_3,false,gas_mixing_ratio,CH3,2,non_convective,33,65.442585,311.926053,4.794421333156411,62290.43061290618,-5.394836896351293,4.028683071512376e-06
published_vector_plot_digitization,2,8,left,figure2_mg_si_o_1_1_3,false,gas_mixing_ratio,CH3,2,non_convective,34,65.546556,311.825668,4.789952217686686,61652.716605861366,-5.414373200903702,3.851472480537959e-06
published_vector_plot_digitization,2,8,left,figure2_mg_si_o_1_1_3,false,gas_mixing_ratio,CH3,2,non_convective,35,65.646941,311.728867,4.785637243737908,61043.19320492924,-5.43321200965977,3.6879751863016044e-06
published_vector_plot_digitization,2,8,left,figure2_mg_si_o_1_1_3,false,gas_mixing_ratio,CH3,2,non_convective,36,65.747327,311.628482,4.781322226804881,60439.68981397262,-5.452748314212168,3.5257513899239456e-06
published_vector_plot_digitization,2,8,left,figure2_mg_si_o_1_1_3,false,gas_mixing_ratio,CH3,2,non_convective,37,65.851298,311.528096,4.776853111335155,59820.923233029505,-5.472284813378359,3.370661857824805e-06
published_vector_plot_digitization,2,8,left,figure2_mg_si_o_1_1_3,false,gas_mixing_ratio,CH3,2,non_convective,38,65.951683,311.427711,4.772538137386379,59229.50967360783,-5.491821117930768,3.222395794399802e-06
published_vector_plot_digitization,2,8,left,figure2_mg_si_o_1_1_3,false,gas_mixing_ratio,CH3,2,non_convective,39,66.052069,311.32374,4.768223120453351,58643.93726076371,-5.512055307507081,3.0757050980121173e-06
published_vector_plot_digitization,2,8,left,figure2_mg_si_o_1_1_3,false,gas_mixing_ratio,CH3,2,non_convective,40,66.156039,311.223355,4.763754047967876,58043.560894731505,-5.531591612059478,2.940413364111384e-06
published_vector_plot_digitization,2,8,left,figure2_mg_si_o_1_1_3,false,gas_mixing_ratio,CH3,2,non_convective,41,66.256425,311.115799,4.759439031034849,57469.71336179579,-5.552523492045925,2.8020540476415407e-06
published_vector_plot_digitization,2,8,left,figure2_mg_si_o_1_1_3,false,gas_mixing_ratio,CH3,2,non_convective,42,66.35681,311.011828,4.755124057086071,56901.54480301494,-5.572757681622239,2.6744982519572164e-06
published_vector_plot_digitization,2,8,left,figure2_mg_si_o_1_1_3,false,gas_mixing_ratio,CH3,2,non_convective,43,66.460781,310.904272,4.750654941616347,56319.00087473693,-5.593689561608674,2.548651405198573e-06
published_vector_plot_digitization,2,8,left,figure2_mg_si_o_1_1_3,false,gas_mixing_ratio,CH3,2,non_convective,44,66.561166,310.796717,4.746339967667569,55762.2087195798,-5.6146212469813275,2.4287272916529126e-06
published_vector_plot_digitization,2,8,left,figure2_mg_si_o_1_1_3,false,gas_mixing_ratio,CH3,2,non_convective,45,66.661552,310.685575,4.742024950734542,55210.91576974158,-5.6362510119916776,2.310728857235389e-06
published_vector_plot_digitization,2,8,left,figure2_mg_si_o_1_1_3,false,gas_mixing_ratio,CH3,2,non_convective,46,66.765522,310.574434,4.737555878249067,54645.68549149879,-5.657880582388235,2.1984642996792353e-06
published_vector_plot_digitization,2,8,left,figure2_mg_si_o_1_1_3,false,gas_mixing_ratio,CH3,3,convective,0,66.865908,310.463293,4.733240861316039,54105.43104601862,-5.679510152784792,2.091654008574039e-06
published_vector_plot_digitization,2,8,left,figure2_mg_si_o_1_1_3,false,gas_mixing_ratio,CH3,3,convective,1,70.418837,308.408976,4.580520872504411,38064.56512647157,-6.079308554529921,8.330890869561492e-07
published_vector_plot_digitization,2,8,left,figure2_mg_si_o_1_1_3,false,gas_mixing_ratio,CH3,3,convective,2,73.87138,306.157473,4.432115900625808,27046.800686221686,-6.517482069583516,3.037511496997735e-07
published_vector_plot_digitization,2,8,left,figure2_mg_si_o_1_1_3,false,gas_mixing_ratio,CH3,3,convective,3,77.223538,303.698029,4.288025902695983,19410.0164161513,-6.996123769175944,1.0089653010271255e-07
published_vector_plot_digitization,2,8,left,figure2_mg_si_o_1_1_3,false,gas_mixing_ratio,CH3,3,convective,4,80.471726,301.041399,4.148404977251634,14073.592673307243,-7.513140582076851,3.068028700012039e-08
published_vector_plot_digitization,2,8,left,figure2_mg_si_o_1_1_3,false,gas_mixing_ratio,CH3,3,convective,5,83.619528,298.183998,4.013099068740311,10306.211929626046,-8.069230198696355,8.526480463423222e-09
published_vector_plot_digitization,2,8,left,figure2_mg_si_o_1_1_3,false,gas_mixing_ratio,CH3,3,convective,6,86.767329,295.029026,3.877793203213238,7547.327631042027,-8.683231233176725,2.073809056867079e-09
published_vector_plot_digitization,2,8,left,figure2_mg_si_o_1_1_3,false,gas_mixing_ratio,CH3,3,convective,7,87.072071,294.706358,3.864694096861709,7323.085367306689,-8.746026873136032,1.794622576310932e-09
published_vector_plot_digitization,2,8,left,figure2_mg_si_o_1_1_3,false,gas_mixing_ratio,CH3,4,non_convective,0,87.176042,294.598802,3.8602249813919842,7248.113432331032,-8.766958753122477,1.710177730558859e-09
published_vector_plot_digitization,2,8,left,figure2_mg_si_o_1_1_3,false,gas_mixing_ratio,CH3,4,non_convective,1,92.862162,288.701155,3.615811377072398,4128.681460099214,-9.91472214341565,1.2169643513405658e-10
published_vector_plot_digitization,2,8,left,figure2_mg_si_o_1_1_3,false,gas_mixing_ratio,CH3,4,non_convective,2,95.705222,286.080377,3.493604574912604,3116.0511278064164,-10.424761662987748,3.7604371717408673e-11
published_vector_plot_digitization,2,8,left,figure2_mg_si_o_1_1_3,false,gas_mixing_ratio,CH3,4,non_convective,3,98.039185,284.21249,3.393280925538593,2473.32350925525,-10.788278217268559,1.6282526090043258e-11
published_vector_plot_digitization,2,8,left,figure2_mg_si_o_1_1_3,false,gas_mixing_ratio,CH3,4,non_convective,4,100.172376,282.778412,3.3015873100306363,2002.56817497604,-11.067369561193495,8.563088624291493e-12
published_vector_plot_digitization,2,8,left,figure2_mg_si_o_1_1_3,false,gas_mixing_ratio,CH3,4,non_convective,5,102.305568,281.613223,3.2098936515384304,1621.4130029910555,-11.29413139976612,5.0800571753189735e-12
published_vector_plot_digitization,2,8,left,figure2_mg_si_o_1_1_3,false,gas_mixing_ratio,CH3,4,non_convective,6,104.438759,280.709754,3.118200036030473,1312.8044374833626,-11.469958919192907,3.3887620961990318e-12
published_vector_plot_digitization,2,8,left,figure2_mg_si_o_1_1_3,false,gas_mixing_ratio,CH3,4,non_convective,7,106.568365,280.042908,3.026660519059214,1063.3115199421413,-11.599736341572273,2.513411850618551e-12
published_vector_plot_digitization,2,8,left,figure2_mg_si_o_1_1_3,false,gas_mixing_ratio,CH3,4,non_convective,8,108.905913,279.548151,2.9261827711485053,843.6897466192116,-11.696022872741615,2.013618196980071e-12
published_vector_plot_digitization,2,8,left,figure2_mg_si_o_1_1_3,false,gas_mixing_ratio,CH3,4,non_convective,9,111.544617,279.225483,2.812760058407214,649.7706020381735,-11.758818512700932,1.7425349090866078e-12
published_vector_plot_digitization,2,8,left,figure2_mg_si_o_1_1_3,false,gas_mixing_ratio,CH3,4,non_convective,10,114.592033,279.082075,2.681769166828919,480.5838439841147,-11.786727686016187,1.634076235214452e-12
published_vector_plot_digitization,2,8,left,figure2_mg_si_o_1_1_3,false,gas_mixing_ratio,CH3,4,non_convective,11,118.349319,279.135853,2.5202650456145377,331.3332691996407,-11.776261746022962,1.6739337046733782e-12
published_vector_plot_digitization,2,8,left,figure2_mg_si_o_1_1_3,false,gas_mixing_ratio,CH3,4,non_convective,12,123.425956,279.44418,2.3020496110137603,200.4701018461313,-11.716257062317927,1.9219537726138126e-12
published_vector_plot_digitization,2,8,left,figure2_mg_si_o_1_1_3,false,gas_mixing_ratio,CH3,4,non_convective,13,131.449624,280.179145,1.9571582587834646,90.60627139104344,-11.573222743691055,2.671635811799819e-12
published_vector_plot_digitization,2,8,left,figure2_mg_si_o_1_1_3,false,gas_mixing_ratio,CH3,4,non_convective,14,149.522595,282.122321,1.1803051528213406,15.146251113353662,-11.195053912342496,6.381842585112087e-12
published_vector_plot_digitization,2,8,left,figure2_mg_si_o_1_1_3,false,gas_mixing_ratio,CH3,4,non_convective,15,230.049676,290.863028,-2.2810910387021,0.005234906886835223,-9.493991861684098,3.2063294078779376e-10
published_vector_plot_digitization,2,8,left,figure2_mg_si_o_1_1_3,false,gas_mixing_ratio,CH3,4,non_convective,16,246.702911,289.023823,-2.996917857329051,0.0010071221384128554,-9.851926503456346,1.406285492564296e-10
published_vector_plot_digitization,2,8,left,figure2_mg_si_o_1_1_3,false,gas_mixing_ratio,C2H2,0,non_convective,0,56.407892,299.320505,5.182770836869124,152324.87726607325,-7.848050272632284,1.4188932653352346e-08
published_vector_plot_digitization,2,8,left,figure2_mg_si_o_1_1_3,false,gas_mixing_ratio,C2H2,0,non_convective,1,56.608663,299.148416,5.174140845987319,149327.86160533357,-7.88154116384232,1.313586983016325e-08
published_vector_plot_digitization,2,8,left,figure2_mg_si_o_1_1_3,false,gas_mixing_ratio,C2H2,0,non_convective,2,56.712634,299.062371,5.169671730517594,147799.07992810366,-7.898286706754229,1.2639016861904644e-08
published_vector_plot_digitization,2,8,left,figure2_mg_si_o_1_1_3,false,gas_mixing_ratio,C2H2,0,non_convective,3,57.01379,298.793481,5.156726765687012,143458.6586027489,-7.9506164067203215,1.1204270706704649e-08
published_vector_plot_digitization,2,8,left,figure2_mg_si_o_1_1_3,false,gas_mixing_ratio,C2H2,0,non_convective,4,57.117761,298.703851,5.152257650217287,141989.96437278966,-7.968059640042354,1.0763173968244024e-08
published_vector_plot_digitization,2,8,left,figure2_mg_si_o_1_1_3,false,gas_mixing_ratio,C2H2,0,non_convective,5,57.318532,298.517421,5.143627659335483,139196.28973125524,-8.004341487506661,9.900531559518486e-09
published_vector_plot_digitization,2,8,left,figure2_mg_si_o_1_1_3,false,gas_mixing_ratio,C2H2,0,non_convective,6,57.422502,298.424206,5.139158586850008,137771.2462144392,-8.022482411238814,9.495494548149117e-09
published_vector_plot_digitization,2,8,left,figure2_mg_si_o_1_1_3,false,gas_mixing_ratio,C2H2,0,non_convective,7,57.522888,298.330991,5.13484356991698,136409.17110169725,-8.040623334970979,9.107027857230746e-09
published_vector_plot_digitization,2,8,left,figure2_mg_si_o_1_1_3,false,gas_mixing_ratio,C2H2,0,non_convective,8,57.623273,298.234191,5.130528595968203,135060.57550906873,-8.059461949113254,8.720433023668311e-09
published_vector_plot_digitization,2,8,left,figure2_mg_si_o_1_1_3,false,gas_mixing_ratio,C2H2,0,non_convective,9,57.727244,298.133805,5.126059480498478,133677.85877466522,-8.078998448279446,8.336841633416644e-09
published_vector_plot_digitization,2,8,left,figure2_mg_si_o_1_1_3,false,gas_mixing_ratio,C2H2,1,convective,0,57.82763,298.037005,5.1217444635654505,132356.25292754816,-8.097837062421721,7.982941331997434e-09
published_vector_plot_digitization,2,8,left,figure2_mg_si_o_1_1_3,false,gas_mixing_ratio,C2H2,1,convective,1,57.928015,298.001153,5.117429489616673,131047.72610407056,-8.10481435575054,7.855713645054643e-09
published_vector_plot_digitization,2,8,left,figure2_mg_si_o_1_1_3,false,gas_mixing_ratio,C2H2,1,convective,2,58.031986,297.965301,5.112960374146948,129706.09192839313,-8.111791649079347,7.730513642351674e-09
published_vector_plot_digitization,2,8,left,figure2_mg_si_o_1_1_3,false,gas_mixing_ratio,C2H2,1,convective,3,58.132371,297.933034,5.108645400198172,128423.76565590773,-8.118071251998034,7.619539907117286e-09
published_vector_plot_digitization,2,8,left,figure2_mg_si_o_1_1_3,false,gas_mixing_ratio,C2H2,1,convective,4,58.232757,297.897182,5.104330383265144,127154.10438847424,-8.125048545326853,7.498103910329306e-09
published_vector_plot_digitization,2,8,left,figure2_mg_si_o_1_1_3,false,gas_mixing_ratio,C2H2,1,convective,5,58.336727,297.86133,5.099861310779669,125852.34460417838,-8.132025838655661,7.378603293038941e-09
published_vector_plot_digitization,2,8,left,figure2_mg_si_o_1_1_3,false,gas_mixing_ratio,C2H2,1,convective,6,58.437113,297.825478,5.095546293846642,124608.10568513164,-8.13900313198448,7.2610072102418305e-09
published_vector_plot_digitization,2,8,left,figure2_mg_si_o_1_1_3,false,gas_mixing_ratio,C2H2,1,convective,7,58.537498,297.793212,5.091231319897864,123376.18014247532,-8.145282540289385,7.1567765812349784e-09
published_vector_plot_digitization,2,8,left,figure2_mg_si_o_1_1_3,false,gas_mixing_ratio,C2H2,1,convective,8,58.641469,297.75736,5.0867622044281395,122113.08535506764,-8.152259833618192,7.042715849416013e-09
published_vector_plot_digitization,2,8,left,figure2_mg_si_o_1_1_3,false,gas_mixing_ratio,C2H2,1,convective,9,58.84224,297.685656,5.078132213546335,119710.49140088986,-8.16621442027582,6.820018923963967e-09
published_vector_plot_digitization,2,8,left,figure2_mg_si_o_1_1_3,false,gas_mixing_ratio,C2H2,1,convective,10,58.946211,297.649804,5.07366309807661,118484.92502728441,-8.173191713604627,6.7113252487238935e-09
published_vector_plot_digitization,2,8,left,figure2_mg_si_o_1_1_3,false,gas_mixing_ratio,C2H2,1,convective,11,59.046596,297.613952,5.069348124127833,117313.53569624336,-8.180169006933447,6.604363872934543e-09
published_vector_plot_digitization,2,8,left,figure2_mg_si_o_1_1_3,false,gas_mixing_ratio,C2H2,1,convective,12,59.146982,297.574515,5.065033107194806,116153.71569206842,-8.187843990672377,6.4886748094755855e-09
published_vector_plot_digitization,2,8,left,figure2_mg_si_o_1_1_3,false,gas_mixing_ratio,C2H2,1,convective,13,59.250952,297.538663,5.060564034709331,114964.5740862063,-8.194821284001197,6.385261912774866e-09
published_vector_plot_digitization,2,8,left,figure2_mg_si_o_1_1_3,false,gas_mixing_ratio,C2H2,1,convective,14,59.351338,297.502811,5.056249017776303,113827.97708565315,-8.201798577330004,6.28349715340869e-09
published_vector_plot_digitization,2,8,left,figure2_mg_si_o_1_1_3,false,gas_mixing_ratio,C2H2,1,convective,15,59.451723,297.463374,5.051934043827526,112702.62820349415,-8.209473561068945,6.1734287327535335e-09
published_vector_plot_digitization,2,8,left,figure2_mg_si_o_1_1_3,false,gas_mixing_ratio,C2H2,1,convective,16,59.555694,297.427522,5.047464928357801,111548.80659833027,-8.216450854397753,6.075040053003999e-09
published_vector_plot_digitization,2,8,left,figure2_mg_si_o_1_1_3,false,gas_mixing_ratio,C2H2,1,convective,17,59.656079,297.39167,5.0431499544090235,110445.99050666642,-8.223428147726572,5.978219437408254e-09
published_vector_plot_digitization,2,8,left,figure2_mg_si_o_1_1_3,false,gas_mixing_ratio,C2H2,1,convective,18,59.756465,297.352233,5.038834937475996,109354.06647240813,-8.231103131465503,5.873498585987541e-09
published_vector_plot_digitization,2,8,left,figure2_mg_si_o_1_1_3,false,gas_mixing_ratio,C2H2,1,convective,19,59.860436,297.312795,5.034365822006271,108234.52661322603,-8.238778309818226,5.770609550508311e-09
published_vector_plot_digitization,2,8,left,figure2_mg_si_o_1_1_3,false,gas_mixing_ratio,C2H2,1,convective,20,59.960821,297.276943,5.030050848057494,107164.47681831884,-8.245755603147034,5.678640779246361e-09
published_vector_plot_digitization,2,8,left,figure2_mg_si_o_1_1_3,false,gas_mixing_ratio,C2H2,1,convective,21,60.061206,297.237506,5.025735874108717,106105.00596341753,-8.253430586885976,5.5791676662999045e-09
published_vector_plot_digitization,2,8,left,figure2_mg_si_o_1_1_3,false,gas_mixing_ratio,C2H2,1,convective,22,60.165177,297.198069,5.021266758638992,105018.72918133945,-8.261105570624917,5.481437030221425e-09
published_vector_plot_digitization,2,8,left,figure2_mg_si_o_1_1_3,false,gas_mixing_ratio,C2H2,1,convective,23,60.265563,297.158632,5.016951741705965,103980.4617538456,-8.268780554363847,5.385418347932529e-09
published_vector_plot_digitization,2,8,left,figure2_mg_si_o_1_1_3,false,gas_mixing_ratio,C2H2,1,convective,24,60.365948,297.12278,5.012636767757187,102952.46934462429,-8.275757847692667,5.299588540204822e-09
published_vector_plot_digitization,2,8,left,figure2_mg_si_o_1_1_3,false,gas_mixing_ratio,C2H2,1,convective,25,60.466334,297.083343,5.00832175082416,101934.62999031246,-8.283432831431597,5.20675530952129e-09
published_vector_plot_digitization,2,8,left,figure2_mg_si_o_1_1_3,false,gas_mixing_ratio,C2H2,1,convective,26,60.570304,297.040321,5.003852678338685,100891.05847064631,-8.29180550558066,5.107336757106411e-09
published_vector_plot_digitization,2,8,left,figure2_mg_si_o_1_1_3,false,gas_mixing_ratio,C2H2,1,convective,27,60.771075,296.961446,4.99522268745688,98906.01119739651,-8.307155667672314,4.929970633697186e-09
published_vector_plot_digitization,2,8,left,figure2_mg_si_o_1_1_3,false,gas_mixing_ratio,C2H2,1,convective,28,60.875046,296.922009,4.990753571987156,97893.4359414401,-8.314830651411254,4.843612023471194e-09
published_vector_plot_digitization,2,8,left,figure2_mg_si_o_1_1_3,false,gas_mixing_ratio,C2H2,1,convective,29,60.975431,296.878987,4.9864385980383785,96925.62230257953,-8.32320332556032,4.751127382421837e-09
published_vector_plot_digitization,2,8,left,figure2_mg_si_o_1_1_3,false,gas_mixing_ratio,C2H2,1,convective,30,61.075817,296.83955,4.982123581105351,95967.36735785846,-8.33087830929926,4.6679015808423854e-09
published_vector_plot_digitization,2,8,left,figure2_mg_si_o_1_1_3,false,gas_mixing_ratio,C2H2,1,convective,31,61.179788,296.800112,4.977654465635626,94984.8772099955,-8.338553487651973,4.586131595826984e-09
published_vector_plot_digitization,2,8,left,figure2_mg_si_o_1_1_3,false,gas_mixing_ratio,C2H2,1,convective,32,61.380558,296.714068,4.969024517738071,93116.04418815352,-8.3552988359501,4.412667093585956e-09
published_vector_plot_digitization,2,8,left,figure2_mg_si_o_1_1_3,false,gas_mixing_ratio,C2H2,1,convective,33,61.484529,296.674631,4.9645554022683465,92162.74518098489,-8.36297381968904,4.3353701224869076e-09
published_vector_plot_digitization,2,8,left,figure2_mg_si_o_1_1_3,false,gas_mixing_ratio,C2H2,1,convective,34,61.584915,296.631608,4.960240385335319,91251.57841010725,-8.371346688451876,4.252588021470048e-09
published_vector_plot_digitization,2,8,left,figure2_mg_si_o_1_1_3,false,gas_mixing_ratio,C2H2,2,non_convective,0,61.6853,296.588586,4.955925411386542,90349.42882976493,-8.37971936260094,4.171388479725061e-09
published_vector_plot_digitization,2,8,left,figure2_mg_si_o_1_1_3,false,gas_mixing_ratio,C2H2,2,non_convective,1,61.789271,296.484615,4.951456295916817,89424.45374568975,-8.399953552177251,3.981497504178905e-09
published_vector_plot_digitization,2,8,left,figure2_mg_si_o_1_1_3,false,gas_mixing_ratio,C2H2,2,non_convective,2,61.889656,296.373474,4.94714132196804,88540.36785014014,-8.42158312257382,3.7880602454896405e-09
published_vector_plot_digitization,2,8,left,figure2_mg_si_o_1_1_3,false,gas_mixing_ratio,C2H2,2,non_convective,3,61.990042,296.258748,4.9428263050350125,87665.01370451543,-8.4439103833805,3.5982357705189154e-09
published_vector_plot_digitization,2,8,left,figure2_mg_si_o_1_1_3,false,gas_mixing_ratio,C2H2,2,non_convective,4,62.094012,296.147607,4.938357232549538,86767.52958570448,-8.465539953777068,3.4234189176045812e-09
published_vector_plot_digitization,2,8,left,figure2_mg_si_o_1_1_3,false,gas_mixing_ratio,C2H2,2,non_convective,5,62.294783,295.918154,4.929727241667733,85060.36494077378,-8.510194670004221,3.0889105357650567e-09
published_vector_plot_digitization,2,8,left,figure2_mg_si_o_1_1_3,false,gas_mixing_ratio,C2H2,2,non_convective,6,62.398754,295.799843,4.925258126198008,84189.53798335287,-8.533219621221035,2.929411477342815e-09
published_vector_plot_digitization,2,8,left,figure2_mg_si_o_1_1_3,false,gas_mixing_ratio,C2H2,2,non_convective,7,62.599525,295.56322,4.916628135316203,82533.09572431326,-8.579269718268442,2.634694602472123e-09
published_vector_plot_digitization,2,8,left,figure2_mg_si_o_1_1_3,false,gas_mixing_ratio,C2H2,2,non_convective,8,62.703496,295.444908,4.912159019846478,81688.1423234411,-8.602294864099036,2.4986483291809986e-09
published_vector_plot_digitization,2,8,left,figure2_mg_si_o_1_1_3,false,gas_mixing_ratio,C2H2,2,non_convective,9,62.904267,295.201115,4.903529028964674,80080.91541320753,-8.64974034196669,2.240060035935469e-09
published_vector_plot_digitization,2,8,left,figure2_mg_si_o_1_1_3,false,gas_mixing_ratio,C2H2,2,non_convective,10,63.008237,295.079218,4.899059956479199,79261.07467211729,-8.673463178207406,2.120981213518148e-09
published_vector_plot_digitization,2,8,left,figure2_mg_si_o_1_1_3,false,gas_mixing_ratio,C2H2,2,non_convective,11,63.108623,294.953737,4.894744939546172,78477.46023741853,-8.697883510244473,2.0050097541486907e-09
published_vector_plot_digitization,2,8,left,figure2_mg_si_o_1_1_3,false,gas_mixing_ratio,C2H2,2,non_convective,12,63.209008,294.83184,4.890429965597394,77701.60069555562,-8.721606346485192,1.8984259141492503e-09
published_vector_plot_digitization,2,8,left,figure2_mg_si_o_1_1_3,false,gas_mixing_ratio,C2H2,2,non_convective,13,63.312979,294.702773,4.8859608501276695,76906.11094462921,-8.746724563546165,1.791741844883252e-09
published_vector_plot_digitization,2,8,left,figure2_mg_si_o_1_1_3,false,gas_mixing_ratio,C2H2,2,non_convective,14,63.413364,294.577291,4.881645876178892,76145.78638999349,-8.771145090197003,1.6937718463401152e-09
published_vector_plot_digitization,2,8,left,figure2_mg_si_o_1_1_3,false,gas_mixing_ratio,C2H2,2,non_convective,15,63.51375,294.448224,4.877330859245864,75392.97124581934,-8.796263307257977,1.5985885307158463e-09
published_vector_plot_digitization,2,8,left,figure2_mg_si_o_1_1_3,false,gas_mixing_ratio,C2H2,2,non_convective,16,63.617721,294.319157,4.87286174377614,74621.11667163979,-8.821381524318937,1.5087541430436444e-09
published_vector_plot_digitization,2,8,left,figure2_mg_si_o_1_1_3,false,gas_mixing_ratio,C2H2,2,non_convective,17,63.718106,294.19009,4.868546769827363,73883.38248377242,-8.84649974137991,1.4239680946115348e-09
published_vector_plot_digitization,2,8,left,figure2_mg_si_o_1_1_3,false,gas_mixing_ratio,C2H2,2,non_convective,18,63.918877,293.924785,4.859916778945558,72429.71543774223,-8.898131750935882,1.2643527254547369e-09
published_vector_plot_digitization,2,8,left,figure2_mg_si_o_1_1_3,false,gas_mixing_ratio,C2H2,2,non_convective,19,64.022848,293.788548,4.855447663475833,71688.19794289689,-8.9246453488171,1.1894731720110319e-09
published_vector_plot_digitization,2,8,left,figure2_mg_si_o_1_1_3,false,gas_mixing_ratio,C2H2,2,non_convective,20,64.123233,293.655896,4.851132689527056,70979.45976196334,-8.950461256288193,1.1208274114670958e-09
published_vector_plot_digitization,2,8,left,figure2_mg_si_o_1_1_3,false,gas_mixing_ratio,C2H2,2,non_convective,21,64.223619,293.516073,4.846817672594028,70277.72149426154,-8.977672739193315,1.0527548740763577e-09
published_vector_plot_digitization,2,8,left,figure2_mg_si_o_1_1_3,false,gas_mixing_ratio,C2H2,2,non_convective,22,64.327589,293.379836,4.842348600108553,69558.24246514836,-9.004186337074533,9.904069127286494e-10
published_vector_plot_digitization,2,8,left,figure2_mg_si_o_1_1_3,false,gas_mixing_ratio,C2H2,2,non_convective,23,64.52836,293.10019,4.833718609226748,68189.6732219417,-9.058609302884784,8.737570584438685e-10
published_vector_plot_digitization,2,8,left,figure2_mg_si_o_1_1_3,false,gas_mixing_ratio,C2H2,2,non_convective,24,64.632331,292.956783,4.8292494937570245,67491.5642295723,-9.086518281586258,8.193731310177475e-10
published_vector_plot_digitization,2,8,left,figure2_mg_si_o_1_1_3,false,gas_mixing_ratio,C2H2,2,non_convective,25,64.833102,292.669967,4.8206195028752195,66163.65720220916,-9.142336628216755,7.205487544430926e-10
published_vector_plot_digitization,2,8,left,figure2_mg_si_o_1_1_3,false,gas_mixing_ratio,C2H2,2,non_convective,26,64.937073,292.522974,4.816150387405495,65486.29006025817,-9.170943491942133,6.746157993603768e-10
published_vector_plot_digitization,2,8,left,figure2_mg_si_o_1_1_3,false,gas_mixing_ratio,C2H2,2,non_convective,27,65.037458,292.375981,4.811835413456717,64838.86641975371,-9.199550355667498,6.316109408840795e-10
published_vector_plot_digitization,2,8,left,figure2_mg_si_o_1_1_3,false,gas_mixing_ratio,C2H2,2,non_convective,28,65.137844,292.225403,4.80752039652369,64197.837114180875,-9.228854909803006,5.903982889789846e-10
published_vector_plot_digitization,2,8,left,figure2_mg_si_o_1_1_3,false,gas_mixing_ratio,C2H2,2,non_convective,29,65.241814,292.074824,4.803051324038215,63540.601840526644,-9.25815965855229,5.518745177878283e-10
published_vector_plot_digitization,2,8,left,figure2_mg_si_o_1_1_3,false,gas_mixing_ratio,C2H2,2,non_convective,30,65.3422,291.924246,4.798736307105187,62912.40782476724,-9.287464212687787,5.158646722885747e-10
published_vector_plot_digitization,2,8,left,figure2_mg_si_o_1_1_3,false,gas_mixing_ratio,C2H2,2,non_convective,31,65.442585,291.770083,4.794421333156411,62290.43061290618,-9.317466457233408,4.814304358797547e-10
published_vector_plot_digitization,2,8,left,figure2_mg_si_o_1_1_3,false,gas_mixing_ratio,C2H2,2,non_convective,32,65.546556,291.615919,4.789952217686686,61652.716605861366,-9.34746889639281,4.4929450140717235e-10
published_vector_plot_digitization,2,8,left,figure2_mg_si_o_1_1_3,false,gas_mixing_ratio,C2H2,2,non_convective,33,65.646941,291.458171,4.785637243737908,61043.19320492924,-9.378168831348566,4.186307913693005e-10
published_vector_plot_digitization,2,8,left,figure2_mg_si_o_1_1_3,false,gas_mixing_ratio,C2H2,2,non_convective,34,65.747327,291.296837,4.781322226804881,60439.68981397262,-9.409566651328223,3.894335366141934e-10
published_vector_plot_digitization,2,8,left,figure2_mg_si_o_1_1_3,false,gas_mixing_ratio,C2H2,2,non_convective,35,65.851298,291.139088,4.776853111335155,59820.923233029505,-9.44026678089775,3.628550895956173e-10
published_vector_plot_digitization,2,8,left,figure2_mg_si_o_1_1_3,false,gas_mixing_ratio,C2H2,2,non_convective,36,65.951683,290.974169,4.772538137386379,59229.50967360783,-9.472362291287531,3.370060587141286e-10
published_vector_plot_digitization,2,8,left,figure2_mg_si_o_1_1_3,false,gas_mixing_ratio,C2H2,2,non_convective,37,66.052069,290.812836,4.768223120453351,58643.93726076371,-9.503759916653404,3.1350183221695104e-10
published_vector_plot_digitization,2,8,left,figure2_mg_si_o_1_1_3,false,gas_mixing_ratio,C2H2,2,non_convective,38,66.156039,290.644331,4.763754047967876,58043.560894731505,-9.53655331206709,2.907011085734948e-10
published_vector_plot_digitization,2,8,left,figure2_mg_si_o_1_1_3,false,gas_mixing_ratio,C2H2,2,non_convective,39,66.35681,290.307323,4.755124057086071,56901.54480301494,-9.602139713666908,2.4995411234456053e-10
published_vector_plot_digitization,2,8,left,figure2_mg_si_o_1_1_3,false,gas_mixing_ratio,C2H2,2,non_convective,40,66.460781,290.135234,4.750654941616347,56319.00087473693,-9.635630604876932,2.3140321851457224e-10
published_vector_plot_digitization,2,8,left,figure2_mg_si_o_1_1_3,false,gas_mixing_ratio,C2H2,2,non_convective,41,66.661552,289.783884,4.742024950734542,55210.91576974158,-9.704008157344813,1.9769325070782703e-10
published_vector_plot_digitization,2,8,left,figure2_mg_si_o_1_1_3,false,gas_mixing_ratio,C2H2,2,non_convective,42,66.765522,289.604625,4.737555878249067,54645.68549149879,-9.738894429375094,1.824339118531441e-10
published_vector_plot_digitization,2,8,left,figure2_mg_si_o_1_1_3,false,gas_mixing_ratio,C2H2,3,convective,0,66.865908,289.425365,4.733240861316039,54105.43104601862,-9.773780896019156,1.6835231936681727e-10
published_vector_plot_digitization,2,8,left,figure2_mg_si_o_1_1_3,false,gas_mixing_ratio,C2H2,3,convective,1,69.708968,287.148766,4.611034059156247,40835.14096709894,-10.216838438557401,6.069620829336622e-11
published_vector_plot_digitization,2,8,left,figure2_mg_si_o_1_1_3,false,gas_mixing_ratio,C2H2,3,convective,2,72.552028,284.581765,4.488827256996453,30819.61839255211,-10.716412212750058,1.921267282886177e-11
published_vector_plot_digitization,2,8,left,figure2_mg_si_o_1_1_3,false,gas_mixing_ratio,C2H2,3,convective,3,75.294703,281.803239,4.3709354287854385,23492.83501727117,-11.257151667277897,5.531568982597086e-12
published_vector_plot_digitization,2,8,left,figure2_mg_si_o_1_1_3,false,gas_mixing_ratio,C2H2,3,convective,4,78.033793,278.702044,4.253197699111119,17914.211574451405,-11.860686956378837,1.378202532528551e-12
published_vector_plot_digitization,2,8,left,figure2_mg_si_o_1_1_3,false,gas_mixing_ratio,C2H2,3,convective,5,80.776467,275.256671,4.135305913884354,13655.446776684345,-12.531204027899838,2.943038694118378e-13
published_vector_plot_digitization,2,8,left,figure2_mg_si_o_1_1_3,false,gas_mixing_ratio,C2H2,3,convective,6,83.519142,271.434853,4.017414085673338,10409.121687544904,-13.274982484759587,5.309058554083565e-14
published_vector_plot_digitization,2,8,left,figure2_mg_si_o_1_1_3,false,gas_mixing_ratio,C2H2,3,convective,7,86.261817,267.215077,3.8995222574623227,7934.549200624977,-14.096209053260171,8.012922581573919e-15
published_vector_plot_digitization,2,8,left,figure2_mg_si_o_1_1_3,false,gas_mixing_ratio,C2H2,3,convective,8,87.072071,265.88497,3.864694096861709,7323.085367306689,-14.355066207608795,4.4150313566430356e-15
published_vector_plot_digitization,2,8,left,figure2_mg_si_o_1_1_3,false,gas_mixing_ratio,C2H2,4,non_convective,0,87.176042,265.716466,3.8602249813919842,7248.113432331032,-14.387859408408698,4.0939316871672134e-15
published_vector_plot_digitization,2,8,left,figure2_mg_si_o_1_1_3,false,gas_mixing_ratio,C2H2,4,non_convective,1,92.148708,257.63902,3.6464786622609315,4430.764447403936,-15.959841727097851,1.0968778659985759e-16
published_vector_plot_digitization,2,8,left,figure2_mg_si_o_1_1_3,false,gas_mixing_ratio,C2H2,4,non_convective,2,94.690612,253.931927,3.5372168249317206,3445.218930945373,-16.681293117764696,2.0830844752590898e-17
published_vector_plot_digitization,2,8,left,figure2_mg_si_o_1_1_3,false,gas_mixing_ratio,C2H2,4,non_convective,3,96.820218,251.200008,3.4456773079604615,2790.469679565956,-17.21296220773335,6.124036807192048e-18
published_vector_plot_digitization,2,8,left,figure2_mg_si_o_1_1_3,false,gas_mixing_ratio,C2H2,4,non_convective,4,98.648668,249.203054,3.3670827558197844,2328.5349231177274,-17.60159697907513,2.502666734061603e-18
published_vector_plot_digitization,2,8,left,figure2_mg_si_o_1_1_3,false,gas_mixing_ratio,C2H2,4,non_convective,5,100.376732,247.632738,3.292803220612134,1962.470877280738,-17.907202115495068,1.2382201994407184e-18
published_vector_plot_digitization,2,8,left,figure2_mg_si_o_1_1_3,false,gas_mixing_ratio,C2H2,4,non_convective,6,101.0293139656998,247.155907,3.2647524741715657,1839.7231537105401,-18.0,1e-18
published_vector_plot_digitization,2,8,left,figure2_mg_si_o_1_1_3,false,gas_mixing_ratio,C2H2,5,non_convective,0,122.2241013283538,247.155907,2.3537104328334513,225.7929786665327,-18.0,1e-18
published_vector_plot_digitization,2,8,left,figure2_mg_si_o_1_1_3,false,gas_mixing_ratio,C2H2,5,non_convective,1,126.978885,249.013039,2.1493296222021305,141.03588309170212,-17.638576516949566,2.298388727862642e-18
published_vector_plot_digitization,2,8,left,figure2_mg_si_o_1_1_3,false,gas_mixing_ratio,C2H2,5,non_convective,2,135.206909,252.490678,1.7956541805533335,62.467507922071135,-16.961780037123663,1.0919932727013507e-17
published_vector_plot_digitization,2,8,left,figure2_mg_si_o_1_1_3,false,gas_mixing_ratio,C2H2,5,non_convective,3,154.599232,261.001933,0.9620897182205637,9.1640978601867,-15.305372508078635,4.950254097453363e-16
published_vector_plot_digitization,2,8,left,figure2_mg_si_o_1_1_3,false,gas_mixing_ratio,C2H2,5,non_convective,4,229.640964,294.032341,-2.2635228598650956,0.005451012025591776,-8.877199870949447,1.3267837049777206e-09
published_vector_plot_digitization,2,8,left,figure2_mg_si_o_1_1_3,false,gas_mixing_ratio,C2H2,5,non_convective,5,246.702911,294.032341,-2.996917857329051,0.0010071221384128554,-8.877199870949447,1.3267837049777206e-09
published_vector_plot_digitization,2,8,left,figure2_mg_si_o_1_1_3,false,gas_mixing_ratio,H2,0,non_convective,0,56.407892,339.381482,5.182770836869124,152324.87726607325,-0.05163200955597155,0.8879080438945219
published_vector_plot_digitization,2,8,left,figure2_mg_si_o_1_1_3,false,gas_mixing_ratio,H2,0,non_convective,1,56.508277,339.388652,5.178455862920346,150818.93264028593,-0.050236628735727144,0.8907654653776469
published_vector_plot_digitization,2,8,left,figure2_mg_si_o_1_1_3,false,gas_mixing_ratio,H2,0,non_convective,2,56.608663,339.392238,5.174140845987319,149327.86160533357,-0.04953874371181191,0.8921980224333098
published_vector_plot_digitization,2,8,left,figure2_mg_si_o_1_1_3,false,gas_mixing_ratio,H2,0,non_convective,3,56.712634,339.395823,5.169671730517594,147799.07992810366,-0.04884105330168971,0.8936324829222673
published_vector_plot_digitization,2,8,left,figure2_mg_si_o_1_1_3,false,gas_mixing_ratio,H2,0,non_convective,4,56.813019,339.402993,5.1653567565688165,146337.87914390574,-0.04744567248144531,0.8965083265102141
published_vector_plot_digitization,2,8,left,figure2_mg_si_o_1_1_3,false,gas_mixing_ratio,H2,0,non_convective,5,57.01379,339.410164,5.156726765687012,143458.6586027489,-0.04605009704740788,0.8993938280265008
published_vector_plot_digitization,2,8,left,figure2_mg_si_o_1_1_3,false,gas_mixing_ratio,H2,0,non_convective,6,57.117761,339.413749,5.152257650217287,141989.96437278966,-0.045352406637285674,0.900839857806748
published_vector_plot_digitization,2,8,left,figure2_mg_si_o_1_1_3,false,gas_mixing_ratio,H2,0,non_convective,7,57.318532,339.420919,5.143627659335483,139196.28973125524,-0.04395702581703021,0.9037388958099204
published_vector_plot_digitization,2,8,left,figure2_mg_si_o_1_1_3,false,gas_mixing_ratio,H2,0,non_convective,8,57.422502,339.424504,5.139158586850008,137771.2462144392,-0.04325933540690801,0.9051919115147051
published_vector_plot_digitization,2,8,left,figure2_mg_si_o_1_1_3,false,gas_mixing_ratio,H2,0,non_convective,9,57.522888,339.424504,5.13484356991698,136409.17110169725,-0.04325933540690801,0.9051919115147051
published_vector_plot_digitization,2,8,left,figure2_mg_si_o_1_1_3,false,gas_mixing_ratio,H2,0,non_convective,10,57.623273,339.42809,5.130528595968203,135060.57550906873,-0.042561450383003845,0.9066476696350528
published_vector_plot_digitization,2,8,left,figure2_mg_si_o_1_1_3,false,gas_mixing_ratio,H2,0,non_convective,11,57.727244,339.431675,5.126059480498478,133677.85877466522,-0.04186375997288164,0.9081053620158877
published_vector_plot_digitization,2,8,left,figure2_mg_si_o_1_1_3,false,gas_mixing_ratio,H2,1,convective,0,57.82763,339.431675,5.1217444635654505,132356.25292754816,-0.04186375997288164,0.9081053620158877
published_vector_plot_digitization,2,8,left,figure2_mg_si_o_1_1_3,false,gas_mixing_ratio,H2,1,convective,1,57.928015,339.43526,5.117429489616673,131047.72610407056,-0.041166069562748375,0.9095653980492451
published_vector_plot_digitization,2,8,left,figure2_mg_si_o_1_1_3,false,gas_mixing_ratio,H2,1,convective,2,58.132371,339.43526,5.108645400198172,128423.76565590773,-0.041166069562748375,0.9095653980492451
published_vector_plot_digitization,2,8,left,figure2_mg_si_o_1_1_3,false,gas_mixing_ratio,H2,1,convective,3,58.232757,339.438845,5.104330383265144,127154.10438847424,-0.04046837915262617,0.9110277815031628
published_vector_plot_digitization,2,8,left,figure2_mg_si_o_1_1_3,false,gas_mixing_ratio,H2,1,convective,4,58.537498,339.438845,5.091231319897864,123376.18014247532,-0.04046837915262617,0.9110277815031628
published_vector_plot_digitization,2,8,left,figure2_mg_si_o_1_1_3,false,gas_mixing_ratio,H2,1,convective,5,58.641469,339.44243,5.0867622044281395,122113.08535506764,-0.03977068874250397,0.9124925161518059
published_vector_plot_digitization,2,8,left,figure2_mg_si_o_1_1_3,false,gas_mixing_ratio,H2,1,convective,6,58.946211,339.44243,5.07366309807661,118484.92502728441,-0.03977068874250397,0.9124925161518059
published_vector_plot_digitization,2,8,left,figure2_mg_si_o_1_1_3,false,gas_mixing_ratio,H2,1,convective,7,59.046596,339.446016,5.069348124127833,117313.53569624336,-0.0390728037185998,0.913960015334296
published_vector_plot_digitization,2,8,left,figure2_mg_si_o_1_1_3,false,gas_mixing_ratio,H2,1,convective,8,59.656079,339.446016,5.0431499544090235,110445.99050666642,-0.0390728037185998,0.913960015334296
published_vector_plot_digitization,2,8,left,figure2_mg_si_o_1_1_3,false,gas_mixing_ratio,H2,1,convective,9,59.756465,339.449601,5.038834937475996,109354.06647240813,-0.0383751133084776,0.9154294643775795
published_vector_plot_digitization,2,8,left,figure2_mg_si_o_1_1_3,false,gas_mixing_ratio,H2,1,convective,10,60.466334,339.449601,5.00832175082416,101934.62999031246,-0.0383751133084776,0.9154294643775795
published_vector_plot_digitization,2,8,left,figure2_mg_si_o_1_1_3,false,gas_mixing_ratio,H2,1,convective,11,60.570304,339.453186,5.003852678338685,100891.05847064631,-0.03767742289834434,0.9169012759755437
published_vector_plot_digitization,2,8,left,figure2_mg_si_o_1_1_3,false,gas_mixing_ratio,H2,1,convective,12,61.584915,339.453186,4.960240385335319,91251.57841010725,-0.03767742289834434,0.9169012759755437
published_vector_plot_digitization,2,8,left,figure2_mg_si_o_1_1_3,false,gas_mixing_ratio,H2,2,non_convective,0,61.6853,339.453186,4.955925411386542,90349.42882976493,-0.03767742289834434,0.9169012759755437
published_vector_plot_digitization,2,8,left,figure2_mg_si_o_1_1_3,false,gas_mixing_ratio,H2,2,non_convective,1,61.789271,339.456771,4.951456295916817,89424.45374568975,-0.03697973248822213,0.9183754539266162
published_vector_plot_digitization,2,8,left,figure2_mg_si_o_1_1_3,false,gas_mixing_ratio,H2,2,non_convective,2,61.889656,339.460356,4.94714132196804,88540.36785014014,-0.03628204207809994,0.9198520020354019
published_vector_plot_digitization,2,8,left,figure2_mg_si_o_1_1_3,false,gas_mixing_ratio,H2,2,non_convective,3,61.990042,339.467527,4.9428263050350125,87665.01370451543,-0.0348864666440625,0.922812637500958
published_vector_plot_digitization,2,8,left,figure2_mg_si_o_1_1_3,false,gas_mixing_ratio,H2,2,non_convective,4,62.094012,339.471112,4.938357232549538,86767.52958570448,-0.034188776233940295,0.9242963196364502
published_vector_plot_digitization,2,8,left,figure2_mg_si_o_1_1_3,false,gas_mixing_ratio,H2,2,non_convective,5,62.194398,339.474697,4.93404221561651,85909.70260155399,-0.0334910858238181,0.9257823872103182
published_vector_plot_digitization,2,8,left,figure2_mg_si_o_1_1_3,false,gas_mixing_ratio,H2,2,non_convective,6,62.294783,339.481868,4.929727241667733,85060.36494077378,-0.03209551038978067,0.9287621102123851
published_vector_plot_digitization,2,8,left,figure2_mg_si_o_1_1_3,false,gas_mixing_ratio,H2,2,non_convective,7,62.398754,339.485453,4.925258126198008,84189.53798335287,-0.03139781997965846,0.9302553578068002
published_vector_plot_digitization,2,8,left,figure2_mg_si_o_1_1_3,false,gas_mixing_ratio,H2,2,non_convective,8,62.599525,339.492623,4.916628135316203,82533.09572431326,-0.030002439159414064,0.933249059308287
published_vector_plot_digitization,2,8,left,figure2_mg_si_o_1_1_3,false,gas_mixing_ratio,H2,2,non_convective,9,62.703496,339.496208,4.912159019846478,81688.1423234411,-0.029304748749280796,0.9347495209415742
published_vector_plot_digitization,2,8,left,figure2_mg_si_o_1_1_3,false,gas_mixing_ratio,H2,2,non_convective,10,62.803881,339.499793,4.9078440458977015,80880.54069506342,-0.028607058339158598,0.9362523949909984
published_vector_plot_digitization,2,8,left,figure2_mg_si_o_1_1_3,false,gas_mixing_ratio,H2,2,non_convective,11,62.904267,339.506964,4.903529028964674,80080.91541320753,-0.027211482905132225,0.9392658167579422
published_vector_plot_digitization,2,8,left,figure2_mg_si_o_1_1_3,false,gas_mixing_ratio,H2,2,non_convective,12,63.008237,339.510549,4.899059956479199,79261.07467211729,-0.02651379249499896,0.9407759520293861
published_vector_plot_digitization,2,8,left,figure2_mg_si_o_1_1_3,false,gas_mixing_ratio,H2,2,non_convective,13,63.209008,339.517719,4.890429965597394,77701.60069555562,-0.025118411674754558,0.9438035103836783
published_vector_plot_digitization,2,8,left,figure2_mg_si_o_1_1_3,false,gas_mixing_ratio,H2,2,non_convective,14,63.312979,339.521305,4.8859608501276695,76906.11094462921,-0.024420526650850385,0.9453213648925134
published_vector_plot_digitization,2,8,left,figure2_mg_si_o_1_1_3,false,gas_mixing_ratio,H2,2,non_convective,15,63.51375,339.528475,4.877330859245864,75392.97124581934,-0.023025145830594923,0.9483635510683188
published_vector_plot_digitization,2,8,left,figure2_mg_si_o_1_1_3,false,gas_mixing_ratio,H2,2,non_convective,16,63.617721,339.53206,4.87286174377614,74621.11667163979,-0.022327455420472722,0.9498883135189963
published_vector_plot_digitization,2,8,left,figure2_mg_si_o_1_1_3,false,gas_mixing_ratio,H2,2,non_convective,17,63.718106,339.535645,4.868546769827363,73883.38248377242,-0.02162976501035052,0.951415527456267
published_vector_plot_digitization,2,8,left,figure2_mg_si_o_1_1_3,false,gas_mixing_ratio,H2,2,non_convective,18,63.818492,339.535645,4.8642317528943355,73152.93459067792,-0.02162976501035052,0.951415527456267
published_vector_plot_digitization,2,8,left,figure2_mg_si_o_1_1_3,false,gas_mixing_ratio,H2,2,non_convective,19,63.918877,339.539231,4.859916778945558,72429.71543774223,-0.02093187998644635,0.9529456238505241
published_vector_plot_digitization,2,8,left,figure2_mg_si_o_1_1_3,false,gas_mixing_ratio,H2,2,non_convective,20,64.022848,339.542816,4.855447663475833,71688.19794289689,-0.020234189576313084,0.9544777532782851
published_vector_plot_digitization,2,8,left,figure2_mg_si_o_1_1_3,false,gas_mixing_ratio,H2,2,non_convective,21,64.223619,339.549986,4.846817672594028,70277.72149426154,-0.018838808756068685,0.9575494060875327
published_vector_plot_digitization,2,8,left,figure2_mg_si_o_1_1_3,false,gas_mixing_ratio,H2,2,non_convective,22,64.327589,339.553571,4.842348600108553,69558.24246514836,-0.01814111834594648,0.9590889373964132
published_vector_plot_digitization,2,8,left,figure2_mg_si_o_1_1_3,false,gas_mixing_ratio,H2,2,non_convective,23,64.427975,339.553571,4.838033583175526,68870.55505902313,-0.01814111834594648,0.9590889373964132
published_vector_plot_digitization,2,8,left,figure2_mg_si_o_1_1_3,false,gas_mixing_ratio,H2,2,non_convective,24,64.52836,339.557157,4.833718609226748,68189.6732219417,-0.01744323332203125,0.9606313744100585
published_vector_plot_digitization,2,8,left,figure2_mg_si_o_1_1_3,false,gas_mixing_ratio,H2,2,non_convective,25,64.632331,339.560742,4.8292494937570245,67491.5642295723,-0.01674554291190905,0.9621758608540948
published_vector_plot_digitization,2,8,left,figure2_mg_si_o_1_1_3,false,gas_mixing_ratio,H2,2,non_convective,26,64.732716,339.564327,4.824934519808247,66824.31564705765,-0.016047852501786846,0.9637228304966183
published_vector_plot_digitization,2,8,left,figure2_mg_si_o_1_1_3,false,gas_mixing_ratio,H2,2,non_convective,27,64.833102,339.564327,4.8206195028752195,66163.65720220916,-0.016047852501786846,0.9637228304966183
published_vector_plot_digitization,2,8,left,figure2_mg_si_o_1_1_3,false,gas_mixing_ratio,H2,2,non_convective,28,64.937073,339.567912,4.816150387405495,65486.29006025817,-0.015350162091664649,0.9652722873300726
published_vector_plot_digitization,2,8,left,figure2_mg_si_o_1_1_3,false,gas_mixing_ratio,H2,2,non_convective,29,65.037458,339.571497,4.811835413456717,64838.86641975371,-0.014652471681531384,0.9668242353533447
published_vector_plot_digitization,2,8,left,figure2_mg_si_o_1_1_3,false,gas_mixing_ratio,H2,2,non_convective,30,65.137844,339.571497,4.80752039652369,64197.837114180875,-0.014652471681531384,0.9668242353533447
published_vector_plot_digitization,2,8,left,figure2_mg_si_o_1_1_3,false,gas_mixing_ratio,H2,2,non_convective,31,65.241814,339.575083,4.803051324038215,63540.601840526644,-0.013954586657627213,0.9683791125165856
published_vector_plot_digitization,2,8,left,figure2_mg_si_o_1_1_3,false,gas_mixing_ratio,H2,2,non_convective,32,65.3422,339.578668,4.798736307105187,62912.40782476724,-0.013256896247505012,0.9699360556394231
published_vector_plot_digitization,2,8,left,figure2_mg_si_o_1_1_3,false,gas_mixing_ratio,H2,2,non_convective,33,65.442585,339.578668,4.794421333156411,62290.43061290618,-0.013256896247505012,0.9699360556394231
published_vector_plot_digitization,2,8,left,figure2_mg_si_o_1_1_3,false,gas_mixing_ratio,H2,2,non_convective,34,65.546556,339.582253,4.789952217686686,61652.716605861366,-0.01255920583738281,0.9714955019883799
published_vector_plot_digitization,2,8,left,figure2_mg_si_o_1_1_3,false,gas_mixing_ratio,H2,2,non_convective,35,65.646941,339.585838,4.785637243737908,61043.19320492924,-0.011861515427249546,0.9730574555881242
published_vector_plot_digitization,2,8,left,figure2_mg_si_o_1_1_3,false,gas_mixing_ratio,H2,2,non_convective,36,65.747327,339.585838,4.781322226804881,60439.68981397262,-0.011861515427249546,0.9730574555881242
published_vector_plot_digitization,2,8,left,figure2_mg_si_o_1_1_3,false,gas_mixing_ratio,H2,2,non_convective,37,65.851298,339.589423,4.776853111335155,59820.923233029505,-0.011163825017127347,0.9746219204697206
published_vector_plot_digitization,2,8,left,figure2_mg_si_o_1_1_3,false,gas_mixing_ratio,H2,2,non_convective,38,65.951683,339.589423,4.772538137386379,59229.50967360783,-0.011163825017127347,0.9746219204697206
published_vector_plot_digitization,2,8,left,figure2_mg_si_o_1_1_3,false,gas_mixing_ratio,H2,2,non_convective,39,66.052069,339.593009,4.768223120453351,58643.93726076371,-0.010465939993223174,0.9761893381155748
published_vector_plot_digitization,2,8,left,figure2_mg_si_o_1_1_3,false,gas_mixing_ratio,H2,2,non_convective,40,66.156039,339.593009,4.763754047967876,58043.560894731505,-0.010465939993223174,0.9761893381155748
published_vector_plot_digitization,2,8,left,figure2_mg_si_o_1_1_3,false,gas_mixing_ratio,H2,2,non_convective,41,66.256425,339.596594,4.759439031034849,57469.71336179579,-0.009768249583100973,0.9777588383835191
published_vector_plot_digitization,2,8,left,figure2_mg_si_o_1_1_3,false,gas_mixing_ratio,H2,2,non_convective,42,66.35681,339.596594,4.755124057086071,56901.54480301494,-0.009768249583100973,0.9777588383835191
published_vector_plot_digitization,2,8,left,figure2_mg_si_o_1_1_3,false,gas_mixing_ratio,H2,2,non_convective,43,66.460781,339.600179,4.750654941616347,56319.00087473693,-0.00907055917296771,0.9793308620667673
published_vector_plot_digitization,2,8,left,figure2_mg_si_o_1_1_3,false,gas_mixing_ratio,H2,2,non_convective,44,66.561166,339.600179,4.746339967667569,55762.2087195798,-0.00907055917296771,0.9793308620667673
published_vector_plot_digitization,2,8,left,figure2_mg_si_o_1_1_3,false,gas_mixing_ratio,H2,2,non_convective,45,66.661552,339.603764,4.742024950734542,55210.91576974158,-0.00837286876284551,0.980905413222373
published_vector_plot_digitization,2,8,left,figure2_mg_si_o_1_1_3,false,gas_mixing_ratio,H2,2,non_convective,46,66.765522,339.603764,4.737555878249067,54645.68549149879,-0.00837286876284551,0.980905413222373
published_vector_plot_digitization,2,8,left,figure2_mg_si_o_1_1_3,false,gas_mixing_ratio,H2,3,convective,0,66.865908,339.607349,4.733240861316039,54105.43104601862,-0.007675178352723308,0.9824824959139873
published_vector_plot_digitization,2,8,left,figure2_mg_si_o_1_1_3,false,gas_mixing_ratio,H2,3,convective,1,84.838494,339.646787,3.960702729302693,9134.877532088127,0.0,1.0
published_vector_plot_digitization,2,8,left,figure2_mg_si_o_1_1_3,false,gas_mixing_ratio,H2,3,convective,2,87.072071,339.646787,3.864694096861709,7323.085367306689,0.0,1.0
published_vector_plot_digitization,2,8,left,figure2_mg_si_o_1_1_3,false,gas_mixing_ratio,H2,4,non_convective,0,87.176042,339.646787,3.8602249813919842,7248.113432331032,0.0,1.0
published_vector_plot_digitization,2,8,left,figure2_mg_si_o_1_1_3,false,gas_mixing_ratio,H2,4,non_convective,1,246.702911,339.646787,-2.996917857329051,0.0010071221384128554,0.0,1.0
published_vector_plot_digitization,2,8,left,figure2_mg_si_o_1_1_3,false,gas_mixing_ratio,SiH3,0,non_convective,0,56.407892,330.038462,5.182770836869124,152324.87726607325,-1.8699124713701571,0.013492347828272551
published_vector_plot_digitization,2,8,left,figure2_mg_si_o_1_1_3,false,gas_mixing_ratio,SiH3,0,non_convective,1,56.508277,329.99544,5.178455862920346,150818.93264028593,-1.8782851455192209,0.01323472295250548
published_vector_plot_digitization,2,8,left,figure2_mg_si_o_1_1_3,false,gas_mixing_ratio,SiH3,0,non_convective,2,56.608663,329.948832,5.174140845987319,149327.86160533357,-1.8873557046921885,0.012961172638292025
published_vector_plot_digitization,2,8,left,figure2_mg_si_o_1_1_3,false,gas_mixing_ratio,SiH3,0,non_convective,3,56.712634,329.90581,5.169671730517594,147799.07992810366,-1.895728378841252,0.01271369009980169
published_vector_plot_digitization,2,8,left,figure2_mg_si_o_1_1_3,false,gas_mixing_ratio,SiH3,0,non_convective,4,56.813019,329.862787,5.1653567565688165,146337.87914390574,-1.9041012476040864,0.012470927440927489
published_vector_plot_digitization,2,8,left,figure2_mg_si_o_1_1_3,false,gas_mixing_ratio,SiH3,0,non_convective,5,56.913405,329.82335,5.16104173963579,144891.11003416663,-1.9117762313430278,0.01225247340903803
published_vector_plot_digitization,2,8,left,figure2_mg_si_o_1_1_3,false,gas_mixing_ratio,SiH3,0,non_convective,6,57.01379,329.780328,5.156726765687012,143458.6586027489,-1.9201489054920913,0.012018522877965277
published_vector_plot_digitization,2,8,left,figure2_mg_si_o_1_1_3,false,gas_mixing_ratio,SiH3,0,non_convective,7,57.117761,329.740891,5.152257650217287,141989.96437278966,-1.9278238892310327,0.011807993645678127
published_vector_plot_digitization,2,8,left,figure2_mg_si_o_1_1_3,false,gas_mixing_ratio,SiH3,0,non_convective,8,57.318532,329.662016,5.143627659335483,139196.28973125524,-1.943174051322686,0.011397929035142983
published_vector_plot_digitization,2,8,left,figure2_mg_si_o_1_1_3,false,gas_mixing_ratio,SiH3,0,non_convective,9,57.422502,329.626164,5.139158586850008,137771.2462144392,-1.9501513446514942,0.011216275170136509
published_vector_plot_digitization,2,8,left,figure2_mg_si_o_1_1_3,false,gas_mixing_ratio,SiH3,0,non_convective,10,57.623273,329.554461,5.130528595968203,135060.57550906873,-1.9641057366953396,0.010861611462246288
published_vector_plot_digitization,2,8,left,figure2_mg_si_o_1_1_3,false,gas_mixing_ratio,SiH3,0,non_convective,11,57.727244,329.518609,5.126059480498478,133677.85877466522,-1.9710830300241475,0.010688505128961343
published_vector_plot_digitization,2,8,left,figure2_mg_si_o_1_1_3,false,gas_mixing_ratio,SiH3,1,convective,0,57.82763,329.486342,5.1217444635654505,132356.25292754816,-1.9773626329428444,0.010535068579579115
published_vector_plot_digitization,2,8,left,figure2_mg_si_o_1_1_3,false,gas_mixing_ratio,SiH3,1,convective,1,57.928015,329.472001,5.117429489616673,131047.72610407056,-1.9801535891971265,0.010467582942150505
published_vector_plot_digitization,2,8,left,figure2_mg_si_o_1_1_3,false,gas_mixing_ratio,SiH3,1,convective,2,58.031986,329.454075,5.112960374146948,129706.09192839313,-1.9836422358615304,0.01038383465576567
published_vector_plot_digitization,2,8,left,figure2_mg_si_o_1_1_3,false,gas_mixing_ratio,SiH3,1,convective,3,58.232757,329.425394,5.104330383265144,127154.10438847424,-1.9892239537563121,0.010251231620219155
published_vector_plot_digitization,2,8,left,figure2_mg_si_o_1_1_3,false,gas_mixing_ratio,SiH3,1,convective,4,58.336727,329.411053,5.099861310779669,125852.34460417838,-1.992014910010594,0.010185564188147592
published_vector_plot_digitization,2,8,left,figure2_mg_si_o_1_1_3,false,gas_mixing_ratio,SiH3,1,convective,5,58.537498,329.382371,5.091231319897864,123376.18014247532,-1.9975968225191578,0.010055488588469321
published_vector_plot_digitization,2,8,left,figure2_mg_si_o_1_1_3,false,gas_mixing_ratio,SiH3,1,convective,6,58.641469,329.36803,5.0867622044281395,122113.08535506764,-2.0003877787734394,0.009991075048877918
published_vector_plot_digitization,2,8,left,figure2_mg_si_o_1_1_3,false,gas_mixing_ratio,SiH3,1,convective,7,58.741854,329.357275,5.082447230479363,120905.82658073418,-2.002480850003806,0.009943039163161757
published_vector_plot_digitization,2,8,left,figure2_mg_si_o_1_1_3,false,gas_mixing_ratio,SiH3,1,convective,8,58.84224,329.342934,5.078132213546335,119710.49140088986,-2.005271806258088,0.00987934595311429
published_vector_plot_digitization,2,8,left,figure2_mg_si_o_1_1_3,false,gas_mixing_ratio,SiH3,1,convective,9,58.946211,329.328593,5.07366309807661,118484.92502728441,-2.00806276251237,0.009816060749606833
published_vector_plot_digitization,2,8,left,figure2_mg_si_o_1_1_3,false,gas_mixing_ratio,SiH3,1,convective,10,59.046596,329.317838,5.069348124127833,117313.53569624336,-2.0101558337427474,0.009768866311566208
published_vector_plot_digitization,2,8,left,figure2_mg_si_o_1_1_3,false,gas_mixing_ratio,SiH3,1,convective,11,59.146982,329.303497,5.065033107194806,116153.71569206842,-2.0129467899970295,0.009706288819544105
published_vector_plot_digitization,2,8,left,figure2_mg_si_o_1_1_3,false,gas_mixing_ratio,SiH3,1,convective,12,59.250952,329.292741,5.060564034709331,114964.5740862063,-2.015040055841189,0.009659617823105947
published_vector_plot_digitization,2,8,left,figure2_mg_si_o_1_1_3,false,gas_mixing_ratio,SiH3,1,convective,13,59.351338,329.281986,5.056249017776303,113827.97708565315,-2.0171331270715553,0.009613175543817432
published_vector_plot_digitization,2,8,left,figure2_mg_si_o_1_1_3,false,gas_mixing_ratio,SiH3,1,convective,14,59.451723,329.267645,5.051934043827526,112702.62820349415,-2.0199240833258374,0.00955159537712111
published_vector_plot_digitization,2,8,left,figure2_mg_si_o_1_1_3,false,gas_mixing_ratio,SiH3,1,convective,15,59.555694,329.256889,5.047464928357801,111548.80659833027,-2.022017349169997,0.009505668197113161
published_vector_plot_digitization,2,8,left,figure2_mg_si_o_1_1_3,false,gas_mixing_ratio,SiH3,1,convective,16,59.656079,329.246134,5.0431499544090235,110445.99050666642,-2.024110420400375,0.009459966089087652
published_vector_plot_digitization,2,8,left,figure2_mg_si_o_1_1_3,false,gas_mixing_ratio,SiH3,1,convective,17,59.756465,329.231793,5.038834937475996,109354.06647240813,-2.0269013766546564,0.009399367352899783
published_vector_plot_digitization,2,8,left,figure2_mg_si_o_1_1_3,false,gas_mixing_ratio,SiH3,1,convective,18,59.860436,329.221037,5.034365822006271,108234.52661322603,-2.0289946424988052,0.009354172134788964
published_vector_plot_digitization,2,8,left,figure2_mg_si_o_1_1_3,false,gas_mixing_ratio,SiH3,1,convective,19,60.061206,329.199526,5.025735874108717,106105.00596341753,-2.033180979573342,0.009264436745148602
published_vector_plot_digitization,2,8,left,figure2_mg_si_o_1_1_3,false,gas_mixing_ratio,SiH3,1,convective,20,60.165177,329.188771,5.021266758638992,105018.72918133945,-2.03527405080372,0.00921989444889521
published_vector_plot_digitization,2,8,left,figure2_mg_si_o_1_1_3,false,gas_mixing_ratio,SiH3,1,convective,21,60.365948,329.167259,5.012636767757187,102952.46934462429,-2.039460582492028,0.009131443104878801
published_vector_plot_digitization,2,8,left,figure2_mg_si_o_1_1_3,false,gas_mixing_ratio,SiH3,1,convective,22,60.466334,329.152919,5.00832175082416,101934.62999031246,-2.042251344132528,0.009072952889912911
published_vector_plot_digitization,2,8,left,figure2_mg_si_o_1_1_3,false,gas_mixing_ratio,SiH3,1,convective,23,60.570304,329.142163,5.003852678338685,100891.05847064631,-2.0443446099766875,0.009029327178801155
published_vector_plot_digitization,2,8,left,figure2_mg_si_o_1_1_3,false,gas_mixing_ratio,SiH3,1,convective,24,60.771075,329.120652,4.99522268745688,98906.01119739651,-2.048530947051214,0.008942708055173465
published_vector_plot_digitization,2,8,left,figure2_mg_si_o_1_1_3,false,gas_mixing_ratio,SiH3,1,convective,25,60.875046,329.109896,4.990753571987156,97893.4359414401,-2.0506242128953738,0.008899708603627144
published_vector_plot_digitization,2,8,left,figure2_mg_si_o_1_1_3,false,gas_mixing_ratio,SiH3,1,convective,26,61.075817,329.088385,4.982123581105351,95967.36735785846,-2.0548105499698996,0.008814332922303094
published_vector_plot_digitization,2,8,left,figure2_mg_si_o_1_1_3,false,gas_mixing_ratio,SiH3,1,convective,27,61.179788,329.07763,4.977654465635626,94984.8772099955,-2.0569036212002776,0.008771954671028741
published_vector_plot_digitization,2,8,left,figure2_mg_si_o_1_1_3,false,gas_mixing_ratio,SiH3,1,convective,28,61.380558,329.056118,4.969024517738071,93116.04418815352,-2.061090152888586,0.00868780065119649
published_vector_plot_digitization,2,8,left,figure2_mg_si_o_1_1_3,false,gas_mixing_ratio,SiH3,1,convective,29,61.484529,329.045363,4.9645554022683465,92162.74518098489,-2.0631832241189634,0.008646030751844695
published_vector_plot_digitization,2,8,left,figure2_mg_si_o_1_1_3,false,gas_mixing_ratio,SiH3,1,convective,30,61.584915,329.034607,4.960240385335319,91251.57841010725,-2.065276489963123,0.008604457821353377
published_vector_plot_digitization,2,8,left,figure2_mg_si_o_1_1_3,false,gas_mixing_ratio,SiH3,2,non_convective,0,61.6853,329.023852,4.955925411386542,90349.42882976493,-2.067369561193501,0.00856308862429137
published_vector_plot_digitization,2,8,left,figure2_mg_si_o_1_1_3,false,gas_mixing_ratio,SiH3,2,non_convective,1,61.789271,328.980829,4.951456295916817,89424.45374568975,-2.075742429956335,0.008399579985470548
published_vector_plot_digitization,2,8,left,figure2_mg_si_o_1_1_3,false,gas_mixing_ratio,SiH3,2,non_convective,2,61.889656,328.909125,4.94714132196804,88540.36785014014,-2.0896970166139623,0.008133977811842042
published_vector_plot_digitization,2,8,left,figure2_mg_si_o_1_1_3,false,gas_mixing_ratio,SiH3,2,non_convective,3,61.990042,328.833836,4.9428263050350125,87665.01370451543,-2.104349293681712,0.007864130402347631
published_vector_plot_digitization,2,8,left,figure2_mg_si_o_1_1_3,false,gas_mixing_ratio,SiH3,2,non_convective,4,62.094012,328.762132,4.938357232549538,86767.52958570448,-2.118303880339339,0.007615459619740104
published_vector_plot_digitization,2,8,left,figure2_mg_si_o_1_1_3,false,gas_mixing_ratio,SiH3,2,non_convective,5,62.294783,328.611554,4.929727241667733,85060.36494077378,-2.147608434474838,0.007118550421228996
published_vector_plot_digitization,2,8,left,figure2_mg_si_o_1_1_3,false,gas_mixing_ratio,SiH3,2,non_convective,6,62.398754,328.536265,4.925258126198008,84189.53798335287,-2.162260711542587,0.0068823901519291086
published_vector_plot_digitization,2,8,left,figure2_mg_si_o_1_1_3,false,gas_mixing_ratio,SiH3,2,non_convective,7,62.49914,328.460976,4.9209431092649805,83357.19830732292,-2.1769129886103364,0.006654064577826353
published_vector_plot_digitization,2,8,left,figure2_mg_si_o_1_1_3,false,gas_mixing_ratio,SiH3,2,non_convective,8,62.599525,328.382102,4.916628135316203,82533.09572431326,-2.192262956088219,0.00642298701331531
published_vector_plot_digitization,2,8,left,figure2_mg_si_o_1_1_3,false,gas_mixing_ratio,SiH3,2,non_convective,9,62.703496,328.303227,4.912159019846478,81688.1423234411,-2.207613118179873,0.006199931365834378
published_vector_plot_digitization,2,8,left,figure2_mg_si_o_1_1_3,false,gas_mixing_ratio,SiH3,2,non_convective,10,62.904267,328.145479,4.903529028964674,80080.91541320753,-2.238313053135616,0.005776794877270303
published_vector_plot_digitization,2,8,left,figure2_mg_si_o_1_1_3,false,gas_mixing_ratio,SiH3,2,non_convective,11,63.008237,328.066604,4.899059956479199,79261.07467211729,-2.253663215227281,0.00557618000461935
published_vector_plot_digitization,2,8,left,figure2_mg_si_o_1_1_3,false,gas_mixing_ratio,SiH3,2,non_convective,12,63.209008,327.901685,4.890429965597394,77701.60069555562,-2.285758725617061,0.005178944708014381
published_vector_plot_digitization,2,8,left,figure2_mg_si_o_1_1_3,false,gas_mixing_ratio,SiH3,2,non_convective,13,63.312979,327.819226,4.8859608501276695,76906.11094462921,-2.3018063835050553,0.004991069489564796
published_vector_plot_digitization,2,8,left,figure2_mg_si_o_1_1_3,false,gas_mixing_ratio,SiH3,2,non_convective,14,63.51375,327.654307,4.877330859245864,75392.97124581934,-2.333901893894836,0.004635516231344851
published_vector_plot_digitization,2,8,left,figure2_mg_si_o_1_1_3,false,gas_mixing_ratio,SiH3,2,non_convective,15,63.617721,327.568262,4.87286174377614,74621.11667163979,-2.350647436806745,0.004460181820397363
published_vector_plot_digitization,2,8,left,figure2_mg_si_o_1_1_3,false,gas_mixing_ratio,SiH3,2,non_convective,16,63.918877,327.310128,4.859916778945558,72429.71543774223,-2.400883870928679,0.003972977715264968
published_vector_plot_digitization,2,8,left,figure2_mg_si_o_1_1_3,false,gas_mixing_ratio,SiH3,2,non_convective,17,64.022848,327.220498,4.855447663475833,71688.19794289689,-2.4183271042507104,0.0038165670431155175
published_vector_plot_digitization,2,8,left,figure2_mg_si_o_1_1_3,false,gas_mixing_ratio,SiH3,2,non_convective,18,64.223619,327.041238,4.846817672594028,70277.72149426154,-2.4532135708947727,0.003521976299256665
published_vector_plot_digitization,2,8,left,figure2_mg_si_o_1_1_3,false,gas_mixing_ratio,SiH3,2,non_convective,19,64.327589,326.951608,4.842348600108553,69558.24246514836,-2.4706568042168042,0.003383320932994579
published_vector_plot_digitization,2,8,left,figure2_mg_si_o_1_1_3,false,gas_mixing_ratio,SiH3,2,non_convective,20,64.52836,326.765178,4.833718609226748,68189.6732219417,-2.5069386516811223,0.0031121559283461444
published_vector_plot_digitization,2,8,left,figure2_mg_si_o_1_1_3,false,gas_mixing_ratio,SiH3,2,non_convective,21,64.632331,326.671963,4.8292494937570245,67491.5642295723,-2.525079575413275,0.002984835659878247
published_vector_plot_digitization,2,8,left,figure2_mg_si_o_1_1_3,false,gas_mixing_ratio,SiH3,2,non_convective,22,64.732716,326.578748,4.824934519808247,66824.31564705765,-2.543220499145429,0.0028627241441643715
published_vector_plot_digitization,2,8,left,figure2_mg_si_o_1_1_3,false,gas_mixing_ratio,SiH3,2,non_convective,23,64.833102,326.481948,4.8206195028752195,66163.65720220916,-2.5620591132877153,0.0027412010324094943
published_vector_plot_digitization,2,8,left,figure2_mg_si_o_1_1_3,false,gas_mixing_ratio,SiH3,2,non_convective,24,64.937073,326.385148,4.816150387405495,65486.29006025817,-2.580897727429991,0.002624836596778154
published_vector_plot_digitization,2,8,left,figure2_mg_si_o_1_1_3,false,gas_mixing_ratio,SiH3,2,non_convective,25,65.137844,326.191547,4.80752039652369,64197.837114180875,-2.618575150328336,0.002406716024813191
published_vector_plot_digitization,2,8,left,figure2_mg_si_o_1_1_3,false,gas_mixing_ratio,SiH3,2,non_convective,26,65.241814,326.091161,4.803051324038215,63540.601840526644,-2.6381116494945265,0.0023008502331267745
published_vector_plot_digitization,2,8,left,figure2_mg_si_o_1_1_3,false,gas_mixing_ratio,SiH3,2,non_convective,27,65.3422,325.990776,4.798736307105187,62912.40782476724,-2.657647954046935,0.002199642214943563
published_vector_plot_digitization,2,8,left,figure2_mg_si_o_1_1_3,false,gas_mixing_ratio,SiH3,2,non_convective,28,65.442585,325.886805,4.794421333156411,62290.43061290618,-2.6778821436232483,0.002099509559335402
published_vector_plot_digitization,2,8,left,figure2_mg_si_o_1_1_3,false,gas_mixing_ratio,SiH3,2,non_convective,29,65.546556,325.78642,4.789952217686686,61652.716605861366,-2.6974184481756467,0.0020071579587846037
published_vector_plot_digitization,2,8,left,figure2_mg_si_o_1_1_3,false,gas_mixing_ratio,SiH3,2,non_convective,30,65.646941,325.682449,4.785637243737908,61043.19320492924,-2.7176526377519594,0.0019157876189753586
published_vector_plot_digitization,2,8,left,figure2_mg_si_o_1_1_3,false,gas_mixing_ratio,SiH3,2,non_convective,31,65.747327,325.574893,4.781322226804881,60439.68981397262,-2.738584517738406,0.001825641427729583
published_vector_plot_digitization,2,8,left,figure2_mg_si_o_1_1_3,false,gas_mixing_ratio,SiH3,2,non_convective,32,65.851298,325.470923,4.776853111335155,59820.923233029505,-2.7588185127009255,0.0017425349090866345
published_vector_plot_digitization,2,8,left,figure2_mg_si_o_1_1_3,false,gas_mixing_ratio,SiH3,2,non_convective,33,65.951683,325.363367,4.772538137386379,59229.50967360783,-2.7797503926873723,0.001660541016020877
published_vector_plot_digitization,2,8,left,figure2_mg_si_o_1_1_3,false,gas_mixing_ratio,SiH3,2,non_convective,34,66.052069,325.252226,4.768223120453351,58643.93726076371,-2.80137996308393,0.001579865214581124
published_vector_plot_digitization,2,8,left,figure2_mg_si_o_1_1_3,false,gas_mixing_ratio,SiH3,2,non_convective,35,66.156039,325.14467,4.763754047967876,58043.560894731505,-2.822311843070365,0.0015055256425087896
published_vector_plot_digitization,2,8,left,figure2_mg_si_o_1_1_3,false,gas_mixing_ratio,SiH3,2,non_convective,36,66.256425,325.029944,4.759439031034849,57469.71336179579,-2.8446391038770558,0.0014300818543629685
published_vector_plot_digitization,2,8,left,figure2_mg_si_o_1_1_3,false,gas_mixing_ratio,SiH3,2,non_convective,37,66.35681,324.918802,4.755124057086071,56901.54480301494,-2.8662688688873947,0.0013606020817744163
published_vector_plot_digitization,2,8,left,figure2_mg_si_o_1_1_3,false,gas_mixing_ratio,SiH3,2,non_convective,38,66.460781,324.804076,4.750654941616347,56319.00087473693,-2.8885961296940863,0.0012924205959797916
published_vector_plot_digitization,2,8,left,figure2_mg_si_o_1_1_3,false,gas_mixing_ratio,SiH3,2,non_convective,39,66.561166,324.68935,4.746339967667569,55762.2087195798,-2.910923390500777,0.001227655770403049
published_vector_plot_digitization,2,8,left,figure2_mg_si_o_1_1_3,false,gas_mixing_ratio,SiH3,2,non_convective,40,66.661552,324.571039,4.742024950734542,55210.91576974158,-2.93394834171759,0.001164264507632981
published_vector_plot_digitization,2,8,left,figure2_mg_si_o_1_1_3,false,gas_mixing_ratio,SiH3,2,non_convective,41,66.765522,324.452727,4.737555878249067,54645.68549149879,-2.9569734875481846,0.001104146022841622
published_vector_plot_digitization,2,8,left,figure2_mg_si_o_1_1_3,false,gas_mixing_ratio,SiH3,3,convective,0,66.865908,324.334416,4.733240861316039,54105.43104601862,-2.9799984387649974,0.0010471323123554166
published_vector_plot_digitization,2,8,left,figure2_mg_si_o_1_1_3,false,gas_mixing_ratio,SiH3,3,convective,1,70.01371,322.240661,4.597934952804717,39621.868548295744,-3.387472018862838,0.00040975850927331246
published_vector_plot_digitization,2,8,left,figure2_mg_si_o_1_1_3,false,gas_mixing_ratio,SiH3,3,convective,2,73.161512,319.874432,4.4626290442933945,29015.432220162413,-3.847972794723113,0.00014191464177345473
published_vector_plot_digitization,2,8,left,figure2_mg_si_o_1_1_3,false,gas_mixing_ratio,SiH3,3,convective,3,76.309313,317.221387,4.327323178766322,21248.250551917885,-4.3642919172138965,4.322232083949361e-05
published_vector_plot_digitization,2,8,left,figure2_mg_si_o_1_1_3,false,gas_mixing_ratio,SiH3,3,convective,4,79.457115,314.195482,4.192017270255,15560.275077252021,-4.9531747346332935,1.1138462969896902e-05
published_vector_plot_digitization,2,8,left,figure2_mg_si_o_1_1_3,false,gas_mixing_ratio,SiH3,3,convective,5,82.504532,310.954465,4.061026335692454,11508.701757948695,-5.583921312025573,2.606625790682838e-06
published_vector_plot_digitization,2,8,left,figure2_mg_si_o_1_1_3,false,gas_mixing_ratio,SiH3,3,convective,6,85.548363,307.380025,3.9301895426508566,8515.095883289985,-6.279556600607546,5.253435438245667e-07
published_vector_plot_digitization,2,8,left,figure2_mg_si_o_1_1_3,false,gas_mixing_ratio,SiH3,3,convective,7,87.072071,305.45836,3.864694096861709,7323.085367306689,-6.653539094881569,2.2205517819552154e-07
published_vector_plot_digitization,2,8,left,figure2_mg_si_o_1_1_3,false,gas_mixing_ratio,SiH3,4,non_convective,0,87.176042,305.329293,3.8602249813919842,7248.113432331032,-6.678657311942541,2.0957655059413798e-07
published_vector_plot_digitization,2,8,left,figure2_mg_si_o_1_1_3,false,gas_mixing_ratio,SiH3,4,non_convective,1,92.45345,298.67517,3.6333795559094018,4299.119884144556,-7.973641357937136,1.0625726716085396e-08
published_vector_plot_digitization,2,8,left,figure2_mg_si_o_1_1_3,false,gas_mixing_ratio,SiH3,4,non_convective,2,94.891383,295.954006,3.5285868340499156,3377.433712430578,-8.503217376675414,3.1389371737504426e-09
published_vector_plot_digitization,2,8,left,figure2_mg_si_o_1_1_3,false,gas_mixing_ratio,SiH3,4,non_convective,3,96.924189,294.007245,3.4412081924907367,2761.9015418378413,-8.882083898434095,1.311946428417806e-09
published_vector_plot_digitization,2,8,left,figure2_mg_si_o_1_1_3,false,gas_mixing_ratio,SiH3,4,non_convective,4,98.749054,292.558826,3.362767738886757,2305.513867889755,-9.163966198613313,6.855415804677033e-10
published_vector_plot_digitization,2,8,left,figure2_mg_si_o_1_1_3,false,gas_mixing_ratio,SiH3,4,non_convective,5,100.477118,291.472512,3.2884882036791065,1943.068913410393,-9.375377875094284,4.213297492814503e-10
published_vector_plot_digitization,2,8,left,figure2_mg_si_o_1_1_3,false,gas_mixing_ratio,SiH3,4,non_convective,6,102.201597,290.644331,3.2143627670081543,1638.1843285730572,-9.53655331206709,2.907011085734948e-10
published_vector_plot_digitization,2,8,left,figure2_mg_si_o_1_1_3,false,gas_mixing_ratio,SiH3,4,non_convective,7,104.134017,289.970315,3.131299142382003,1353.004192659965,-9.667726115266714,2.1491854153753112e-10
published_vector_plot_digitization,2,8,left,figure2_mg_si_o_1_1_3,false,gas_mixing_ratio,SiH3,4,non_convective,8,106.263624,289.475558,3.039759582426494,1095.871373615682,-9.764012646436068,1.7218184357723714e-10
published_vector_plot_digitization,2,8,left,figure2_mg_si_o_1_1_3,false,gas_mixing_ratio,SiH3,4,non_convective,9,108.701557,289.14572,2.9349668605670076,860.9280553881753,-9.828203667215627,1.4852389596529375e-10
published_vector_plot_digitization,2,8,left,figure2_mg_si_o_1_1_3,false,gas_mixing_ratio,SiH3,4,non_convective,10,111.648588,288.984386,2.8082909429374894,643.1184114816382,-9.859601487195286,1.38165149984054e-10
published_vector_plot_digitization,2,8,left,figure2_mg_si_o_1_1_3,false,gas_mixing_ratio,SiH3,4,non_convective,11,115.301902,289.016653,2.6512559801770825,447.97727140950235,-9.853321884276589,1.401774372034771e-10
published_vector_plot_digitization,2,8,left,figure2_mg_si_o_1_1_3,false,gas_mixing_ratio,SiH3,4,non_convective,12,120.278154,289.292713,2.4373555195250827,273.75087722082554,-9.799596803490251,1.5863652814579058e-10
published_vector_plot_digitization,2,8,left,figure2_mg_si_o_1_1_3,false,gas_mixing_ratio,SiH3,4,non_convective,13,127.99708,289.9739,2.1055632736463177,127.51558676370377,-9.667028424856591,2.1526408383691813e-10
published_vector_plot_digitization,2,8,left,figure2_mg_si_o_1_1_3,false,gas_mixing_ratio,SiH3,4,non_convective,14,144.040831,291.662527,1.4159346677224245,26.057615276544958,-9.338398337219843,4.587770270600747e-10
published_vector_plot_digitization,2,8,left,figure2_mg_si_o_1_1_3,false,gas_mixing_ratio,SiH3,4,non_convective,15,170.341827,294.412372,0.2854060771272531,1.9293280441542706,-8.803240600586784,1.5731111142251684e-09
published_vector_plot_digitization,2,8,left,figure2_mg_si_o_1_1_3,false,gas_mixing_ratio,SiH3,4,non_convective,16,229.945706,274.790596,-2.2766219662166254,0.005289054398200612,-12.621908646560616,2.388313609620553e-13
published_vector_plot_digitization,2,8,left,figure2_mg_si_o_1_1_3,false,gas_mixing_ratio,SiH3,4,non_convective,17,246.702911,272.94422,-2.996917857329051,0.0010071221384128554,-12.981238863766901,1.0441457767531166e-13
published_vector_plot_digitization,2,8,left,figure2_mg_si_o_1_1_3,false,gas_mixing_ratio,CH4,0,non_convective,0,56.407892,322.563329,5.182770836869124,152324.87726607325,-3.324676378903521,0.0004735039661688407
published_vector_plot_digitization,2,8,left,figure2_mg_si_o_1_1_3,false,gas_mixing_ratio,CH4,0,non_convective,1,56.508277,322.570499,5.178455862920346,150818.93264028593,-3.323280998083277,0.000475027773070444
published_vector_plot_digitization,2,8,left,figure2_mg_si_o_1_1_3,false,gas_mixing_ratio,CH4,0,non_convective,2,56.608663,322.581255,5.174140845987319,149327.86160533357,-3.321187732239117,0.00047732289694708135
published_vector_plot_digitization,2,8,left,figure2_mg_si_o_1_1_3,false,gas_mixing_ratio,CH4,0,non_convective,3,56.712634,322.588425,5.169671730517594,147799.07992810366,-3.3197923514188727,0.0004788589937416791
published_vector_plot_digitization,2,8,left,figure2_mg_si_o_1_1_3,false,gas_mixing_ratio,CH4,0,non_convective,4,56.813019,322.599181,5.1653567565688165,146337.87914390574,-3.3176990855747133,0.00048117262838029174
published_vector_plot_digitization,2,8,left,figure2_mg_si_o_1_1_3,false,gas_mixing_ratio,CH4,0,non_convective,5,57.01379,322.613522,5.156726765687012,143458.6586027489,-3.314908129320431,0.00048427480026838696
published_vector_plot_digitization,2,8,left,figure2_mg_si_o_1_1_3,false,gas_mixing_ratio,CH4,0,non_convective,6,57.117761,322.620692,5.152257650217287,141989.96437278966,-3.313512748500176,0.0004858332693323278
published_vector_plot_digitization,2,8,left,figure2_mg_si_o_1_1_3,false,gas_mixing_ratio,CH4,0,non_convective,7,57.218146,322.627862,5.14794267626851,140586.19482706152,-3.312117367679931,0.0004873967537838463
published_vector_plot_digitization,2,8,left,figure2_mg_si_o_1_1_3,false,gas_mixing_ratio,CH4,0,non_convective,8,57.318532,322.638618,5.143627659335483,139196.28973125524,-3.310024101835772,0.0004897516390988118
published_vector_plot_digitization,2,8,left,figure2_mg_si_o_1_1_3,false,gas_mixing_ratio,CH4,0,non_convective,9,57.422502,322.645788,5.139158586850008,137771.2462144392,-3.3086287210155274,0.0004913277334529284
published_vector_plot_digitization,2,8,left,figure2_mg_si_o_1_1_3,false,gas_mixing_ratio,CH4,0,non_convective,10,57.522888,322.649374,5.13484356991698,136409.17110169725,-3.307930835991612,0.0004921179021769735
published_vector_plot_digitization,2,8,left,figure2_mg_si_o_1_1_3,false,gas_mixing_ratio,CH4,0,non_convective,11,57.623273,322.656544,5.130528595968203,135060.57550906873,-3.3065354551713675,0.0004937016115211792
published_vector_plot_digitization,2,8,left,figure2_mg_si_o_1_1_3,false,gas_mixing_ratio,CH4,0,non_convective,12,57.727244,322.663714,5.126059480498478,133677.85877466522,-3.305140074351112,0.0004952904174800007
published_vector_plot_digitization,2,8,left,figure2_mg_si_o_1_1_3,false,gas_mixing_ratio,CH4,1,convective,0,57.82763,322.670885,5.1217444635654505,132356.25292754816,-3.3037444989170863,0.0004968845591163557
published_vector_plot_digitization,2,8,left,figure2_mg_si_o_1_1_3,false,gas_mixing_ratio,CH4,1,convective,1,57.928015,322.67447,5.117429489616673,131047.72610407056,-3.3030468085069637,0.0004976834414829428
published_vector_plot_digitization,2,8,left,figure2_mg_si_o_1_1_3,false,gas_mixing_ratio,CH4,1,convective,2,58.031986,322.67447,5.112960374146948,129706.09192839313,-3.3030468085069637,0.0004976834414829428
published_vector_plot_digitization,2,8,left,figure2_mg_si_o_1_1_3,false,gas_mixing_ratio,CH4,1,convective,3,58.132371,322.678055,5.108645400198172,128423.76565590773,-3.3023491180968416,0.0004984836082787272
published_vector_plot_digitization,2,8,left,figure2_mg_si_o_1_1_3,false,gas_mixing_ratio,CH4,1,convective,4,58.232757,322.678055,5.104330383265144,127154.10438847424,-3.3023491180968416,0.0004984836082787272
published_vector_plot_digitization,2,8,left,figure2_mg_si_o_1_1_3,false,gas_mixing_ratio,CH4,1,convective,5,58.336727,322.68164,5.099861310779669,125852.34460417838,-3.3016514276867084,0.0004992850615688051
published_vector_plot_digitization,2,8,left,figure2_mg_si_o_1_1_3,false,gas_mixing_ratio,CH4,1,convective,6,58.437113,322.68164,5.095546293846642,124608.10568513164,-3.3016514276867084,0.0004992850615688051
published_vector_plot_digitization,2,8,left,figure2_mg_si_o_1_1_3,false,gas_mixing_ratio,CH4,1,convective,7,58.537498,322.685226,5.091231319897864,123376.18014247532,-3.3009535426628043,0.000500088027518347
published_vector_plot_digitization,2,8,left,figure2_mg_si_o_1_1_3,false,gas_mixing_ratio,CH4,1,convective,8,58.641469,322.688811,5.0867622044281395,122113.08535506764,-3.3002558522526817,0.000500892060365808
published_vector_plot_digitization,2,8,left,figure2_mg_si_o_1_1_3,false,gas_mixing_ratio,CH4,1,convective,9,58.741854,322.688811,5.082447230479363,120905.82658073418,-3.3002558522526817,0.000500892060365808
published_vector_plot_digitization,2,8,left,figure2_mg_si_o_1_1_3,false,gas_mixing_ratio,CH4,1,convective,10,58.84224,322.692396,5.078132213546335,119710.49140088986,-3.2995581618425596,0.0005016973859233199
published_vector_plot_digitization,2,8,left,figure2_mg_si_o_1_1_3,false,gas_mixing_ratio,CH4,1,convective,11,58.946211,322.692396,5.07366309807661,118484.92502728441,-3.2995581618425596,0.0005016973859233199
published_vector_plot_digitization,2,8,left,figure2_mg_si_o_1_1_3,false,gas_mixing_ratio,CH4,1,convective,12,59.046596,322.695981,5.069348124127833,117313.53569624336,-3.2988604714324263,0.0005025040062692931
published_vector_plot_digitization,2,8,left,figure2_mg_si_o_1_1_3,false,gas_mixing_ratio,CH4,1,convective,13,59.146982,322.695981,5.065033107194806,116153.71569206842,-3.2988604714324263,0.0005025040062692931
published_vector_plot_digitization,2,8,left,figure2_mg_si_o_1_1_3,false,gas_mixing_ratio,CH4,1,convective,14,59.250952,322.699566,5.060564034709331,114964.5740862063,-3.298162781022304,0.00050331192348544
published_vector_plot_digitization,2,8,left,figure2_mg_si_o_1_1_3,false,gas_mixing_ratio,CH4,1,convective,15,59.351338,322.699566,5.056249017776303,113827.97708565315,-3.298162781022304,0.00050331192348544
published_vector_plot_digitization,2,8,left,figure2_mg_si_o_1_1_3,false,gas_mixing_ratio,CH4,1,convective,16,59.451723,322.703152,5.051934043827526,112702.62820349415,-3.2974648959984005,0.0005041213655610493
published_vector_plot_digitization,2,8,left,figure2_mg_si_o_1_1_3,false,gas_mixing_ratio,CH4,1,convective,17,59.555694,322.703152,5.047464928357801,111548.80659833027,-3.2974648959984005,0.0005041213655610493
published_vector_plot_digitization,2,8,left,figure2_mg_si_o_1_1_3,false,gas_mixing_ratio,CH4,1,convective,18,59.656079,322.706737,5.0431499544090235,110445.99050666642,-3.296767205588278,0.0005049318831393833
published_vector_plot_digitization,2,8,left,figure2_mg_si_o_1_1_3,false,gas_mixing_ratio,CH4,1,convective,19,59.860436,322.706737,5.034365822006271,108234.52661322603,-3.296767205588278,0.0005049318831393833
published_vector_plot_digitization,2,8,left,figure2_mg_si_o_1_1_3,false,gas_mixing_ratio,CH4,1,convective,20,59.960821,322.710322,5.030050848057494,107164.47681831884,-3.2960695151781447,0.0005057437038538189
published_vector_plot_digitization,2,8,left,figure2_mg_si_o_1_1_3,false,gas_mixing_ratio,CH4,1,convective,21,60.061206,322.710322,5.025735874108717,106105.00596341753,-3.2960695151781447,0.0005057437038538189
published_vector_plot_digitization,2,8,left,figure2_mg_si_o_1_1_3,false,gas_mixing_ratio,CH4,1,convective,22,60.165177,322.713907,5.021266758638992,105018.72918133945,-3.2953718247680226,0.0005065568297994903
published_vector_plot_digitization,2,8,left,figure2_mg_si_o_1_1_3,false,gas_mixing_ratio,CH4,1,convective,23,60.265563,322.713907,5.016951741705965,103980.4617538456,-3.2953718247680226,0.0005065568297994903
published_vector_plot_digitization,2,8,left,figure2_mg_si_o_1_1_3,false,gas_mixing_ratio,CH4,1,convective,24,60.365948,322.717492,5.012636767757187,102952.46934462429,-3.2946741343579005,0.0005073712630749386
published_vector_plot_digitization,2,8,left,figure2_mg_si_o_1_1_3,false,gas_mixing_ratio,CH4,1,convective,25,60.570304,322.717492,5.003852678338685,100891.05847064631,-3.2946741343579005,0.0005073712630749386
published_vector_plot_digitization,2,8,left,figure2_mg_si_o_1_1_3,false,gas_mixing_ratio,CH4,1,convective,26,60.67069,322.721078,4.9995376614056575,99893.59925025742,-3.293976249333996,0.0005081872335082326
published_vector_plot_digitization,2,8,left,figure2_mg_si_o_1_1_3,false,gas_mixing_ratio,CH4,1,convective,27,60.771075,322.721078,4.99522268745688,98906.01119739651,-3.293976249333996,0.0005081872335082326
published_vector_plot_digitization,2,8,left,figure2_mg_si_o_1_1_3,false,gas_mixing_ratio,CH4,1,convective,28,60.875046,322.724663,4.990753571987156,97893.4359414401,-3.2932785589238627,0.0005090042881184676
published_vector_plot_digitization,2,8,left,figure2_mg_si_o_1_1_3,false,gas_mixing_ratio,CH4,1,convective,29,61.075817,322.724663,4.982123581105351,95967.36735785846,-3.2932785589238627,0.0005090042881184676
published_vector_plot_digitization,2,8,left,figure2_mg_si_o_1_1_3,false,gas_mixing_ratio,CH4,1,convective,30,61.179788,322.728248,4.977654465635626,94984.8772099955,-3.2925808685137405,0.0005098226563749052
published_vector_plot_digitization,2,8,left,figure2_mg_si_o_1_1_3,false,gas_mixing_ratio,CH4,1,convective,31,61.280173,322.728248,4.973339491686849,94045.81874539812,-3.2925808685137405,0.0005098226563749052
published_vector_plot_digitization,2,8,left,figure2_mg_si_o_1_1_3,false,gas_mixing_ratio,CH4,1,convective,32,61.380558,322.731833,4.969024517738071,93116.04418815352,-3.2918831781036184,0.000510642340389616
published_vector_plot_digitization,2,8,left,figure2_mg_si_o_1_1_3,false,gas_mixing_ratio,CH4,1,convective,33,61.584915,322.731833,4.960240385335319,91251.57841010725,-3.2918831781036184,0.000510642340389616
published_vector_plot_digitization,2,8,left,figure2_mg_si_o_1_1_3,false,gas_mixing_ratio,CH4,2,non_convective,0,61.6853,322.735418,4.955925411386542,90349.42882976493,-3.291185487693496,0.0005114633422780536
published_vector_plot_digitization,2,8,left,figure2_mg_si_o_1_1_3,false,gas_mixing_ratio,CH4,2,non_convective,1,61.789271,322.739003,4.951456295916817,89424.45374568975,-3.2904877972833626,0.0005122856641590847
published_vector_plot_digitization,2,8,left,figure2_mg_si_o_1_1_3,false,gas_mixing_ratio,CH4,2,non_convective,2,61.889656,322.746174,4.94714132196804,88540.36785014014,-3.289092221849337,0.0005139345066929236
published_vector_plot_digitization,2,8,left,figure2_mg_si_o_1_1_3,false,gas_mixing_ratio,CH4,2,non_convective,3,61.990042,322.749759,4.9428263050350125,87665.01370451543,-3.2883945314392147,0.0005147608016691802
published_vector_plot_digitization,2,8,left,figure2_mg_si_o_1_1_3,false,gas_mixing_ratio,CH4,2,non_convective,4,62.094012,322.753344,4.938357232549538,86767.52958570448,-3.2876968410290814,0.0005155884251481658
published_vector_plot_digitization,2,8,left,figure2_mg_si_o_1_1_3,false,gas_mixing_ratio,CH4,2,non_convective,5,62.194398,322.760515,4.93404221561651,85909.70260155399,-3.2863012655950548,0.0005172478979478492
published_vector_plot_digitization,2,8,left,figure2_mg_si_o_1_1_3,false,gas_mixing_ratio,CH4,2,non_convective,6,62.294783,322.7641,4.929727241667733,85060.36494077378,-3.2856035751849326,0.0005180795201370342
published_vector_plot_digitization,2,8,left,figure2_mg_si_o_1_1_3,false,gas_mixing_ratio,CH4,2,non_convective,7,62.398754,322.767685,4.925258126198008,84189.53798335287,-3.28490588477481,0.0005189124793939356
published_vector_plot_digitization,2,8,left,figure2_mg_si_o_1_1_3,false,gas_mixing_ratio,CH4,2,non_convective,8,62.49914,322.77127,4.9209431092649805,83357.19830732292,-3.284208194364677,0.0005197467778682803
published_vector_plot_digitization,2,8,left,figure2_mg_si_o_1_1_3,false,gas_mixing_ratio,CH4,2,non_convective,9,62.599525,322.778441,4.916628135316203,82533.09572431326,-3.282812618930651,0.0005214196347411768
published_vector_plot_digitization,2,8,left,figure2_mg_si_o_1_1_3,false,gas_mixing_ratio,CH4,2,non_convective,10,62.703496,322.782026,4.912159019846478,81688.1423234411,-3.282114928520529,0.0005222579641763429
published_vector_plot_digitization,2,8,left,figure2_mg_si_o_1_1_3,false,gas_mixing_ratio,CH4,2,non_convective,11,62.904267,322.789196,4.903529028964674,80080.91541320753,-3.280719547700273,0.0005239386687682703
published_vector_plot_digitization,2,8,left,figure2_mg_si_o_1_1_3,false,gas_mixing_ratio,CH4,2,non_convective,12,63.008237,322.792781,4.899059956479199,79261.07467211729,-3.280021857290151,0.0005247810482626064
published_vector_plot_digitization,2,8,left,figure2_mg_si_o_1_1_3,false,gas_mixing_ratio,CH4,2,non_convective,13,63.209008,322.799952,4.890429965597394,77701.60069555562,-3.2786262818561136,0.0005264701084371779
published_vector_plot_digitization,2,8,left,figure2_mg_si_o_1_1_3,false,gas_mixing_ratio,CH4,2,non_convective,14,63.312979,322.799952,4.8859608501276695,76906.11094462921,-3.2786262818561136,0.0005264701084371779
published_vector_plot_digitization,2,8,left,figure2_mg_si_o_1_1_3,false,gas_mixing_ratio,CH4,2,non_convective,15,63.51375,322.807122,4.877330859245864,75392.97124581934,-3.277230901035869,0.000528164368342149
published_vector_plot_digitization,2,8,left,figure2_mg_si_o_1_1_3,false,gas_mixing_ratio,CH4,2,non_convective,16,63.617721,322.810707,4.87286174377614,74621.11667163979,-3.2765332106257468,0.0005290135418428879
published_vector_plot_digitization,2,8,left,figure2_mg_si_o_1_1_3,false,gas_mixing_ratio,CH4,2,non_convective,17,63.718106,322.810707,4.868546769827363,73883.38248377242,-3.2765332106257468,0.0005290135418428879
published_vector_plot_digitization,2,8,left,figure2_mg_si_o_1_1_3,false,gas_mixing_ratio,CH4,2,non_convective,18,63.918877,322.817878,4.859916778945558,72429.71543774223,-3.2751376351917094,0.000530716224720431
published_vector_plot_digitization,2,8,left,figure2_mg_si_o_1_1_3,false,gas_mixing_ratio,CH4,2,non_convective,19,64.022848,322.817878,4.855447663475833,71688.19794289689,-3.2751376351917094,0.000530716224720431
published_vector_plot_digitization,2,8,left,figure2_mg_si_o_1_1_3,false,gas_mixing_ratio,CH4,2,non_convective,20,64.123233,322.821463,4.851132689527056,70979.45976196334,-3.2744399447815873,0.0005315695010515461
published_vector_plot_digitization,2,8,left,figure2_mg_si_o_1_1_3,false,gas_mixing_ratio,CH4,2,non_convective,21,64.223619,322.821463,4.846817672594028,70277.72149426154,-3.2744399447815873,0.0005315695010515461
published_vector_plot_digitization,2,8,left,figure2_mg_si_o_1_1_3,false,gas_mixing_ratio,CH4,2,non_convective,22,64.327589,322.825048,4.842348600108553,69558.24246514836,-3.273742254371465,0.0005324241492655308
published_vector_plot_digitization,2,8,left,figure2_mg_si_o_1_1_3,false,gas_mixing_ratio,CH4,2,non_convective,23,64.427975,322.828633,4.838033583175526,68870.55505902313,-3.273044563961332,0.000533280171568088
published_vector_plot_digitization,2,8,left,figure2_mg_si_o_1_1_3,false,gas_mixing_ratio,CH4,2,non_convective,24,64.632331,322.828633,4.8292494937570245,67491.5642295723,-3.273044563961332,0.000533280171568088
published_vector_plot_digitization,2,8,left,figure2_mg_si_o_1_1_3,false,gas_mixing_ratio,CH4,2,non_convective,25,64.732716,322.832219,4.824934519808247,66824.31564705765,-3.2723466789374274,0.0005341378095234272
published_vector_plot_digitization,2,8,left,figure2_mg_si_o_1_1_3,false,gas_mixing_ratio,CH4,2,non_convective,26,64.833102,322.832219,4.8206195028752195,66163.65720220916,-3.2723466789374274,0.0005341378095234272
published_vector_plot_digitization,2,8,left,figure2_mg_si_o_1_1_3,false,gas_mixing_ratio,CH4,2,non_convective,27,64.937073,322.835804,4.816150387405495,65486.29006025817,-3.2716489885273052,0.0005349965870191785
published_vector_plot_digitization,2,8,left,figure2_mg_si_o_1_1_3,false,gas_mixing_ratio,CH4,2,non_convective,28,65.137844,322.835804,4.80752039652369,64197.837114180875,-3.2716489885273052,0.0005349965870191785
published_vector_plot_digitization,2,8,left,figure2_mg_si_o_1_1_3,false,gas_mixing_ratio,CH4,2,non_convective,29,65.241814,322.839389,4.803051324038215,63540.601840526644,-3.270951298117183,0.0005358567452424764
published_vector_plot_digitization,2,8,left,figure2_mg_si_o_1_1_3,false,gas_mixing_ratio,CH4,2,non_convective,30,65.442585,322.839389,4.794421333156411,62290.43061290618,-3.270951298117183,0.0005358567452424764
published_vector_plot_digitization,2,8,left,figure2_mg_si_o_1_1_3,false,gas_mixing_ratio,CH4,2,non_convective,31,65.546556,322.842974,4.789952217686686,61652.716605861366,-3.27025360770705,0.0005367182864132442
published_vector_plot_digitization,2,8,left,figure2_mg_si_o_1_1_3,false,gas_mixing_ratio,CH4,2,non_convective,32,65.851298,322.842974,4.776853111335155,59820.923233029505,-3.27025360770705,0.0005367182864132442
published_vector_plot_digitization,2,8,left,figure2_mg_si_o_1_1_3,false,gas_mixing_ratio,CH4,2,non_convective,33,65.951683,322.846559,4.772538137386379,59229.50967360783,-3.2695559172969277,0.0005375812127549333
published_vector_plot_digitization,2,8,left,figure2_mg_si_o_1_1_3,false,gas_mixing_ratio,CH4,2,non_convective,34,66.35681,322.846559,4.755124057086071,56901.54480301494,-3.2695559172969277,0.0005375812127549333
published_vector_plot_digitization,2,8,left,figure2_mg_si_o_1_1_3,false,gas_mixing_ratio,CH4,2,non_convective,35,66.460781,322.850145,4.750654941616347,56319.00087473693,-3.2688580322730236,0.0005384457677800713
published_vector_plot_digitization,2,8,left,figure2_mg_si_o_1_1_3,false,gas_mixing_ratio,CH4,2,non_convective,36,66.765522,322.850145,4.737555878249067,54645.68549149879,-3.2688580322730236,0.0005384457677800713
published_vector_plot_digitization,2,8,left,figure2_mg_si_o_1_1_3,false,gas_mixing_ratio,CH4,3,convective,0,66.865908,322.850145,4.733240861316039,54105.43104601862,-3.2688580322730236,0.0005384457677800713
published_vector_plot_digitization,2,8,left,figure2_mg_si_o_1_1_3,false,gas_mixing_ratio,CH4,3,convective,1,87.072071,322.85373,3.864694096861709,7323.085367306689,-3.2681603418629015,0.0005393114715363073
published_vector_plot_digitization,2,8,left,figure2_mg_si_o_1_1_3,false,gas_mixing_ratio,CH4,4,non_convective,0,87.176042,322.85373,3.8602249813919842,7248.113432331032,-3.2681603418629015,0.0005393114715363073
published_vector_plot_digitization,2,8,left,figure2_mg_si_o_1_1_3,false,gas_mixing_ratio,CH4,4,non_convective,1,229.84532,322.749759,-2.272306949283597,0.0053418667517069465,-3.2883945314392147,0.0005147608016691802
published_vector_plot_digitization,2,8,left,figure2_mg_si_o_1_1_3,false,gas_mixing_ratio,CH4,4,non_convective,2,246.702911,319.028326,-2.996917857329051,0.0010071221384128554,-4.012636683746553,9.713222031559437e-05
published_vector_plot_digitization,2,8,left,figure2_mg_si_o_1_1_3,false,gas_mixing_ratio,C2H4,0,non_convective,0,56.407892,302.002231,5.182770836869124,152324.87726607325,-7.326149432246729,4.719006415343316e-08
published_vector_plot_digitization,2,8,left,figure2_mg_si_o_1_1_3,false,gas_mixing_ratio,C2H4,0,non_convective,1,56.508277,301.962794,5.178455862920346,150818.93264028593,-7.333824415985671,4.636343278794161e-08
published_vector_plot_digitization,2,8,left,figure2_mg_si_o_1_1_3,false,gas_mixing_ratio,C2H4,0,non_convective,2,56.608663,301.919772,5.174140845987319,149327.86160533357,-7.342197090134723,4.5478162576697575e-08
published_vector_plot_digitization,2,8,left,figure2_mg_si_o_1_1_3,false,gas_mixing_ratio,C2H4,0,non_convective,3,56.712634,301.87675,5.169671730517594,147799.07992810366,-7.350569764283787,4.4609795845194784e-08
published_vector_plot_digitization,2,8,left,figure2_mg_si_o_1_1_3,false,gas_mixing_ratio,C2H4,0,non_convective,4,56.913405,301.790705,5.16104173963579,144891.11003416663,-7.367315307195696,4.2922468719875675e-08
published_vector_plot_digitization,2,8,left,figure2_mg_si_o_1_1_3,false,gas_mixing_ratio,C2H4,0,non_convective,5,57.01379,301.744097,5.156726765687012,143458.6586027489,-7.376385866368664,4.2035298293469687e-08
published_vector_plot_digitization,2,8,left,figure2_mg_si_o_1_1_3,false,gas_mixing_ratio,C2H4,0,non_convective,6,57.117761,301.69749,5.152257650217287,141989.96437278966,-7.385456230927849,4.11664833622835e-08
published_vector_plot_digitization,2,8,left,figure2_mg_si_o_1_1_3,false,gas_mixing_ratio,C2H4,0,non_convective,7,57.218146,301.654467,5.14794267626851,140586.19482706152,-7.393829099690695,4.038042637339258e-08
published_vector_plot_digitization,2,8,left,figure2_mg_si_o_1_1_3,false,gas_mixing_ratio,C2H4,0,non_convective,8,57.318532,301.604275,5.143627659335483,139196.28973125524,-7.403597154660014,3.948233647689462e-08
published_vector_plot_digitization,2,8,left,figure2_mg_si_o_1_1_3,false,gas_mixing_ratio,C2H4,0,non_convective,9,57.422502,301.557667,5.139158586850008,137771.2462144392,-7.412667713832981,3.866627061832745e-08
published_vector_plot_digitization,2,8,left,figure2_mg_si_o_1_1_3,false,gas_mixing_ratio,C2H4,0,non_convective,10,57.522888,301.51106,5.13484356991698,136409.17110169725,-7.421738078392167,3.786708910635253e-08
published_vector_plot_digitization,2,8,left,figure2_mg_si_o_1_1_3,false,gas_mixing_ratio,C2H4,0,non_convective,11,57.623273,301.460867,5.130528595968203,135060.57550906873,-7.431506327975257,3.7024881057593364e-08
published_vector_plot_digitization,2,8,left,figure2_mg_si_o_1_1_3,false,gas_mixing_ratio,C2H4,0,non_convective,12,57.727244,301.410674,5.126059480498478,133677.85877466522,-7.4412745775583575,3.620140469416051e-08
published_vector_plot_digitization,2,8,left,figure2_mg_si_o_1_1_3,false,gas_mixing_ratio,C2H4,1,convective,0,57.82763,301.360481,5.1217444635654505,132356.25292754816,-7.451042827141448,3.539624340161492e-08
published_vector_plot_digitization,2,8,left,figure2_mg_si_o_1_1_3,false,gas_mixing_ratio,C2H4,1,convective,1,57.928015,301.342555,5.117429489616673,131047.72610407056,-7.454531473805852,3.511304767766142e-08
published_vector_plot_digitization,2,8,left,figure2_mg_si_o_1_1_3,false,gas_mixing_ratio,C2H4,1,convective,2,58.031986,301.321044,5.112960374146948,129706.09192839313,-7.458717810880389,3.4776205146926165e-08
published_vector_plot_digitization,2,8,left,figure2_mg_si_o_1_1_3,false,gas_mixing_ratio,C2H4,1,convective,3,58.132371,301.303118,5.108645400198172,128423.76565590773,-7.462206457544793,3.449797018054292e-08
published_vector_plot_digitization,2,8,left,figure2_mg_si_o_1_1_3,false,gas_mixing_ratio,C2H4,1,convective,4,58.232757,301.281607,5.104330383265144,127154.10438847424,-7.46639279461932,3.416702814191701e-08
published_vector_plot_digitization,2,8,left,figure2_mg_si_o_1_1_3,false,gas_mixing_ratio,C2H4,1,convective,5,58.336727,301.263681,5.099861310779669,125852.34460417838,-7.469881441283723,3.3893667035197186e-08
published_vector_plot_digitization,2,8,left,figure2_mg_si_o_1_1_3,false,gas_mixing_ratio,C2H4,1,convective,6,58.437113,301.24217,5.095546293846642,124608.10568513164,-7.474067778358261,3.356852212938203e-08
published_vector_plot_digitization,2,8,left,figure2_mg_si_o_1_1_3,false,gas_mixing_ratio,C2H4,1,convective,7,58.537498,301.224244,5.091231319897864,123376.18014247532,-7.477556425022665,3.3299949506614794e-08
published_vector_plot_digitization,2,8,left,figure2_mg_si_o_1_1_3,false,gas_mixing_ratio,C2H4,1,convective,8,58.641469,301.202733,5.0867622044281395,122113.08535506764,-7.481742762097191,3.298050018486674e-08
published_vector_plot_digitization,2,8,left,figure2_mg_si_o_1_1_3,false,gas_mixing_ratio,C2H4,1,convective,9,58.741854,301.184807,5.082447230479363,120905.82658073418,-7.485231408761606,3.2716632165872275e-08
published_vector_plot_digitization,2,8,left,figure2_mg_si_o_1_1_3,false,gas_mixing_ratio,C2H4,1,convective,10,58.84224,301.163296,5.078132213546335,119710.49140088986,-7.489417745836132,3.2402778658280844e-08
published_vector_plot_digitization,2,8,left,figure2_mg_si_o_1_1_3,false,gas_mixing_ratio,C2H4,1,convective,11,58.946211,301.14537,5.07366309807661,118484.92502728441,-7.492906392500537,3.214353283221614e-08
published_vector_plot_digitization,2,8,left,figure2_mg_si_o_1_1_3,false,gas_mixing_ratio,C2H4,1,convective,12,59.146982,301.102347,5.065033107194806,116153.71569206842,-7.501279261263382,3.152976535521191e-08
published_vector_plot_digitization,2,8,left,figure2_mg_si_o_1_1_3,false,gas_mixing_ratio,C2H4,1,convective,13,59.250952,301.084421,5.060564034709331,114964.5740862063,-7.5047679079277865,3.1277504271329546e-08
published_vector_plot_digitization,2,8,left,figure2_mg_si_o_1_1_3,false,gas_mixing_ratio,C2H4,1,convective,14,59.451723,301.041399,5.051934043827526,112702.62820349415,-7.513140582076851,3.068028700012039e-08
published_vector_plot_digitization,2,8,left,figure2_mg_si_o_1_1_3,false,gas_mixing_ratio,C2H4,1,convective,15,59.555694,301.019888,5.047464928357801,111548.80659833027,-7.517326919151387,3.03859683294179e-08
published_vector_plot_digitization,2,8,left,figure2_mg_si_o_1_1_3,false,gas_mixing_ratio,C2H4,1,convective,16,59.756465,300.976865,5.038834937475996,109354.06647240813,-7.525699787914233,2.980576082032956e-08
published_vector_plot_digitization,2,8,left,figure2_mg_si_o_1_1_3,false,gas_mixing_ratio,C2H4,1,convective,17,59.860436,300.958939,5.034365822006271,108234.52661322603,-7.529188434578636,2.956729302820474e-08
published_vector_plot_digitization,2,8,left,figure2_mg_si_o_1_1_3,false,gas_mixing_ratio,C2H4,1,convective,18,60.061206,300.915917,5.025735874108717,106105.00596341753,-7.5375611087277,2.9002730782247915e-08
published_vector_plot_digitization,2,8,left,figure2_mg_si_o_1_1_3,false,gas_mixing_ratio,C2H4,1,convective,19,60.165177,300.890821,5.021266758638992,105018.72918133945,-7.542445136212349,2.8678396426923387e-08
published_vector_plot_digitization,2,8,left,figure2_mg_si_o_1_1_3,false,gas_mixing_ratio,C2H4,1,convective,20,60.466334,300.826287,5.00832175082416,101934.62999031246,-7.555004342049732,2.7860933132995676e-08
published_vector_plot_digitization,2,8,left,figure2_mg_si_o_1_1_3,false,gas_mixing_ratio,C2H4,1,convective,21,60.570304,300.804776,5.003852678338685,100891.05847064631,-7.559190679124257,2.7593660769990036e-08
published_vector_plot_digitization,2,8,left,figure2_mg_si_o_1_1_3,false,gas_mixing_ratio,C2H4,1,convective,22,60.67069,300.783265,4.9995376614056575,99893.59925025742,-7.563377016198794,2.7328952374087198e-08
published_vector_plot_digitization,2,8,left,figure2_mg_si_o_1_1_3,false,gas_mixing_ratio,C2H4,1,convective,23,60.771075,300.758169,4.99522268745688,98906.01119739651,-7.568261043683443,2.702333569900605e-08
published_vector_plot_digitization,2,8,left,figure2_mg_si_o_1_1_3,false,gas_mixing_ratio,C2H4,1,convective,24,60.875046,300.736657,4.990753571987156,97893.4359414401,-7.572447575371762,2.6764086487896435e-08
published_vector_plot_digitization,2,8,left,figure2_mg_si_o_1_1_3,false,gas_mixing_ratio,C2H4,1,convective,25,60.975431,300.715146,4.9864385980383785,96925.62230257953,-7.5766339124462885,2.650733627048045e-08
published_vector_plot_digitization,2,8,left,figure2_mg_si_o_1_1_3,false,gas_mixing_ratio,C2H4,1,convective,26,61.075817,300.69005,4.982123581105351,95967.36735785846,-7.581517939930949,2.62109076381139e-08
published_vector_plot_digitization,2,8,left,figure2_mg_si_o_1_1_3,false,gas_mixing_ratio,C2H4,1,convective,27,61.179788,300.668539,4.977654465635626,94984.8772099955,-7.585704277005475,2.5959464113680533e-08
published_vector_plot_digitization,2,8,left,figure2_mg_si_o_1_1_3,false,gas_mixing_ratio,C2H4,1,convective,28,61.280173,300.643442,4.973339491686849,94045.81874539812,-7.590588499103916,2.5669150772786547e-08
published_vector_plot_digitization,2,8,left,figure2_mg_si_o_1_1_3,false,gas_mixing_ratio,C2H4,1,convective,29,61.380558,300.621931,4.969024517738071,93116.04418815352,-7.594774836178442,2.542290436924211e-08
published_vector_plot_digitization,2,8,left,figure2_mg_si_o_1_1_3,false,gas_mixing_ratio,C2H4,1,convective,30,61.484529,300.596835,4.9645554022683465,92162.74518098489,-7.599658863663102,2.513860281981215e-08
published_vector_plot_digitization,2,8,left,figure2_mg_si_o_1_1_3,false,gas_mixing_ratio,C2H4,1,convective,31,61.584915,300.571738,4.960240385335319,91251.57841010725,-7.604543085761543,2.4857469444405454e-08
published_vector_plot_digitization,2,8,left,figure2_mg_si_o_1_1_3,false,gas_mixing_ratio,C2H4,2,non_convective,0,61.6853,300.550227,4.955925411386542,90349.42882976493,-7.60872942283607,2.4619009570680692e-08
published_vector_plot_digitization,2,8,left,figure2_mg_si_o_1_1_3,false,gas_mixing_ratio,C2H4,2,non_convective,1,61.789271,300.492864,4.951456295916817,89424.45374568975,-7.619893053239415,2.3994237140009456e-08
published_vector_plot_digitization,2,8,left,figure2_mg_si_o_1_1_3,false,gas_mixing_ratio,C2H4,2,non_convective,2,61.889656,300.435501,4.94714132196804,88540.36785014014,-7.631056683642759,2.3385319960907434e-08
published_vector_plot_digitization,2,8,left,figure2_mg_si_o_1_1_3,false,gas_mixing_ratio,C2H4,2,non_convective,3,61.990042,300.374553,4.9428263050350125,87665.01370451543,-7.642918004456228,2.2755270136245585e-08
published_vector_plot_digitization,2,8,left,figure2_mg_si_o_1_1_3,false,gas_mixing_ratio,C2H4,2,non_convective,4,62.094012,300.313604,4.938357232549538,86767.52958570448,-7.654779519883478,2.2142185259995536e-08
published_vector_plot_digitization,2,8,left,figure2_mg_si_o_1_1_3,false,gas_mixing_ratio,C2H4,2,non_convective,5,62.194398,300.252656,4.93404221561651,85909.70260155399,-7.666640840696945,2.1545628105164673e-08
published_vector_plot_digitization,2,8,left,figure2_mg_si_o_1_1_3,false,gas_mixing_ratio,C2H4,2,non_convective,6,62.294783,300.188122,4.929727241667733,85060.36494077378,-7.679200046534317,2.0931480791682443e-08
published_vector_plot_digitization,2,8,left,figure2_mg_si_o_1_1_3,false,gas_mixing_ratio,C2H4,2,non_convective,7,62.398754,300.127174,4.925258126198008,84189.53798335287,-7.691061367347784,2.036754256784132e-08
published_vector_plot_digitization,2,8,left,figure2_mg_si_o_1_1_3,false,gas_mixing_ratio,C2H4,2,non_convective,8,62.599525,299.998107,4.916628135316203,82533.09572431326,-7.716179584408757,1.9222966787511448e-08
published_vector_plot_digitization,2,8,left,figure2_mg_si_o_1_1_3,false,gas_mixing_ratio,C2H4,2,non_convective,9,62.703496,299.933573,4.912159019846478,81688.1423234411,-7.728738790246129,1.867502576893987e-08
published_vector_plot_digitization,2,8,left,figure2_mg_si_o_1_1_3,false,gas_mixing_ratio,C2H4,2,non_convective,10,62.803881,299.86904,4.9078440458977015,80880.54069506342,-7.741297801469729,1.814271166405786e-08
published_vector_plot_digitization,2,8,left,figure2_mg_si_o_1_1_3,false,gas_mixing_ratio,C2H4,2,non_convective,11,62.904267,299.800921,4.903529028964674,80080.91541320753,-7.754554697717223,1.7597270190040076e-08
published_vector_plot_digitization,2,8,left,figure2_mg_si_o_1_1_3,false,gas_mixing_ratio,C2H4,2,non_convective,12,63.008237,299.732803,4.899059956479199,79261.07467211729,-7.767811399350946,1.7068234486675336e-08
published_vector_plot_digitization,2,8,left,figure2_mg_si_o_1_1_3,false,gas_mixing_ratio,C2H4,2,non_convective,13,63.108623,299.668269,4.894744939546172,78477.46023741853,-7.780370605188318,1.658171303068846e-08
published_vector_plot_digitization,2,8,left,figure2_mg_si_o_1_1_3,false,gas_mixing_ratio,C2H4,2,non_convective,14,63.209008,299.596565,4.890429965597394,77701.60069555562,-7.794325191845945,1.605738454866279e-08
published_vector_plot_digitization,2,8,left,figure2_mg_si_o_1_1_3,false,gas_mixing_ratio,C2H4,2,non_convective,15,63.312979,299.528446,4.8859608501276695,76906.11094462921,-7.80758208809345,1.557463623301541e-08
published_vector_plot_digitization,2,8,left,figure2_mg_si_o_1_1_3,false,gas_mixing_ratio,C2H4,2,non_convective,16,63.413364,299.460328,4.881645876178892,76145.78638999349,-7.820838789727162,1.510640800527357e-08
published_vector_plot_digitization,2,8,left,figure2_mg_si_o_1_1_3,false,gas_mixing_ratio,C2H4,2,non_convective,17,63.51375,299.388624,4.877330859245864,75392.97124581934,-7.8347933763847895,1.462872997746026e-08
published_vector_plot_digitization,2,8,left,figure2_mg_si_o_1_1_3,false,gas_mixing_ratio,C2H4,2,non_convective,18,63.617721,299.31692,4.87286174377614,74621.11667163979,-7.848747963042417,1.4166156552817732e-08
published_vector_plot_digitization,2,8,left,figure2_mg_si_o_1_1_3,false,gas_mixing_ratio,C2H4,2,non_convective,19,63.818492,299.173512,4.8642317528943355,73152.93459067792,-7.876657136357661,1.3284428132014526e-08
published_vector_plot_digitization,2,8,left,figure2_mg_si_o_1_1_3,false,gas_mixing_ratio,C2H4,2,non_convective,20,63.918877,299.098223,4.859916778945558,72429.71543774223,-7.89130941342541,1.2843712826297844e-08
published_vector_plot_digitization,2,8,left,figure2_mg_si_o_1_1_3,false,gas_mixing_ratio,C2H4,2,non_convective,21,64.022848,299.026519,4.855447663475833,71688.19794289689,-7.905264000083037,1.2437583228148188e-08
published_vector_plot_digitization,2,8,left,figure2_mg_si_o_1_1_3,false,gas_mixing_ratio,C2H4,2,non_convective,22,64.223619,298.875941,4.846817672594028,70277.72149426154,-7.9345685542185365,1.1626030173977411e-08
published_vector_plot_digitization,2,8,left,figure2_mg_si_o_1_1_3,false,gas_mixing_ratio,C2H4,2,non_convective,23,64.327589,298.797066,4.842348600108553,69558.24246514836,-7.949918716310201,1.1222284738603627e-08
published_vector_plot_digitization,2,8,left,figure2_mg_si_o_1_1_3,false,gas_mixing_ratio,C2H4,2,non_convective,24,64.427975,298.721777,4.838033583175526,68870.55505902313,-7.96457099337795,1.0849981723354198e-08
published_vector_plot_digitization,2,8,left,figure2_mg_si_o_1_1_3,false,gas_mixing_ratio,C2H4,2,non_convective,25,64.52836,298.642903,4.833718609226748,68189.6732219417,-7.979920960855821,1.0473191368782811e-08
published_vector_plot_digitization,2,8,left,figure2_mg_si_o_1_1_3,false,gas_mixing_ratio,C2H4,2,non_convective,26,64.632331,298.564029,4.8292494937570245,67491.5642295723,-7.995270928333692,1.0109485918399992e-08
published_vector_plot_digitization,2,8,left,figure2_mg_si_o_1_1_3,false,gas_mixing_ratio,C2H4,2,non_convective,27,64.732716,298.485154,4.824934519808247,66824.31564705765,-8.010621090425346,9.758406596185368e-09
published_vector_plot_digitization,2,8,left,figure2_mg_si_o_1_1_3,false,gas_mixing_ratio,C2H4,2,non_convective,28,64.833102,298.402695,4.8206195028752195,66163.65720220916,-8.026668748313352,9.404403440263973e-09
published_vector_plot_digitization,2,8,left,figure2_mg_si_o_1_1_3,false,gas_mixing_ratio,C2H4,2,non_convective,29,64.937073,298.323821,4.816150387405495,65486.29006025817,-8.042018715791222,9.07781408766053e-09
published_vector_plot_digitization,2,8,left,figure2_mg_si_o_1_1_3,false,gas_mixing_ratio,C2H4,2,non_convective,30,65.137844,298.158902,4.80752039652369,64197.837114180875,-8.074114226181004,8.431129768171286e-09
published_vector_plot_digitization,2,8,left,figure2_mg_si_o_1_1_3,false,gas_mixing_ratio,C2H4,2,non_convective,31,65.241814,298.072857,4.803051324038215,63540.601840526644,-8.090859769092912,8.112229542662818e-09
published_vector_plot_digitization,2,8,left,figure2_mg_si_o_1_1_3,false,gas_mixing_ratio,C2H4,2,non_convective,32,65.3422,297.990397,4.798736307105187,62912.40782476724,-8.1069076215947,7.817940816493265e-09
published_vector_plot_digitization,2,8,left,figure2_mg_si_o_1_1_3,false,gas_mixing_ratio,C2H4,2,non_convective,33,65.442585,297.904353,4.794421333156411,62290.43061290618,-8.123652969892817,7.522237306041026e-09
published_vector_plot_digitization,2,8,left,figure2_mg_si_o_1_1_3,false,gas_mixing_ratio,C2H4,2,non_convective,34,65.546556,297.818308,4.789952217686686,61652.716605861366,-8.140398512804724,7.237715155488833e-09
published_vector_plot_digitization,2,8,left,figure2_mg_si_o_1_1_3,false,gas_mixing_ratio,C2H4,2,non_convective,35,65.646941,297.732263,4.785637243737908,61043.19320492924,-8.157144055716634,6.963954810349191e-09
published_vector_plot_digitization,2,8,left,figure2_mg_si_o_1_1_3,false,gas_mixing_ratio,C2H4,2,non_convective,36,65.747327,297.642633,4.781322226804881,60439.68981397262,-8.174587289038666,6.689793480795269e-09
published_vector_plot_digitization,2,8,left,figure2_mg_si_o_1_1_3,false,gas_mixing_ratio,C2H4,2,non_convective,37,65.851298,297.553004,4.776853111335155,59820.923233029505,-8.192030327746915,6.4264283857527925e-09
published_vector_plot_digitization,2,8,left,figure2_mg_si_o_1_1_3,false,gas_mixing_ratio,C2H4,2,non_convective,38,65.951683,297.463374,4.772538137386379,59229.50967360783,-8.209473561068945,6.1734287327535335e-09
published_vector_plot_digitization,2,8,left,figure2_mg_si_o_1_1_3,false,gas_mixing_ratio,C2H4,2,non_convective,39,66.052069,297.370159,4.768223120453351,58643.93726076371,-8.2276144848011,5.920869856617985e-09
published_vector_plot_digitization,2,8,left,figure2_mg_si_o_1_1_3,false,gas_mixing_ratio,C2H4,2,non_convective,40,66.156039,297.280529,4.763754047967876,58043.560894731505,-8.24505771812313,5.6877733480660335e-09
published_vector_plot_digitization,2,8,left,figure2_mg_si_o_1_1_3,false,gas_mixing_ratio,C2H4,2,non_convective,41,66.256425,297.183728,4.759439031034849,57469.71336179579,-8.263896526879199,5.446323991401125e-09
published_vector_plot_digitization,2,8,left,figure2_mg_si_o_1_1_3,false,gas_mixing_ratio,C2H4,2,non_convective,42,66.35681,297.090513,4.755124057086071,56901.54480301494,-8.282037450611352,5.223511430361858e-09
published_vector_plot_digitization,2,8,left,figure2_mg_si_o_1_1_3,false,gas_mixing_ratio,C2H4,2,non_convective,43,66.460781,296.993713,4.750654941616347,56319.00087473693,-8.300876064753627,5.001772509202318e-09
published_vector_plot_digitization,2,8,left,figure2_mg_si_o_1_1_3,false,gas_mixing_ratio,C2H4,2,non_convective,44,66.661552,296.800112,4.742024950734542,55210.91576974158,-8.338553487651973,4.586131595826984e-09
published_vector_plot_digitization,2,8,left,figure2_mg_si_o_1_1_3,false,gas_mixing_ratio,C2H4,2,non_convective,45,66.765522,296.699727,4.737555878249067,54645.68549149879,-8.358089792204382,4.3844003908757206e-09
published_vector_plot_digitization,2,8,left,figure2_mg_si_o_1_1_3,false,gas_mixing_ratio,C2H4,3,convective,0,66.865908,296.599341,4.733240861316039,54105.43104601862,-8.377626291370571,4.191540903647144e-09
published_vector_plot_digitization,2,8,left,figure2_mg_si_o_1_1_3,false,gas_mixing_ratio,C2H4,3,convective,1,70.522808,294.903544,4.576051757034685,37674.86953255163,-8.707651759827565,1.9604160081640924e-09
published_vector_plot_digitization,2,8,left,figure2_mg_si_o_1_1_3,false,gas_mixing_ratio,C2H4,3,convective,2,73.975351,293.057168,4.4276467851560835,26769.902236915103,-9.066981977033848,8.570734125360374e-10
published_vector_plot_digitization,2,8,left,figure2_mg_si_o_1_1_3,false,gas_mixing_ratio,C2H4,3,convective,3,77.323924,291.013607,4.2837108857629556,19218.11933294424,-9.464687112934818,3.4301482226470544e-10
published_vector_plot_digitization,2,8,left,figure2_mg_si_o_1_1_3,false,gas_mixing_ratio,C2H4,3,convective,4,80.575696,288.769274,4.143935904766159,13929.512094463316,-9.901465247168156,1.2546851354425222e-10
published_vector_plot_digitization,2,8,left,figure2_mg_si_o_1_1_3,false,gas_mixing_ratio,C2H4,3,convective,5,83.723498,286.331341,4.008629996254836,10200.700493066917,-10.375920609686059,4.20803545484813e-11
published_vector_plot_digitization,2,8,left,figure2_mg_si_o_1_1_3,false,gas_mixing_ratio,C2H4,3,convective,6,86.8713,283.606592,3.873324087743513,7470.059959287087,-10.90619431883447,1.2410968723532118e-11
published_vector_plot_digitization,2,8,left,figure2_mg_si_o_1_1_3,false,gas_mixing_ratio,C2H4,3,convective,7,87.072071,283.420162,3.864694096861709,7323.085367306689,-10.942476166298777,1.141625954333369e-11
published_vector_plot_digitization,2,8,left,figure2_mg_si_o_1_1_3,false,gas_mixing_ratio,C2H4,4,non_convective,0,87.176042,283.326947,3.8602249813919842,7248.113432331032,-10.96061709003093,1.0949213140961148e-11
published_vector_plot_digitization,2,8,left,figure2_mg_si_o_1_1_3,false,gas_mixing_ratio,C2H4,4,non_convective,1,92.55742,278.519199,3.628910483423928,4255.106980275192,-11.896271113433022,1.2697811819164904e-12
published_vector_plot_digitization,2,8,left,figure2_mg_si_o_1_1_3,false,gas_mixing_ratio,C2H4,4,non_convective,2,95.400481,276.278452,3.506703638279884,3211.468290940479,-12.332351362642457,4.652095669739825e-13
published_vector_plot_digitization,2,8,left,figure2_mg_si_o_1_1_3,false,gas_mixing_ratio,C2H4,4,non_convective,3,97.734443,274.715307,3.406380031890123,2549.059846447404,-12.636560923628366,2.3090805141382803e-13
published_vector_plot_digitization,2,8,left,figure2_mg_si_o_1_1_3,false,gas_mixing_ratio,C2H4,4,non_convective,4,99.867635,273.542948,3.3146863733979157,2063.8891759486,-12.864718143021234,1.365469038048501e-13
published_vector_plot_digitization,2,8,left,figure2_mg_si_o_1_1_3,false,gas_mixing_ratio,C2H4,4,non_convective,5,101.896855,272.66816,3.227461873359684,1688.347633222626,-13.034963944553239,9.226480228915021e-14
published_vector_plot_digitization,2,8,left,figure2_mg_si_o_1_1_3,false,gas_mixing_ratio,C2H4,4,non_convective,6,103.929661,272.02641,3.140083231800505,1380.6488382565667,-13.159857339447957,6.920582664626553e-14
published_vector_plot_digitization,2,8,left,figure2_mg_si_o_1_1_3,false,gas_mixing_ratio,C2H4,4,non_convective,7,106.062853,271.578261,3.048389573308298,1117.8655522878612,-13.247073311444332,5.661437126072258e-14
published_vector_plot_digitization,2,8,left,figure2_mg_si_o_1_1_3,false,gas_mixing_ratio,C2H4,4,non_convective,8,108.396815,271.327297,2.9480659669185365,887.2907763412032,-13.29591436474602,5.059244115880279e-14
published_vector_plot_digitization,2,8,left,figure2_mg_si_o_1_1_3,false,gas_mixing_ratio,C2H4,4,non_convective,9,110.935134,271.277104,2.838958228126023,690.1734174947134,-13.305682614329111,4.9467206498418653e-14
published_vector_plot_digitization,2,8,left,figure2_mg_si_o_1_1_3,false,gas_mixing_ratio,C2H4,4,non_convective,10,113.98255,271.449193,2.707967336547728,510.46660614506584,-13.272191723119086,5.3432842334034894e-14
published_vector_plot_digitization,2,8,left,figure2_mg_si_o_1_1_3,false,gas_mixing_ratio,C2H4,4,non_convective,11,117.739835,271.900928,2.5464632583175963,351.9356472103075,-13.184277866098796,6.542174650376405e-14
published_vector_plot_digitization,2,8,left,figure2_mg_si_o_1_1_3,false,gas_mixing_ratio,C2H4,4,non_convective,12,122.716087,272.739864,2.3325627976655965,215.0615629359295,-13.021009357895611,9.527756340115195e-14
published_vector_plot_digitization,2,8,left,figure2_mg_si_o_1_1_3,false,gas_mixing_ratio,C2H4,4,non_convective,13,130.431428,274.285083,2.000924650323528,100.21313541642778,-12.720288443574118,1.9041955961521267e-13
published_vector_plot_digitization,2,8,left,figure2_mg_si_o_1_1_3,false,gas_mixing_ratio,C2H4,4,non_convective,14,147.289018,277.949153,1.2763137852623245,18.893559483606754,-12.007209921670114,9.835355866181782e-13
published_vector_plot_digitization,2,8,left,figure2_mg_si_o_1_1_3,false,gas_mixing_ratio,C2H4,4,non_convective,15,229.744935,295.993443,-2.2679919753348203,0.005395205914009536,-8.495542392936471,3.194902484472747e-09
published_vector_plot_digitization,2,8,left,figure2_mg_si_o_1_1_3,false,gas_mixing_ratio,C2H4,4,non_convective,16,246.702911,292.246914,-2.996917857329051,0.0010071221384128554,-9.22466857272847,5.961168903318691e-10
published_vector_plot_digitization,2,8,left,figure2_mg_si_o_1_1_3,false,gas_mixing_ratio,Mg(OH)2,0,non_convective,0,56.407892,326.815371,5.182770836869124,152324.87726607325,-2.4971704020980208,0.0031829483980848733
published_vector_plot_digitization,2,8,left,figure2_mg_si_o_1_1_3,false,gas_mixing_ratio,Mg(OH)2,0,non_convective,1,56.508277,326.650452,5.178455862920346,150818.93264028593,-2.529265912487813,0.0029562018709023592
published_vector_plot_digitization,2,8,left,figure2_mg_si_o_1_1_3,false,gas_mixing_ratio,Mg(OH)2,0,non_convective,2,56.608663,326.481948,5.174140845987319,149327.86160533357,-2.5620591132877153,0.0027412010324094943
published_vector_plot_digitization,2,8,left,figure2_mg_si_o_1_1_3,false,gas_mixing_ratio,Mg(OH)2,0,non_convective,3,56.712634,326.309858,5.169671730517594,147799.07992810366,-2.595550199111523,0.002537755635607511
published_vector_plot_digitization,2,8,left,figure2_mg_si_o_1_1_3,false,gas_mixing_ratio,Mg(OH)2,0,non_convective,4,56.813019,326.134184,5.1653567565688165,146337.87914390574,-2.6297387807316808,0.0023456392452440964
published_vector_plot_digitization,2,8,left,figure2_mg_si_o_1_1_3,false,gas_mixing_ratio,Mg(OH)2,0,non_convective,5,56.913405,325.954924,5.16104173963579,144891.11003416663,-2.6646252473757435,0.00216458553852946
published_vector_plot_digitization,2,8,left,figure2_mg_si_o_1_1_3,false,gas_mixing_ratio,Mg(OH)2,0,non_convective,6,57.01379,325.768494,5.156726765687012,143458.6586027489,-2.700907094840061,0.0019910992334340252
published_vector_plot_digitization,2,8,left,figure2_mg_si_o_1_1_3,false,gas_mixing_ratio,Mg(OH)2,0,non_convective,7,57.117761,325.578479,5.152257650217287,141989.96437278966,-2.73788663271449,0.0018285774817303937
published_vector_plot_digitization,2,8,left,figure2_mg_si_o_1_1_3,false,gas_mixing_ratio,Mg(OH)2,0,non_convective,8,57.318532,325.184107,5.143627659335483,139196.28973125524,-2.8146368593314346,0.001532368234672747
published_vector_plot_digitization,2,8,left,figure2_mg_si_o_1_1_3,false,gas_mixing_ratio,Mg(OH)2,0,non_convective,9,57.422502,324.976166,5.139158586850008,137771.2462144392,-2.855105043870279,0.00139603065886168
published_vector_plot_digitization,2,8,left,figure2_mg_si_o_1_1_3,false,gas_mixing_ratio,Mg(OH)2,0,non_convective,10,57.522888,324.768224,5.13484356991698,136409.17110169725,-2.8955734230229053,0.0012718227140531546
published_vector_plot_digitization,2,8,left,figure2_mg_si_o_1_1_3,false,gas_mixing_ratio,Mg(OH)2,0,non_convective,11,57.623273,324.549527,5.130528595968203,135060.57550906873,-2.938134873405898,0.00115309509988525
published_vector_plot_digitization,2,8,left,figure2_mg_si_o_1_1_3,false,gas_mixing_ratio,Mg(OH)2,0,non_convective,12,57.727244,324.33083,5.126059480498478,133677.85877466522,-2.980696323788902,0.0010454509851785605
published_vector_plot_digitization,2,8,left,figure2_mg_si_o_1_1_3,false,gas_mixing_ratio,Mg(OH)2,1,convective,0,57.82763,324.101378,5.1217444635654505,132356.25292754816,-3.025350845402272,0.0009432985233671284
published_vector_plot_digitization,2,8,left,figure2_mg_si_o_1_1_3,false,gas_mixing_ratio,Mg(OH)2,1,convective,1,57.928015,323.975896,5.117429489616673,131047.72610407056,-3.0497713720531228,0.0008917202476105058
published_vector_plot_digitization,2,8,left,figure2_mg_si_o_1_1_3,false,gas_mixing_ratio,Mg(OH)2,1,convective,2,58.031986,323.846829,5.112960374146948,129706.09192839313,-3.074889589114084,0.0008416090771124135
published_vector_plot_digitization,2,8,left,figure2_mg_si_o_1_1_3,false,gas_mixing_ratio,Mg(OH)2,1,convective,3,58.232757,323.581524,5.104330383265144,127154.10438847424,-3.1265215986700556,0.0007472714693827566
published_vector_plot_digitization,2,8,left,figure2_mg_si_o_1_1_3,false,gas_mixing_ratio,Mg(OH)2,1,convective,4,58.336727,323.448872,5.099861310779669,125852.34460417838,-3.15233750614115,0.0007041456389263721
published_vector_plot_digitization,2,8,left,figure2_mg_si_o_1_1_3,false,gas_mixing_ratio,Mg(OH)2,1,convective,5,58.437113,323.31622,5.095546293846642,124608.10568513164,-3.1781534136122453,0.0006635086459658014
published_vector_plot_digitization,2,8,left,figure2_mg_si_o_1_1_3,false,gas_mixing_ratio,Mg(OH)2,1,convective,6,58.537498,323.179983,5.091231319897864,123376.18014247532,-3.204667011493462,0.0006242132578073387
published_vector_plot_digitization,2,8,left,figure2_mg_si_o_1_1_3,false,gas_mixing_ratio,Mg(OH)2,1,convective,7,58.641469,323.043745,5.0867622044281395,122113.08535506764,-3.2311808039884613,0.000587244821883063
published_vector_plot_digitization,2,8,left,figure2_mg_si_o_1_1_3,false,gas_mixing_ratio,Mg(OH)2,1,convective,8,58.741854,322.907508,5.082447230479363,120905.82658073418,-3.2576944018696783,0.000552466053949522
published_vector_plot_digitization,2,8,left,figure2_mg_si_o_1_1_3,false,gas_mixing_ratio,Mg(OH)2,1,convective,9,58.84224,322.767685,5.078132213546335,119710.49140088986,-3.28490588477481,0.0005189124793939356
published_vector_plot_digitization,2,8,left,figure2_mg_si_o_1_1_3,false,gas_mixing_ratio,Mg(OH)2,1,convective,10,58.946211,322.627862,5.07366309807661,118484.92502728441,-3.312117367679931,0.0004873967537838463
published_vector_plot_digitization,2,8,left,figure2_mg_si_o_1_1_3,false,gas_mixing_ratio,Mg(OH)2,1,convective,11,59.046596,322.48804,5.069348124127833,117313.53569624336,-3.3393286559712707,0.00045779531517277236
published_vector_plot_digitization,2,8,left,figure2_mg_si_o_1_1_3,false,gas_mixing_ratio,Mg(OH)2,1,convective,12,59.146982,322.344632,5.065033107194806,116153.71569206842,-3.367237829286525,0.0004293012674899343
published_vector_plot_digitization,2,8,left,figure2_mg_si_o_1_1_3,false,gas_mixing_ratio,Mg(OH)2,1,convective,13,59.250952,322.204809,5.060564034709331,114964.5740862063,-3.394449312191646,0.00040322800564416325
published_vector_plot_digitization,2,8,left,figure2_mg_si_o_1_1_3,false,gas_mixing_ratio,Mg(OH)2,1,convective,14,59.351338,322.061401,5.056249017776303,113827.97708565315,-3.4223584855069005,0.00037813033068096646
published_vector_plot_digitization,2,8,left,figure2_mg_si_o_1_1_3,false,gas_mixing_ratio,Mg(OH)2,1,convective,15,59.451723,321.914408,5.051934043827526,112702.62820349415,-3.450965349232277,0.00035402558636286007
published_vector_plot_digitization,2,8,left,figure2_mg_si_o_1_1_3,false,gas_mixing_ratio,Mg(OH)2,1,convective,16,59.555694,321.771001,5.047464928357801,111548.80659833027,-3.478874327933739,0.0003319905119566751
published_vector_plot_digitization,2,8,left,figure2_mg_si_o_1_1_3,false,gas_mixing_ratio,Mg(OH)2,1,convective,17,59.756465,321.477015,5.038834937475996,109354.06647240813,-3.536088055384492,0.00029101270153968246
published_vector_plot_digitization,2,8,left,figure2_mg_si_o_1_1_3,false,gas_mixing_ratio,Mg(OH)2,1,convective,18,59.860436,321.330022,5.034365822006271,108234.52661322603,-3.5646949191098685,0.0002724614608833123
published_vector_plot_digitization,2,8,left,figure2_mg_si_o_1_1_3,false,gas_mixing_ratio,Mg(OH)2,1,convective,19,59.960821,321.183029,5.030050848057494,107164.47681831884,-3.5933017828352454,0.0002550928096055832
published_vector_plot_digitization,2,8,left,figure2_mg_si_o_1_1_3,false,gas_mixing_ratio,Mg(OH)2,1,convective,20,60.061206,321.03245,5.025735874108717,106105.00596341753,-3.622606531584526,0.00023844788157445921
published_vector_plot_digitization,2,8,left,figure2_mg_si_o_1_1_3,false,gas_mixing_ratio,Mg(OH)2,1,convective,21,60.165177,320.881872,5.021266758638992,105018.72918133945,-3.651911085720025,0.00022288914295115868
published_vector_plot_digitization,2,8,left,figure2_mg_si_o_1_1_3,false,gas_mixing_ratio,Mg(OH)2,1,convective,22,60.466334,320.430137,5.00832175082416,101934.62999031246,-3.7398249427403036,0.0001820434499190955
published_vector_plot_digitization,2,8,left,figure2_mg_si_o_1_1_3,false,gas_mixing_ratio,Mg(OH)2,1,convective,23,60.570304,320.275974,5.003852678338685,100891.05847064631,-3.7698271872859244,0.00016989195452131662
published_vector_plot_digitization,2,8,left,figure2_mg_si_o_1_1_3,false,gas_mixing_ratio,Mg(OH)2,1,convective,24,60.771075,319.967647,4.99522268745688,98906.01119739651,-3.8298318709909593,0.00014796811082469881
published_vector_plot_digitization,2,8,left,figure2_mg_si_o_1_1_3,false,gas_mixing_ratio,Mg(OH)2,1,convective,25,60.875046,319.813484,4.990753571987156,97893.4359414401,-3.8598341155365805,0.0001380911621154567
published_vector_plot_digitization,2,8,left,figure2_mg_si_o_1_1_3,false,gas_mixing_ratio,Mg(OH)2,1,convective,26,60.975431,319.65932,4.9864385980383785,96925.62230257953,-3.8898365546959943,0.00012887344714303822
published_vector_plot_digitization,2,8,left,figure2_mg_si_o_1_1_3,false,gas_mixing_ratio,Mg(OH)2,1,convective,27,61.075817,319.501572,4.982123581105351,95967.36735785846,-3.9205364896517376,0.00012007801785913447
published_vector_plot_digitization,2,8,left,figure2_mg_si_o_1_1_3,false,gas_mixing_ratio,Mg(OH)2,1,convective,28,61.179788,319.347408,4.977654465635626,94984.8772099955,-3.950538928811152,0.00011206269721064089
published_vector_plot_digitization,2,8,left,figure2_mg_si_o_1_1_3,false,gas_mixing_ratio,Mg(OH)2,1,convective,29,61.380558,319.031911,4.969024517738071,93116.04418815352,-4.011938993336431,9.728838781288102e-05
published_vector_plot_digitization,2,8,left,figure2_mg_si_o_1_1_3,false,gas_mixing_ratio,Mg(OH)2,1,convective,30,61.484529,318.874162,4.9645554022683465,92162.74518098489,-4.042639122905957,9.064855323805592e-05
published_vector_plot_digitization,2,8,left,figure2_mg_si_o_1_1_3,false,gas_mixing_ratio,Mg(OH)2,1,convective,31,61.584915,318.712829,4.960240385335319,91251.57841010725,-4.074036748271833,8.432634011500848e-05
published_vector_plot_digitization,2,8,left,figure2_mg_si_o_1_1_3,false,gas_mixing_ratio,Mg(OH)2,2,non_convective,0,61.6853,318.55508,4.955925411386542,90349.42882976493,-4.104736877841369,7.857115225290545e-05
published_vector_plot_digitization,2,8,left,figure2_mg_si_o_1_1_3,false,gas_mixing_ratio,Mg(OH)2,2,non_convective,1,61.789271,318.347139,4.951456295916817,89424.45374568975,-4.145205062380202,7.158053460340284e-05
published_vector_plot_digitization,2,8,left,figure2_mg_si_o_1_1_3,false,gas_mixing_ratio,Mg(OH)2,2,non_convective,2,61.990042,318.060323,4.9428263050350125,87665.01370451543,-4.201023409010712,6.294722526083659e-05
published_vector_plot_digitization,2,8,left,figure2_mg_si_o_1_1_3,false,gas_mixing_ratio,Mg(OH)2,2,non_convective,3,62.094012,317.916915,4.938357232549538,86767.52958570448,-4.228932582325955,5.902927071076212e-05
published_vector_plot_digitization,2,8,left,figure2_mg_si_o_1_1_3,false,gas_mixing_ratio,Mg(OH)2,2,non_convective,4,62.194398,317.769922,4.93404221561651,85909.70260155399,-4.257539446051331,5.526632084317344e-05
published_vector_plot_digitization,2,8,left,figure2_mg_si_o_1_1_3,false,gas_mixing_ratio,Mg(OH)2,2,non_convective,5,62.294783,317.626514,4.929727241667733,85060.36494077378,-4.285448619366585,5.1826440335077654e-05
published_vector_plot_digitization,2,8,left,figure2_mg_si_o_1_1_3,false,gas_mixing_ratio,Mg(OH)2,2,non_convective,6,62.398754,317.479521,4.925258126198008,84189.53798335287,-4.314055483091963,4.852265063128714e-05
published_vector_plot_digitization,2,8,left,figure2_mg_si_o_1_1_3,false,gas_mixing_ratio,Mg(OH)2,2,non_convective,7,62.49914,317.328943,4.9209431092649805,83357.19830732292,-4.343360037227461,4.535654475734522e-05
published_vector_plot_digitization,2,8,left,figure2_mg_si_o_1_1_3,false,gas_mixing_ratio,Mg(OH)2,2,non_convective,8,62.599525,317.18195,4.916628135316203,82533.09572431326,-4.371966900952838,4.246519268685758e-05
published_vector_plot_digitization,2,8,left,figure2_mg_si_o_1_1_3,false,gas_mixing_ratio,Mg(OH)2,2,non_convective,9,62.703496,317.031372,4.912159019846478,81688.1423234411,-4.401271455088336,3.969433630834715e-05
published_vector_plot_digitization,2,8,left,figure2_mg_si_o_1_1_3,false,gas_mixing_ratio,Mg(OH)2,2,non_convective,10,62.904267,316.730215,4.903529028964674,80080.91541320753,-4.459880757973116,3.46832065296634e-05
published_vector_plot_digitization,2,8,left,figure2_mg_si_o_1_1_3,false,gas_mixing_ratio,Mg(OH)2,2,non_convective,11,63.008237,316.576052,4.899059956479199,79261.07467211729,-4.489883002518737,3.2368084372218446e-05
published_vector_plot_digitization,2,8,left,figure2_mg_si_o_1_1_3,false,gas_mixing_ratio,Mg(OH)2,2,non_convective,12,63.209008,316.267725,4.890429965597394,77701.60069555562,-4.549887686223773,2.8191118932419318e-05
published_vector_plot_digitization,2,8,left,figure2_mg_si_o_1_1_3,false,gas_mixing_ratio,Mg(OH)2,2,non_convective,13,63.312979,316.113562,4.8859608501276695,76906.11094462921,-4.579889930769394,2.6309347014134016e-05
published_vector_plot_digitization,2,8,left,figure2_mg_si_o_1_1_3,false,gas_mixing_ratio,Mg(OH)2,2,non_convective,14,63.51375,315.798065,4.877330859245864,75392.97124581934,-4.641289995294673,2.284073129708398e-05
published_vector_plot_digitization,2,8,left,figure2_mg_si_o_1_1_3,false,gas_mixing_ratio,Mg(OH)2,2,non_convective,15,63.617721,315.640316,4.87286174377614,74621.11667163979,-4.671990124864209,2.1281874368830565e-05
published_vector_plot_digitization,2,8,left,figure2_mg_si_o_1_1_3,false,gas_mixing_ratio,Mg(OH)2,2,non_convective,16,63.918877,315.156315,4.859916778945558,72429.71543774223,-4.766183390189392,1.713233704946447e-05
published_vector_plot_digitization,2,8,left,figure2_mg_si_o_1_1_3,false,gas_mixing_ratio,Mg(OH)2,2,non_convective,17,64.022848,314.991396,4.855447663475833,71688.19794289689,-4.798278900579172,1.5911865510930467e-05
published_vector_plot_digitization,2,8,left,figure2_mg_si_o_1_1_3,false,gas_mixing_ratio,Mg(OH)2,2,non_convective,18,64.223619,314.661558,4.846817672594028,70277.72149426154,-4.862469921358733,1.3725560190665777e-05
published_vector_plot_digitization,2,8,left,figure2_mg_si_o_1_1_3,false,gas_mixing_ratio,Mg(OH)2,2,non_convective,19,64.327589,314.493053,4.842348600108553,69558.24246514836,-4.8952633167724295,1.2727311783165172e-05
published_vector_plot_digitization,2,8,left,figure2_mg_si_o_1_1_3,false,gas_mixing_ratio,Mg(OH)2,2,non_convective,20,64.427975,314.324549,4.838033583175526,68870.55505902313,-4.928056517572332,1.1801670428264939e-05
published_vector_plot_digitization,2,8,left,figure2_mg_si_o_1_1_3,false,gas_mixing_ratio,Mg(OH)2,2,non_convective,21,64.52836,314.15246,4.833718609226748,68189.6732219417,-4.961547408782358,1.092578351815293e-05
published_vector_plot_digitization,2,8,left,figure2_mg_si_o_1_1_3,false,gas_mixing_ratio,Mg(OH)2,2,non_convective,22,64.632331,313.983956,4.8292494937570245,67491.5642295723,-4.994340609582271,1.0131165044794704e-05
published_vector_plot_digitization,2,8,left,figure2_mg_si_o_1_1_3,false,gas_mixing_ratio,Mg(OH)2,2,non_convective,23,64.732716,313.811866,4.824934519808247,66824.31564705765,-5.027831695406078,9.379254160392005e-06
published_vector_plot_digitization,2,8,left,figure2_mg_si_o_1_1_3,false,gas_mixing_ratio,Mg(OH)2,2,non_convective,24,64.833102,313.636192,4.8206195028752195,66163.65720220916,-5.062020277026237,8.66921398618735e-06
published_vector_plot_digitization,2,8,left,figure2_mg_si_o_1_1_3,false,gas_mixing_ratio,Mg(OH)2,2,non_convective,25,64.937073,313.460517,4.816150387405495,65486.29006025817,-5.096209053260177,8.01292258157382e-06
published_vector_plot_digitization,2,8,left,figure2_mg_si_o_1_1_3,false,gas_mixing_ratio,Mg(OH)2,2,non_convective,26,65.037458,313.284842,4.811835413456717,64838.86641975371,-5.130397829494106,7.4063148516806785e-06
published_vector_plot_digitization,2,8,left,figure2_mg_si_o_1_1_3,false,gas_mixing_ratio,Mg(OH)2,2,non_convective,27,65.137844,313.105583,4.80752039652369,64197.837114180875,-5.165284101524387,6.834644005146352e-06
published_vector_plot_digitization,2,8,left,figure2_mg_si_o_1_1_3,false,gas_mixing_ratio,Mg(OH)2,2,non_convective,28,65.241814,312.926323,4.803051324038215,63540.601840526644,-5.200170568168449,6.30709586076922e-06
published_vector_plot_digitization,2,8,left,figure2_mg_si_o_1_1_3,false,gas_mixing_ratio,Mg(OH)2,2,non_convective,29,65.3422,312.747063,4.798736307105187,62912.40782476724,-5.235057034812511,5.820267766247822e-06
published_vector_plot_digitization,2,8,left,figure2_mg_si_o_1_1_3,false,gas_mixing_ratio,Mg(OH)2,2,non_convective,30,65.442585,312.564218,4.794421333156411,62290.43061290618,-5.270641191866707,5.362395082627907e-06
published_vector_plot_digitization,2,8,left,figure2_mg_si_o_1_1_3,false,gas_mixing_ratio,Mg(OH)2,2,non_convective,31,65.546556,312.377788,4.789952217686686,61652.716605861366,-5.306923039331014,4.932612062836133e-06
published_vector_plot_digitization,2,8,left,figure2_mg_si_o_1_1_3,false,gas_mixing_ratio,Mg(OH)2,2,non_convective,32,65.747327,312.004927,4.781322226804881,60439.68981397262,-5.379486928873421,4.173621597843103e-06
published_vector_plot_digitization,2,8,left,figure2_mg_si_o_1_1_3,false,gas_mixing_ratio,Mg(OH)2,2,non_convective,33,65.851298,311.814912,4.776853111335155,59820.923233029505,-5.416466466747861,3.8329533470398045e-06
published_vector_plot_digitization,2,8,left,figure2_mg_si_o_1_1_3,false,gas_mixing_ratio,Mg(OH)2,2,non_convective,34,65.951683,311.624897,4.772538137386379,59229.50967360783,-5.453446004622301,3.5200918473720966e-06
published_vector_plot_digitization,2,8,left,figure2_mg_si_o_1_1_3,false,gas_mixing_ratio,Mg(OH)2,2,non_convective,35,66.052069,311.431296,4.768223120453351,58643.93726076371,-5.4911234275206455,3.2275767064065845e-06
published_vector_plot_digitization,2,8,left,figure2_mg_si_o_1_1_3,false,gas_mixing_ratio,Mg(OH)2,2,non_convective,36,66.156039,311.237696,4.763754047967876,58043.560894731505,-5.528800655805197,2.9593705265506273e-06
published_vector_plot_digitization,2,8,left,figure2_mg_si_o_1_1_3,false,gas_mixing_ratio,Mg(OH)2,2,non_convective,37,66.35681,310.843324,4.755124057086071,56901.54480301494,-5.605550882422141,2.479985362841503e-06
published_vector_plot_digitization,2,8,left,figure2_mg_si_o_1_1_3,false,gas_mixing_ratio,Mg(OH)2,2,non_convective,38,66.460781,310.642553,4.750654941616347,56319.00087473693,-5.64462368614073,2.266607460251504e-06
published_vector_plot_digitization,2,8,left,figure2_mg_si_o_1_1_3,false,gas_mixing_ratio,Mg(OH)2,2,non_convective,39,66.661552,310.233841,4.742024950734542,55210.91576974158,-5.724164674398174,1.8872756022567454e-06
published_vector_plot_digitization,2,8,left,figure2_mg_si_o_1_1_3,false,gas_mixing_ratio,Mg(OH)2,2,non_convective,40,66.765522,310.029485,4.737555878249067,54645.68549149879,-5.763935168526885,1.7221256346850155e-06
published_vector_plot_digitization,2,8,left,figure2_mg_si_o_1_1_3,false,gas_mixing_ratio,Mg(OH)2,3,convective,0,66.865908,309.817958,4.733240861316039,54105.43104601862,-5.8051012380896445,1.5663858884030445e-06
published_vector_plot_digitization,2,8,left,figure2_mg_si_o_1_1_3,false,gas_mixing_ratio,Mg(OH)2,3,convective,1,69.913324,306.204081,4.602249969737745,40017.50148583285,-6.508411510410548,3.1016192940018355e-07
published_vector_plot_digitization,2,8,left,figure2_mg_si_o_1_1_3,false,gas_mixing_ratio,Mg(OH)2,3,convective,2,72.957155,302.24244,4.471413176696147,29608.279832798577,-7.279401450175418,5.255312547950932e-08
published_vector_plot_digitization,2,8,left,figure2_mg_si_o_1_1_3,false,gas_mixing_ratio,Mg(OH)2,3,convective,3,76.004572,297.915108,4.340422242133601,21898.89706125578,-8.121559898662449,7.558578039053703e-09
published_vector_plot_digitization,2,8,left,figure2_mg_si_o_1_1_3,false,gas_mixing_ratio,Mg(OH)2,3,convective,4,78.747247,293.666651,4.222530413922586,16692.84704201957,-8.948368185057817,1.1262422485769112e-09
published_vector_plot_digitization,2,8,left,figure2_mg_si_o_1_1_3,false,gas_mixing_ratio,Mg(OH)2,3,convective,5,81.690692,287.984116,4.096008637814015,12474.08324076827,-10.05426781537813,8.825355014436715e-11
published_vector_plot_digitization,2,8,left,figure2_mg_si_o_1_1_3,false,gas_mixing_ratio,Mg(OH)2,3,convective,6,84.838494,281.211681,3.960702729302693,9134.877532088127,-11.372277007203307,4.243488140773659e-12
published_vector_plot_digitization,2,8,left,figure2_mg_si_o_1_1_3,false,gas_mixing_ratio,Mg(OH)2,3,convective,7,87.072071,276.06334,3.864694096861709,7323.085367306689,-12.37421512261534,4.2245930223016213e-13
published_vector_plot_digitization,2,8,left,figure2_mg_si_o_1_1_3,false,gas_mixing_ratio,Mg(OH)2,4,non_convective,0,87.176042,275.819547,3.8602249813919842,7248.113432331032,-12.42166060048299,3.7873845177931116e-13
published_vector_plot_digitization,2,8,left,figure2_mg_si_o_1_1_3,false,gas_mixing_ratio,Mg(OH)2,4,non_convective,1,92.862162,262.572249,3.615811377072398,4128.681460099214,-14.9997673716587,1.0005357900351156e-15
published_vector_plot_digitization,2,8,left,figure2_mg_si_o_1_1_3,false,gas_mixing_ratio,Mg(OH)2,4,non_convective,2,95.705222,256.502513,3.493604574912604,3116.0511278064164,-16.18102165316191,6.591410308081778e-17
published_vector_plot_digitization,2,8,left,figure2_mg_si_o_1_1_3,false,gas_mixing_ratio,Mg(OH)2,4,non_convective,3,98.143155,251.820247,3.388811853053119,2448.002477792002,-17.09225514991316,8.086206913954947e-18
published_vector_plot_digitization,2,8,left,figure2_mg_si_o_1_1_3,false,gas_mixing_ratio,Mg(OH)2,4,non_convective,4,100.272762,248.192029,3.297272293097609,1982.769789263114,-17.798356378488347,1.590902709561158e-18
published_vector_plot_digitization,2,8,left,figure2_mg_si_o_1_1_3,false,gas_mixing_ratio,Mg(OH)2,4,non_convective,5,100.97042586666838,247.155907,3.2672837349497055,1850.4771850502163,-18.0,1e-18
published_vector_plot_digitization,2,8,left,figure2_mg_si_o_1_1_3,false,gas_mixing_ratio,SiH4,0,non_convective,0,56.407892,330.759086,5.182770836869124,152324.87726607325,-1.729669108997556,0.018635064101917186
published_vector_plot_digitization,2,8,left,figure2_mg_si_o_1_1_3,false,gas_mixing_ratio,SiH4,0,non_convective,1,56.508277,330.74116,5.178455862920346,150818.93264028593,-1.733157755661971,0.01848597001841796
published_vector_plot_digitization,2,8,left,figure2_mg_si_o_1_1_3,false,gas_mixing_ratio,SiH4,0,non_convective,2,56.608663,330.719649,5.174140845987319,149327.86160533357,-1.7373440927364971,0.018308632494735976
published_vector_plot_digitization,2,8,left,figure2_mg_si_o_1_1_3,false,gas_mixing_ratio,SiH4,0,non_convective,3,56.712634,330.701723,5.169671730517594,147799.07992810366,-1.7408327394009013,0.01816215010181319
published_vector_plot_digitization,2,8,left,figure2_mg_si_o_1_1_3,false,gas_mixing_ratio,SiH4,0,non_convective,4,56.813019,330.687382,5.1653567565688165,146337.87914390574,-1.7436236956551832,0.01804580683670425
published_vector_plot_digitization,2,8,left,figure2_mg_si_o_1_1_3,false,gas_mixing_ratio,SiH4,0,non_convective,5,56.913405,330.669456,5.16104173963579,144891.11003416663,-1.7471123423195871,0.017901427240444252
published_vector_plot_digitization,2,8,left,figure2_mg_si_o_1_1_3,false,gas_mixing_ratio,SiH4,0,non_convective,6,57.01379,330.655116,5.156726765687012,143458.6586027489,-1.749903103960087,0.017786762086704173
published_vector_plot_digitization,2,8,left,figure2_mg_si_o_1_1_3,false,gas_mixing_ratio,SiH4,0,non_convective,7,57.117761,330.640775,5.152257650217287,141989.96437278966,-1.7526940602143688,0.017672823485531806
published_vector_plot_digitization,2,8,left,figure2_mg_si_o_1_1_3,false,gas_mixing_ratio,SiH4,0,non_convective,8,57.218146,330.626434,5.14794267626851,140586.19482706152,-1.7554850164686506,0.01755961475327959
published_vector_plot_digitization,2,8,left,figure2_mg_si_o_1_1_3,false,gas_mixing_ratio,SiH4,0,non_convective,9,57.318532,330.615678,5.143627659335483,139196.28973125524,-1.7575782823128103,0.017475182409173395
published_vector_plot_digitization,2,8,left,figure2_mg_si_o_1_1_3,false,gas_mixing_ratio,SiH4,0,non_convective,10,57.422502,330.604923,5.139158586850008,137771.2462144392,-1.759671353543188,0.017391163836499884
published_vector_plot_digitization,2,8,left,figure2_mg_si_o_1_1_3,false,gas_mixing_ratio,SiH4,0,non_convective,11,57.623273,330.590582,5.130528595968203,135060.57550906873,-1.7624623097974697,0.01727975936217056
published_vector_plot_digitization,2,8,left,figure2_mg_si_o_1_1_3,false,gas_mixing_ratio,SiH4,0,non_convective,12,57.727244,330.583412,5.126059480498478,133677.85877466522,-1.7638576906177144,0.01722432888406623
published_vector_plot_digitization,2,8,left,figure2_mg_si_o_1_1_3,false,gas_mixing_ratio,SiH4,1,convective,0,57.82763,330.579827,5.1217444635654505,132356.25292754816,-1.7645553810278365,0.017196680359974757
published_vector_plot_digitization,2,8,left,figure2_mg_si_o_1_1_3,false,gas_mixing_ratio,SiH4,1,convective,1,57.928015,330.572656,5.117429489616673,131047.72610407056,-1.7659509564618738,0.01714150870356848
published_vector_plot_digitization,2,8,left,figure2_mg_si_o_1_1_3,false,gas_mixing_ratio,SiH4,1,convective,2,58.031986,330.565486,5.112960374146948,129706.09192839313,-1.7673463372821183,0.017086521709655345
published_vector_plot_digitization,2,8,left,figure2_mg_si_o_1_1_3,false,gas_mixing_ratio,SiH4,1,convective,3,58.232757,330.558315,5.104330383265144,127154.10438847424,-1.7687419127161557,0.017031703472343826
published_vector_plot_digitization,2,8,left,figure2_mg_si_o_1_1_3,false,gas_mixing_ratio,SiH4,1,convective,4,58.336727,330.55473,5.099861310779669,125852.34460417838,-1.7694396031262778,0.017004364150914032
published_vector_plot_digitization,2,8,left,figure2_mg_si_o_1_1_3,false,gas_mixing_ratio,SiH4,1,convective,5,58.437113,330.54756,5.095546293846642,124608.10568513164,-1.7708349839465334,0.016949817092995156
published_vector_plot_digitization,2,8,left,figure2_mg_si_o_1_1_3,false,gas_mixing_ratio,SiH4,1,convective,6,58.537498,330.543975,5.091231319897864,123376.18014247532,-1.7715326743566555,0.016922609215730612
published_vector_plot_digitization,2,8,left,figure2_mg_si_o_1_1_3,false,gas_mixing_ratio,SiH4,1,convective,7,58.641469,330.540389,5.0867622044281395,122113.08535506764,-1.7722305593805596,0.016895437441503052
published_vector_plot_digitization,2,8,left,figure2_mg_si_o_1_1_3,false,gas_mixing_ratio,SiH4,1,convective,8,58.741854,330.540389,5.082447230479363,120905.82658073418,-1.7722305593805596,0.016895437441503052
published_vector_plot_digitization,2,8,left,figure2_mg_si_o_1_1_3,false,gas_mixing_ratio,SiH4,1,convective,9,58.84224,330.536804,5.078132213546335,119710.49140088986,-1.772928249790682,0.016868316854554106
published_vector_plot_digitization,2,8,left,figure2_mg_si_o_1_1_3,false,gas_mixing_ratio,SiH4,1,convective,10,58.946211,330.533219,5.07366309807661,118484.92502728441,-1.7736259402008152,0.0168412398016203
published_vector_plot_digitization,2,8,left,figure2_mg_si_o_1_1_3,false,gas_mixing_ratio,SiH4,1,convective,11,59.046596,330.529634,5.069348124127833,117313.53569624336,-1.7743236306109373,0.0168142062128216
published_vector_plot_digitization,2,8,left,figure2_mg_si_o_1_1_3,false,gas_mixing_ratio,SiH4,1,convective,12,59.146982,330.529634,5.065033107194806,116153.71569206842,-1.7743236306109373,0.0168142062128216
published_vector_plot_digitization,2,8,left,figure2_mg_si_o_1_1_3,false,gas_mixing_ratio,SiH4,1,convective,13,59.250952,330.526049,5.060564034709331,114964.5740862063,-1.7750213210210597,0.01678721601838886
published_vector_plot_digitization,2,8,left,figure2_mg_si_o_1_1_3,false,gas_mixing_ratio,SiH4,1,convective,14,59.451723,330.526049,5.051934043827526,112702.62820349415,-1.7750213210210597,0.01678721601838886
published_vector_plot_digitization,2,8,left,figure2_mg_si_o_1_1_3,false,gas_mixing_ratio,SiH4,1,convective,15,59.555694,330.522463,5.047464928357801,111548.80659833027,-1.7757192060449638,0.016760261638142527
published_vector_plot_digitization,2,8,left,figure2_mg_si_o_1_1_3,false,gas_mixing_ratio,SiH4,1,convective,16,59.960821,330.522463,5.030050848057494,107164.47681831884,-1.7757192060449638,0.016760261638142527
published_vector_plot_digitization,2,8,left,figure2_mg_si_o_1_1_3,false,gas_mixing_ratio,SiH4,1,convective,17,60.061206,330.518878,5.025735874108717,106105.00596341753,-1.776416896455097,0.01673335803563888
published_vector_plot_digitization,2,8,left,figure2_mg_si_o_1_1_3,false,gas_mixing_ratio,SiH4,1,convective,18,60.265563,330.518878,5.016951741705965,103980.4617538456,-1.776416896455097,0.01673335803563888
published_vector_plot_digitization,2,8,left,figure2_mg_si_o_1_1_3,false,gas_mixing_ratio,SiH4,1,convective,19,60.365948,330.522463,5.012636767757187,102952.46934462429,-1.7757192060449638,0.016760261638142527
published_vector_plot_digitization,2,8,left,figure2_mg_si_o_1_1_3,false,gas_mixing_ratio,SiH4,1,convective,20,60.875046,330.522463,4.990753571987156,97893.4359414401,-1.7757192060449638,0.016760261638142527
published_vector_plot_digitization,2,8,left,figure2_mg_si_o_1_1_3,false,gas_mixing_ratio,SiH4,1,convective,21,60.975431,330.526049,4.9864385980383785,96925.62230257953,-1.7750213210210597,0.01678721601838886
published_vector_plot_digitization,2,8,left,figure2_mg_si_o_1_1_3,false,gas_mixing_ratio,SiH4,1,convective,22,61.280173,330.526049,4.973339491686849,94045.81874539812,-1.7750213210210597,0.01678721601838886
published_vector_plot_digitization,2,8,left,figure2_mg_si_o_1_1_3,false,gas_mixing_ratio,SiH4,1,convective,23,61.380558,330.529634,4.969024517738071,93116.04418815352,-1.7743236306109373,0.0168142062128216
published_vector_plot_digitization,2,8,left,figure2_mg_si_o_1_1_3,false,gas_mixing_ratio,SiH4,1,convective,24,61.484529,330.529634,4.9645554022683465,92162.74518098489,-1.7743236306109373,0.0168142062128216
published_vector_plot_digitization,2,8,left,figure2_mg_si_o_1_1_3,false,gas_mixing_ratio,SiH4,1,convective,25,61.584915,330.533219,4.960240385335319,91251.57841010725,-1.7736259402008152,0.0168412398016203
published_vector_plot_digitization,2,8,left,figure2_mg_si_o_1_1_3,false,gas_mixing_ratio,SiH4,2,non_convective,0,61.6853,330.533219,4.955925411386542,90349.42882976493,-1.7736259402008152,0.0168412398016203
published_vector_plot_digitization,2,8,left,figure2_mg_si_o_1_1_3,false,gas_mixing_ratio,SiH4,2,non_convective,1,61.789271,330.518878,4.951456295916817,89424.45374568975,-1.776416896455097,0.01673335803563888
published_vector_plot_digitization,2,8,left,figure2_mg_si_o_1_1_3,false,gas_mixing_ratio,SiH4,2,non_convective,2,61.889656,330.479441,4.94714132196804,88540.36785014014,-1.7840918801940273,0.01644023873498981
published_vector_plot_digitization,2,8,left,figure2_mg_si_o_1_1_3,false,gas_mixing_ratio,SiH4,2,non_convective,3,61.990042,330.436419,4.9428263050350125,87665.01370451543,-1.7924645543430908,0.016126326396263446
published_vector_plot_digitization,2,8,left,figure2_mg_si_o_1_1_3,false,gas_mixing_ratio,SiH4,2,non_convective,4,62.094012,330.393396,4.938357232549538,86767.52958570448,-1.8008374231059365,0.015818400857485652
published_vector_plot_digitization,2,8,left,figure2_mg_si_o_1_1_3,false,gas_mixing_ratio,SiH4,2,non_convective,5,62.294783,330.307352,4.929727241667733,85060.36494077378,-1.8175827714040633,0.0152200902827325
published_vector_plot_digitization,2,8,left,figure2_mg_si_o_1_1_3,false,gas_mixing_ratio,SiH4,2,non_convective,6,62.398754,330.264329,4.925258126198008,84189.53798335287,-1.825955640166909,0.014929468948065539
published_vector_plot_digitization,2,8,left,figure2_mg_si_o_1_1_3,false,gas_mixing_ratio,SiH4,2,non_convective,7,62.49914,330.221307,4.9209431092649805,83357.19830732292,-1.8343283143159614,0.014644403470065553
published_vector_plot_digitization,2,8,left,figure2_mg_si_o_1_1_3,false,gas_mixing_ratio,SiH4,2,non_convective,8,62.599525,330.174699,4.916628135316203,82533.09572431326,-1.8433988734889402,0.014341716274792493
published_vector_plot_digitization,2,8,left,figure2_mg_si_o_1_1_3,false,gas_mixing_ratio,SiH4,2,non_convective,9,62.703496,330.131677,4.912159019846478,81688.1423234411,-1.8517715476379928,0.0140678734328645
published_vector_plot_digitization,2,8,left,figure2_mg_si_o_1_1_3,false,gas_mixing_ratio,SiH4,2,non_convective,10,62.904267,330.038462,4.903529028964674,80080.91541320753,-1.8699124713701571,0.013492347828272551
published_vector_plot_digitization,2,8,left,figure2_mg_si_o_1_1_3,false,gas_mixing_ratio,SiH4,2,non_convective,11,63.008237,329.991854,4.899059956479199,79261.07467211729,-1.8789830305431248,0.013213472629966836
published_vector_plot_digitization,2,8,left,figure2_mg_si_o_1_1_3,false,gas_mixing_ratio,SiH4,2,non_convective,12,63.209008,329.898639,4.890429965597394,77701.60069555562,-1.8971239542752782,0.01267290110290499
published_vector_plot_digitization,2,8,left,figure2_mg_si_o_1_1_3,false,gas_mixing_ratio,SiH4,2,non_convective,13,63.312979,329.852032,4.8859608501276695,76906.11094462921,-1.906194318834464,0.012410968723532263
published_vector_plot_digitization,2,8,left,figure2_mg_si_o_1_1_3,false,gas_mixing_ratio,SiH4,2,non_convective,14,63.413364,329.801839,4.881645876178892,76145.78638999349,-1.915962568417565,0.012134934362335096
published_vector_plot_digitization,2,8,left,figure2_mg_si_o_1_1_3,false,gas_mixing_ratio,SiH4,2,non_convective,15,63.51375,329.755232,4.877330859245864,75392.97124581934,-1.9250329329767508,0.01188412105563852
published_vector_plot_digitization,2,8,left,figure2_mg_si_o_1_1_3,false,gas_mixing_ratio,SiH4,2,non_convective,16,63.617721,329.705039,4.87286174377614,74621.11667163979,-1.9348011825598408,0.011619804398570535
published_vector_plot_digitization,2,8,left,figure2_mg_si_o_1_1_3,false,gas_mixing_ratio,SiH4,2,non_convective,17,63.918877,329.554461,4.859916778945558,72429.71543774223,-1.9641057366953396,0.010861611462246288
published_vector_plot_digitization,2,8,left,figure2_mg_si_o_1_1_3,false,gas_mixing_ratio,SiH4,2,non_convective,18,64.022848,329.500683,4.855447663475833,71688.19794289689,-1.9745716766885626,0.01060298930419875
published_vector_plot_digitization,2,8,left,figure2_mg_si_o_1_1_3,false,gas_mixing_ratio,SiH4,2,non_convective,19,64.123233,329.45049,4.851132689527056,70979.45976196334,-1.9843399262716526,0.010367166505466508
published_vector_plot_digitization,2,8,left,figure2_mg_si_o_1_1_3,false,gas_mixing_ratio,SiH4,2,non_convective,20,64.223619,329.396712,4.846817672594028,70277.72149426154,-1.994805866264876,0.010120317409105302
published_vector_plot_digitization,2,8,left,figure2_mg_si_o_1_1_3,false,gas_mixing_ratio,SiH4,2,non_convective,21,64.327589,329.342934,4.842348600108553,69558.24246514836,-2.005271806258088,0.00987934595311429
published_vector_plot_digitization,2,8,left,figure2_mg_si_o_1_1_3,false,gas_mixing_ratio,SiH4,2,non_convective,22,64.427975,329.292741,4.838033583175526,68870.55505902313,-2.015040055841189,0.009659617823105947
published_vector_plot_digitization,2,8,left,figure2_mg_si_o_1_1_3,false,gas_mixing_ratio,SiH4,2,non_convective,23,64.52836,329.235378,4.833718609226748,68189.6732219417,-2.026203686244523,0.009414479492525886
published_vector_plot_digitization,2,8,left,figure2_mg_si_o_1_1_3,false,gas_mixing_ratio,SiH4,2,non_convective,24,64.632331,329.1816,4.8292494937570245,67491.5642295723,-2.0366696262377464,0.009190314504511497
published_vector_plot_digitization,2,8,left,figure2_mg_si_o_1_1_3,false,gas_mixing_ratio,SiH4,2,non_convective,25,64.732716,329.127822,4.824934519808247,66824.31564705765,-2.0471355662309696,0.008971487033233045
published_vector_plot_digitization,2,8,left,figure2_mg_si_o_1_1_3,false,gas_mixing_ratio,SiH4,2,non_convective,26,64.833102,329.070459,4.8206195028752195,66163.65720220916,-2.058299196634304,0.008743811840029567
published_vector_plot_digitization,2,8,left,figure2_mg_si_o_1_1_3,false,gas_mixing_ratio,SiH4,2,non_convective,27,64.937073,329.013096,4.816150387405495,65486.29006025817,-2.069462827037649,0.0085219145065506
published_vector_plot_digitization,2,8,left,figure2_mg_si_o_1_1_3,false,gas_mixing_ratio,SiH4,2,non_convective,28,65.137844,328.89837,4.80752039652369,64197.837114180875,-2.09179008784434,0.008094870626010886
published_vector_plot_digitization,2,8,left,figure2_mg_si_o_1_1_3,false,gas_mixing_ratio,SiH4,2,non_convective,29,65.241814,328.841007,4.803051324038215,63540.601840526644,-2.102953718247685,0.007889441890851489
published_vector_plot_digitization,2,8,left,figure2_mg_si_o_1_1_3,false,gas_mixing_ratio,SiH4,2,non_convective,30,65.3422,328.783643,4.798736307105187,62912.40782476724,-2.114117543264813,0.007689223007095934
published_vector_plot_digitization,2,8,left,figure2_mg_si_o_1_1_3,false,gas_mixing_ratio,SiH4,2,non_convective,31,65.442585,328.722695,4.794421333156411,62290.43061290618,-2.12597886407828,0.0074820591275550725
published_vector_plot_digitization,2,8,left,figure2_mg_si_o_1_1_3,false,gas_mixing_ratio,SiH4,2,non_convective,32,65.546556,328.661747,4.789952217686686,61652.716605861366,-2.137840184891748,0.007280476679707204
published_vector_plot_digitization,2,8,left,figure2_mg_si_o_1_1_3,false,gas_mixing_ratio,SiH4,2,non_convective,33,65.747327,328.53985,4.781322226804881,60439.68981397262,-2.1615630211324652,0.006893455539314299
published_vector_plot_digitization,2,8,left,figure2_mg_si_o_1_1_3,false,gas_mixing_ratio,SiH4,2,non_convective,34,65.851298,328.478902,4.776853111335155,59820.923233029505,-2.1734243419459323,0.006707731313127997
published_vector_plot_digitization,2,8,left,figure2_mg_si_o_1_1_3,false,gas_mixing_ratio,SiH4,2,non_convective,35,66.052069,328.349835,4.768223120453351,58643.93726076371,-2.1985425590069054,0.006330783196957683
published_vector_plot_digitization,2,8,left,figure2_mg_si_o_1_1_3,false,gas_mixing_ratio,SiH4,2,non_convective,36,66.156039,328.288886,4.763754047967876,58043.560894731505,-2.210404074434155,0.006160215789511695
published_vector_plot_digitization,2,8,left,figure2_mg_si_o_1_1_3,false,gas_mixing_ratio,SiH4,2,non_convective,37,66.256425,328.220768,4.759439031034849,57469.71336179579,-2.2236607760678666,0.005975018082260217
published_vector_plot_digitization,2,8,left,figure2_mg_si_o_1_1_3,false,gas_mixing_ratio,SiH4,2,non_convective,38,66.35681,328.156234,4.755124057086071,56901.54480301494,-2.2362199819052493,0.005804703191215038
published_vector_plot_digitization,2,8,left,figure2_mg_si_o_1_1_3,false,gas_mixing_ratio,SiH4,2,non_convective,39,66.460781,328.088116,4.750654941616347,56319.00087473693,-2.2494766835389615,0.005630193440417232
published_vector_plot_digitization,2,8,left,figure2_mg_si_o_1_1_3,false,gas_mixing_ratio,SiH4,2,non_convective,40,66.561166,328.023582,4.746339967667569,55762.2087195798,-2.2620358893763446,0.005469707602689818
published_vector_plot_digitization,2,8,left,figure2_mg_si_o_1_1_3,false,gas_mixing_ratio,SiH4,2,non_convective,41,66.661552,327.951878,4.742024950734542,55210.91576974158,-2.275990476033961,0.00529675059401812
published_vector_plot_digitization,2,8,left,figure2_mg_si_o_1_1_3,false,gas_mixing_ratio,SiH4,2,non_convective,42,66.765522,327.883759,4.737555878249067,54645.68549149879,-2.2892473722814657,0.005137509378867709
published_vector_plot_digitization,2,8,left,figure2_mg_si_o_1_1_3,false,gas_mixing_ratio,SiH4,3,convective,0,66.865908,327.815641,4.733240861316039,54105.43104601862,-2.3025040739151774,0.004983057815731041
published_vector_plot_digitization,2,8,left,figure2_mg_si_o_1_1_3,false,gas_mixing_ratio,SiH4,3,convective,1,70.927935,326.023043,4.558637676734379,36194.0912303293,-2.6513683511282493,0.0022316785997840024
published_vector_plot_digitization,2,8,left,figure2_mg_si_o_1_1_3,false,gas_mixing_ratio,SiH4,3,convective,2,74.885991,324.033259,4.388503607622442,24462.655967469804,-3.038607741649777,0.0009149392490452051
published_vector_plot_digitization,2,8,left,figure2_mg_si_o_1_1_3,false,gas_mixing_ratio,SiH4,3,convective,3,78.338534,322.061401,4.24009863574384,17381.955580195,-3.4223584855069005,0.00037813033068096646
published_vector_plot_digitization,2,8,left,figure2_mg_si_o_1_1_3,false,gas_mixing_ratio,SiH4,3,convective,4,82.300176,319.526668,4.069810425110957,11743.848096076443,-3.9156524621670896,0.00012143602358341619
published_vector_plot_digitization,2,8,left,figure2_mg_si_o_1_1_3,false,gas_mixing_ratio,SiH4,3,convective,5,86.157846,316.798334,3.903991372932047,8016.6213856541,-4.4466238617256115,3.575824027574554e-05
published_vector_plot_digitization,2,8,left,figure2_mg_si_o_1_1_3,false,gas_mixing_ratio,SiH4,3,convective,6,87.072071,316.113562,3.864694096861709,7323.085367306689,-4.579889930769394,2.6309347014134016e-05
published_vector_plot_digitization,2,8,left,figure2_mg_si_o_1_1_3,false,gas_mixing_ratio,SiH4,4,non_convective,0,87.176042,316.034687,3.8602249813919842,7248.113432331032,-4.595240092861047,2.5395683570494405e-05
published_vector_plot_digitization,2,8,left,figure2_mg_si_o_1_1_3,false,gas_mixing_ratio,SiH4,4,non_convective,1,92.353064,312.245136,3.6376945728424293,4342.047527158541,-5.332738946802109,4.64794577990592e-06
published_vector_plot_digitization,2,8,left,figure2_mg_si_o_1_1_3,false,gas_mixing_ratio,SiH4,4,non_convective,2,94.991768,310.581605,3.524271860101139,3344.0430526810064,-5.656485006954197,2.2055402764243947e-06
published_vector_plot_digitization,2,8,left,figure2_mg_si_o_1_1_3,false,gas_mixing_ratio,SiH4,4,non_convective,3,97.12496,309.484535,3.4325782016089317,2707.5606992724447,-5.8699899492793275,1.3489941015147144e-06
published_vector_plot_digitization,2,8,left,figure2_mg_si_o_1_1_3,false,gas_mixing_ratio,SiH4,4,non_convective,4,99.157766,308.685036,3.3451995600497524,2214.1118691441407,-6.0255834737435725,9.427933840667706e-07
published_vector_plot_digitization,2,8,left,figure2_mg_si_o_1_1_3,false,gas_mixing_ratio,SiH4,4,non_convective,5,101.186987,308.125746,3.2579750170272703,1811.2358975159125,-6.134429016136514,7.337886397185944e-07
published_vector_plot_digitization,2,8,left,figure2_mg_si_o_1_1_3,false,gas_mixing_ratio,SiH4,4,non_convective,6,103.524534,307.724204,3.1574973121008116,1437.1341587379836,-6.212574623573703,6.129504615830936e-07
published_vector_plot_digitization,2,8,left,figure2_mg_si_o_1_1_3,false,gas_mixing_ratio,SiH4,4,non_convective,7,106.568365,307.440973,3.026660519059214,1063.3115199421413,-6.267695279794078,5.398892998490869e-07
published_vector_plot_digitization,2,8,left,figure2_mg_si_o_1_1_3,false,gas_mixing_ratio,SiH4,4,non_convective,8,111.239875,307.261714,2.825859164758744,669.667411019838,-6.3025815518243595,4.982168920105903e-07
published_vector_plot_digitization,2,8,left,figure2_mg_si_o_1_1_3,false,gas_mixing_ratio,SiH4,4,non_convective,9,120.988023,307.154158,2.4068423328732464,255.1774733138903,-6.323513431810794,4.747736069699137e-07
published_vector_plot_digitization,2,8,left,figure2_mg_si_o_1_1_3,false,gas_mixing_ratio,SiH4,4,non_convective,10,155.312686,307.086039,0.9314224330320284,8.539303179625389,-6.3367703280582885,4.605000396661113e-07
published_vector_plot_digitization,2,8,left,figure2_mg_si_o_1_1_3,false,gas_mixing_ratio,SiH4,4,non_convective,11,170.237856,306.992824,0.2898751925969778,1.9492843345770774,-6.354911251790453,4.416606916290222e-07
published_vector_plot_digitization,2,8,left,figure2_mg_si_o_1_1_3,false,gas_mixing_ratio,SiH4,4,non_convective,12,229.945706,280.745606,-2.2766219662166254,0.005289054398200612,-11.462981625864085,3.4436449983234553e-12
published_vector_plot_digitization,2,8,left,figure2_mg_si_o_1_1_3,false,gas_mixing_ratio,SiH4,4,non_convective,13,246.702911,277.045684,-2.996917857329051,0.0010071221384128554,-12.1830374410969,6.560887015971994e-13
published_vector_plot_digitization,2,8,left,figure2_mg_si_o_1_1_3,false,gas_mixing_ratio,CO,0,non_convective,0,56.407892,316.464911,5.182770836869124,152324.87726607325,-4.511512572915305,3.079551186566454e-05
published_vector_plot_digitization,2,8,left,figure2_mg_si_o_1_1_3,false,gas_mixing_ratio,CO,0,non_convective,1,56.508277,316.407548,5.178455862920346,150818.93264028593,-4.522676203318641,3.0013994366074583e-05
published_vector_plot_digitization,2,8,left,figure2_mg_si_o_1_1_3,false,gas_mixing_ratio,CO,0,non_convective,2,56.608663,316.3466,5.174140845987319,149327.86160533357,-4.534537524132108,2.9205354077237137e-05
published_vector_plot_digitization,2,8,left,figure2_mg_si_o_1_1_3,false,gas_mixing_ratio,CO,0,non_convective,3,56.712634,316.289236,5.169671730517594,147799.07992810366,-4.545701349149235,2.8464178278755044e-05
published_vector_plot_digitization,2,8,left,figure2_mg_si_o_1_1_3,false,gas_mixing_ratio,CO,0,non_convective,4,57.01379,316.117147,5.156726765687012,143458.6586027489,-4.579192240359271,2.635164672544602e-05
published_vector_plot_digitization,2,8,left,figure2_mg_si_o_1_1_3,false,gas_mixing_ratio,CO,0,non_convective,5,57.117761,316.063369,5.152257650217287,141989.96437278966,-4.589658180352483,2.572419657516926e-05
published_vector_plot_digitization,2,8,left,figure2_mg_si_o_1_1_3,false,gas_mixing_ratio,CO,0,non_convective,6,57.218146,316.006006,5.14794267626851,140586.19482706152,-4.6008218107558285,2.5071377103484525e-05
published_vector_plot_digitization,2,8,left,figure2_mg_si_o_1_1_3,false,gas_mixing_ratio,CO,0,non_convective,7,57.318532,315.952228,5.143627659335483,139196.28973125524,-4.611287750749052,2.447441102029651e-05
published_vector_plot_digitization,2,8,left,figure2_mg_si_o_1_1_3,false,gas_mixing_ratio,CO,0,non_convective,8,57.422502,315.902035,5.139158586850008,137771.2462144392,-4.621056000332142,2.3930071689326543e-05
published_vector_plot_digitization,2,8,left,figure2_mg_si_o_1_1_3,false,gas_mixing_ratio,CO,0,non_convective,9,57.522888,315.848257,5.13484356991698,136409.17110169725,-4.6315219403253645,2.3360280843461957e-05
published_vector_plot_digitization,2,8,left,figure2_mg_si_o_1_1_3,false,gas_mixing_ratio,CO,0,non_convective,10,57.623273,315.798065,5.130528595968203,135060.57550906873,-4.641289995294673,2.284073129708398e-05
published_vector_plot_digitization,2,8,left,figure2_mg_si_o_1_1_3,false,gas_mixing_ratio,CO,0,non_convective,11,57.727244,315.747872,5.126059480498478,133677.85877466522,-4.651058244877774,2.2332726900866914e-05
published_vector_plot_digitization,2,8,left,figure2_mg_si_o_1_1_3,false,gas_mixing_ratio,CO,1,convective,0,57.82763,315.697679,5.1217444635654505,132356.25292754816,-4.6608264944608635,2.1836021112528578e-05
published_vector_plot_digitization,2,8,left,figure2_mg_si_o_1_1_3,false,gas_mixing_ratio,CO,1,convective,1,57.928015,315.690509,5.117429489616673,131047.72610407056,-4.662221875281108,2.176597493510246e-05
published_vector_plot_digitization,2,8,left,figure2_mg_si_o_1_1_3,false,gas_mixing_ratio,CO,1,convective,2,58.031986,315.683338,5.112960374146948,129706.09192839313,-4.6636174507151456,2.1696143731327662e-05
published_vector_plot_digitization,2,8,left,figure2_mg_si_o_1_1_3,false,gas_mixing_ratio,CO,1,convective,3,58.132371,315.676168,5.108645400198172,128423.76565590773,-4.66501283153539,2.1626546256337347e-05
published_vector_plot_digitization,2,8,left,figure2_mg_si_o_1_1_3,false,gas_mixing_ratio,CO,1,convective,4,58.232757,315.672583,5.104330383265144,127154.10438847424,-4.665710521945523,2.1591831284902588e-05
published_vector_plot_digitization,2,8,left,figure2_mg_si_o_1_1_3,false,gas_mixing_ratio,CO,1,convective,5,58.336727,315.665412,5.099861310779669,125852.34460417838,-4.66710609737955,2.1522558781611963e-05
published_vector_plot_digitization,2,8,left,figure2_mg_si_o_1_1_3,false,gas_mixing_ratio,CO,1,convective,6,58.437113,315.658242,5.095546293846642,124608.10568513164,-4.668501478199805,2.1453518137104276e-05
published_vector_plot_digitization,2,8,left,figure2_mg_si_o_1_1_3,false,gas_mixing_ratio,CO,1,convective,7,58.537498,315.654657,5.091231319897864,123376.18014247532,-4.669199168609928,2.141908091072214e-05
published_vector_plot_digitization,2,8,left,figure2_mg_si_o_1_1_3,false,gas_mixing_ratio,CO,1,convective,8,58.641469,315.647486,5.0867622044281395,122113.08535506764,-4.670594744043953,2.13503626379045e-05
published_vector_plot_digitization,2,8,left,figure2_mg_si_o_1_1_3,false,gas_mixing_ratio,CO,1,convective,9,58.84224,315.640316,5.078132213546335,119710.49140088986,-4.671990124864209,2.1281874368830565e-05
published_vector_plot_digitization,2,8,left,figure2_mg_si_o_1_1_3,false,gas_mixing_ratio,CO,1,convective,10,58.946211,315.636731,5.07366309807661,118484.92502728441,-4.6726878152743305,2.124771266533788e-05
published_vector_plot_digitization,2,8,left,figure2_mg_si_o_1_1_3,false,gas_mixing_ratio,CO,1,convective,11,59.046596,315.62956,5.069348124127833,117313.53569624336,-4.674083390708358,2.1179544188745666e-05
published_vector_plot_digitization,2,8,left,figure2_mg_si_o_1_1_3,false,gas_mixing_ratio,CO,1,convective,12,59.146982,315.625975,5.065033107194806,116153.71569206842,-4.674781081118491,2.1145546745843842e-05
published_vector_plot_digitization,2,8,left,figure2_mg_si_o_1_1_3,false,gas_mixing_ratio,CO,1,convective,13,59.250952,315.62239,5.060564034709331,114964.5740862063,-4.675478771528613,2.1111603875699837e-05
published_vector_plot_digitization,2,8,left,figure2_mg_si_o_1_1_3,false,gas_mixing_ratio,CO,1,convective,14,59.451723,315.61522,5.051934043827526,112702.62820349415,-4.676874152348858,2.104388150342297e-05
published_vector_plot_digitization,2,8,left,figure2_mg_si_o_1_1_3,false,gas_mixing_ratio,CO,1,convective,15,59.555694,315.611634,5.047464928357801,111548.80659833027,-4.677572037372773,2.1010092411575354e-05
published_vector_plot_digitization,2,8,left,figure2_mg_si_o_1_1_3,false,gas_mixing_ratio,CO,1,convective,16,59.756465,315.604464,5.038834937475996,109354.06647240813,-4.678967418193017,2.094269567051084e-05
published_vector_plot_digitization,2,8,left,figure2_mg_si_o_1_1_3,false,gas_mixing_ratio,CO,1,convective,17,59.860436,315.600879,5.034365822006271,108234.52661322603,-4.67966510860314,2.090907841728232e-05
published_vector_plot_digitization,2,8,left,figure2_mg_si_o_1_1_3,false,gas_mixing_ratio,CO,1,convective,18,60.061206,315.593708,5.025735874108717,106105.00596341753,-4.681060684037177,2.084199637202347e-05
published_vector_plot_digitization,2,8,left,figure2_mg_si_o_1_1_3,false,gas_mixing_ratio,CO,1,convective,19,60.165177,315.590123,5.021266758638992,105018.72918133945,-4.681758374447299,2.0808540761492267e-05
published_vector_plot_digitization,2,8,left,figure2_mg_si_o_1_1_3,false,gas_mixing_ratio,CO,1,convective,20,60.265563,315.586538,5.016951741705965,103980.4617538456,-4.682456064857422,2.0775138853968014e-05
published_vector_plot_digitization,2,8,left,figure2_mg_si_o_1_1_3,false,gas_mixing_ratio,CO,1,convective,21,60.365948,315.586538,5.012636767757187,102952.46934462429,-4.682456064857422,2.0775138853968014e-05
published_vector_plot_digitization,2,8,left,figure2_mg_si_o_1_1_3,false,gas_mixing_ratio,CO,1,convective,22,60.466334,315.582953,5.00832175082416,101934.62999031246,-4.683153755267555,2.0741790563246035e-05
published_vector_plot_digitization,2,8,left,figure2_mg_si_o_1_1_3,false,gas_mixing_ratio,CO,1,convective,23,60.570304,315.579368,5.003852678338685,100891.05847064631,-4.683851445677677,2.0708495803261608e-05
published_vector_plot_digitization,2,8,left,figure2_mg_si_o_1_1_3,false,gas_mixing_ratio,CO,1,convective,24,60.771075,315.572197,4.99522268745688,98906.01119739651,-4.685247021111703,2.064205728191777e-05
published_vector_plot_digitization,2,8,left,figure2_mg_si_o_1_1_3,false,gas_mixing_ratio,CO,1,convective,25,60.875046,315.568612,4.990753571987156,97893.4359414401,-4.685944711521837,2.0608922613977563e-05
published_vector_plot_digitization,2,8,left,figure2_mg_si_o_1_1_3,false,gas_mixing_ratio,CO,1,convective,26,61.075817,315.561442,4.982123581105351,95967.36735785846,-4.6873400923420805,2.0542812756209076e-05
published_vector_plot_digitization,2,8,left,figure2_mg_si_o_1_1_3,false,gas_mixing_ratio,CO,1,convective,27,61.179788,315.557856,4.977654465635626,94984.8772099955,-4.688037977365985,2.050982820500333e-05
published_vector_plot_digitization,2,8,left,figure2_mg_si_o_1_1_3,false,gas_mixing_ratio,CO,1,convective,28,61.380558,315.550686,4.969024517738071,93116.04418815352,-4.68943335818624,2.0444036224951908e-05
published_vector_plot_digitization,2,8,left,figure2_mg_si_o_1_1_3,false,gas_mixing_ratio,CO,1,convective,29,61.484529,315.547101,4.9645554022683465,92162.74518098489,-4.6901310485963625,2.04112194207735e-05
published_vector_plot_digitization,2,8,left,figure2_mg_si_o_1_1_3,false,gas_mixing_ratio,CO,1,convective,30,61.584915,315.543516,4.960240385335319,91251.57841010725,-4.690828739006484,2.037845529418896e-05
published_vector_plot_digitization,2,8,left,figure2_mg_si_o_1_1_3,false,gas_mixing_ratio,CO,2,non_convective,0,61.6853,315.53993,4.955925411386542,90349.42882976493,-4.691526624030389,2.0345734643413322e-05
published_vector_plot_digitization,2,8,left,figure2_mg_si_o_1_1_3,false,gas_mixing_ratio,CO,2,non_convective,1,61.789271,315.475397,4.951456295916817,89424.45374568975,-4.704085635253989,1.976579854806997e-05
published_vector_plot_digitization,2,8,left,figure2_mg_si_o_1_1_3,false,gas_mixing_ratio,CO,2,non_convective,2,62.194398,315.07027,4.93404221561651,85909.70260155399,-4.7829289331013,1.6484321149010996e-05
published_vector_plot_digitization,2,8,left,figure2_mg_si_o_1_1_3,false,gas_mixing_ratio,CO,2,non_convective,3,62.294783,314.966299,4.929727241667733,85060.36494077378,-4.8031631226776135,1.5733917814625733e-05
published_vector_plot_digitization,2,8,left,figure2_mg_si_o_1_1_3,false,gas_mixing_ratio,CO,2,non_convective,4,62.398754,314.862328,4.925258126198008,84189.53798335287,-4.823397312253927,1.501767452596915e-05
published_vector_plot_digitization,2,8,left,figure2_mg_si_o_1_1_3,false,gas_mixing_ratio,CO,2,non_convective,5,62.49914,314.754773,4.9209431092649805,83357.19830732292,-4.84432899762658,1.4311033632918586e-05
published_vector_plot_digitization,2,8,left,figure2_mg_si_o_1_1_3,false,gas_mixing_ratio,CO,2,non_convective,6,62.599525,314.650802,4.916628135316203,82533.09572431326,-4.864563187202893,1.365956322903813e-05
published_vector_plot_digitization,2,8,left,figure2_mg_si_o_1_1_3,false,gas_mixing_ratio,CO,2,non_convective,7,62.703496,314.543246,4.912159019846478,81688.1423234411,-4.8854950671893285,1.3016821002821737e-05
published_vector_plot_digitization,2,8,left,figure2_mg_si_o_1_1_3,false,gas_mixing_ratio,CO,2,non_convective,8,62.803881,314.432105,4.9078440458977015,80880.54069506342,-4.907124637585897,1.2384411169840077e-05
published_vector_plot_digitization,2,8,left,figure2_mg_si_o_1_1_3,false,gas_mixing_ratio,CO,2,non_convective,9,62.904267,314.324549,4.903529028964674,80080.91541320753,-4.928056517572332,1.1801670428264939e-05
published_vector_plot_digitization,2,8,left,figure2_mg_si_o_1_1_3,false,gas_mixing_ratio,CO,2,non_convective,10,63.008237,314.213408,4.899059956479199,79261.07467211729,-4.949686087968889,1.1228297526938121e-05
published_vector_plot_digitization,2,8,left,figure2_mg_si_o_1_1_3,false,gas_mixing_ratio,CO,2,non_convective,11,63.108623,314.105852,4.894744939546172,78477.46023741853,-4.9706179679553255,1.0699956991587584e-05
published_vector_plot_digitization,2,8,left,figure2_mg_si_o_1_1_3,false,gas_mixing_ratio,CO,2,non_convective,12,63.209008,313.991126,4.890429965597394,77701.60069555562,-4.992945228762015,1.0163768655999015e-05
published_vector_plot_digitization,2,8,left,figure2_mg_si_o_1_1_3,false,gas_mixing_ratio,CO,2,non_convective,13,63.312979,313.879985,4.8859608501276695,76906.11094462921,-5.014574799158584,9.669971650047142e-06
published_vector_plot_digitization,2,8,left,figure2_mg_si_o_1_1_3,false,gas_mixing_ratio,CO,2,non_convective,14,63.51375,313.650532,4.877330859245864,75392.97124581934,-5.059229515385737,8.725101434936384e-06
published_vector_plot_digitization,2,8,left,figure2_mg_si_o_1_1_3,false,gas_mixing_ratio,CO,2,non_convective,15,63.617721,313.535806,4.87286174377614,74621.11667163979,-5.081556776192427,8.287875601232743e-06
published_vector_plot_digitization,2,8,left,figure2_mg_si_o_1_1_3,false,gas_mixing_ratio,CO,2,non_convective,16,63.718106,313.42108,4.868546769827363,73883.38248377242,-5.103884036999108,7.87255970532006e-06
published_vector_plot_digitization,2,8,left,figure2_mg_si_o_1_1_3,false,gas_mixing_ratio,CO,2,non_convective,17,63.918877,313.184457,4.859916778945558,72429.71543774223,-5.149934134046515,7.080531609734995e-06
published_vector_plot_digitization,2,8,left,figure2_mg_si_o_1_1_3,false,gas_mixing_ratio,CO,2,non_convective,18,64.022848,313.06256,4.855447663475833,71688.19794289689,-5.173656970287232,6.7041393020959014e-06
published_vector_plot_digitization,2,8,left,figure2_mg_si_o_1_1_3,false,gas_mixing_ratio,CO,2,non_convective,19,64.123233,312.944249,4.851132689527056,70979.45976196334,-5.1966819215040445,6.357964204489534e-06
published_vector_plot_digitization,2,8,left,figure2_mg_si_o_1_1_3,false,gas_mixing_ratio,CO,2,non_convective,20,64.223619,312.822352,4.846817672594028,70277.72149426154,-5.220404757744762,6.019982686897775e-06
published_vector_plot_digitization,2,8,left,figure2_mg_si_o_1_1_3,false,gas_mixing_ratio,CO,2,non_convective,21,64.327589,312.69687,4.842348600108553,69558.24246514836,-5.2448252843956125,5.690818250207508e-06
published_vector_plot_digitization,2,8,left,figure2_mg_si_o_1_1_3,false,gas_mixing_ratio,CO,2,non_convective,22,64.427975,312.574974,4.838033583175526,68870.55505902313,-5.268547926022548,5.3883038014182685e-06
published_vector_plot_digitization,2,8,left,figure2_mg_si_o_1_1_3,false,gas_mixing_ratio,CO,2,non_convective,23,64.52836,312.449492,4.833718609226748,68189.6732219417,-5.292968452673387,5.093678704012375e-06
published_vector_plot_digitization,2,8,left,figure2_mg_si_o_1_1_3,false,gas_mixing_ratio,CO,2,non_convective,24,64.632331,312.320425,4.8292494937570245,67491.5642295723,-5.31808666973436,4.807433995895271e-06
published_vector_plot_digitization,2,8,left,figure2_mg_si_o_1_1_3,false,gas_mixing_ratio,CO,2,non_convective,25,64.732716,312.194943,4.824934519808247,66824.31564705765,-5.342507196385198,4.544570066630511e-06
published_vector_plot_digitization,2,8,left,figure2_mg_si_o_1_1_3,false,gas_mixing_ratio,CO,2,non_convective,26,64.833102,312.065876,4.8206195028752195,66163.65720220916,-5.367625413446172,4.289183104116422e-06
published_vector_plot_digitization,2,8,left,figure2_mg_si_o_1_1_3,false,gas_mixing_ratio,CO,2,non_convective,27,64.937073,311.936809,4.816150387405495,65486.29006025817,-5.392743630507145,4.048147884377986e-06
published_vector_plot_digitization,2,8,left,figure2_mg_si_o_1_1_3,false,gas_mixing_ratio,CO,2,non_convective,28,65.137844,311.671504,4.80752039652369,64197.837114180875,-5.444375640063104,3.5943830694139066e-06
published_vector_plot_digitization,2,8,left,figure2_mg_si_o_1_1_3,false,gas_mixing_ratio,CO,2,non_convective,29,65.241814,311.535267,4.803051324038215,63540.601840526644,-5.470889237944333,3.381510669390693e-06
published_vector_plot_digitization,2,8,left,figure2_mg_si_o_1_1_3,false,gas_mixing_ratio,CO,2,non_convective,30,65.3422,311.402615,4.798736307105187,62912.40782476724,-5.496705145415417,3.1863600958849287e-06
published_vector_plot_digitization,2,8,left,figure2_mg_si_o_1_1_3,false,gas_mixing_ratio,CO,2,non_convective,31,65.442585,311.262792,4.794421333156411,62290.43061290618,-5.523916628320548,2.992839117946279e-06
published_vector_plot_digitization,2,8,left,figure2_mg_si_o_1_1_3,false,gas_mixing_ratio,CO,2,non_convective,32,65.546556,311.126555,4.789952217686686,61652.716605861366,-5.550430226201765,2.8155923321649918e-06
published_vector_plot_digitization,2,8,left,figure2_mg_si_o_1_1_3,false,gas_mixing_ratio,CO,2,non_convective,33,65.646941,310.986732,4.785637243737908,61043.19320492924,-5.577641709106887,2.644589631528415e-06
published_vector_plot_digitization,2,8,left,figure2_mg_si_o_1_1_3,false,gas_mixing_ratio,CO,2,non_convective,34,65.747327,310.843324,4.781322226804881,60439.68981397262,-5.605550882422141,2.479985362841503e-06
published_vector_plot_digitization,2,8,left,figure2_mg_si_o_1_1_3,false,gas_mixing_ratio,CO,2,non_convective,35,65.851298,310.699916,4.776853111335155,59820.923233029505,-5.6334600557373955,2.3256263756708318e-06
published_vector_plot_digitization,2,8,left,figure2_mg_si_o_1_1_3,false,gas_mixing_ratio,CO,2,non_convective,36,65.951683,310.556508,4.772538137386379,59229.50967360783,-5.661369229052639,2.1808749842858063e-06
published_vector_plot_digitization,2,8,left,figure2_mg_si_o_1_1_3,false,gas_mixing_ratio,CO,2,non_convective,37,66.052069,310.409515,4.768223120453351,58643.93726076371,-5.689976092778016,2.041850342196678e-06
published_vector_plot_digitization,2,8,left,figure2_mg_si_o_1_1_3,false,gas_mixing_ratio,CO,2,non_convective,38,66.156039,310.262522,4.763754047967876,58043.560894731505,-5.7185829565033925,1.911688129750369e-06
published_vector_plot_digitization,2,8,left,figure2_mg_si_o_1_1_3,false,gas_mixing_ratio,CO,2,non_convective,39,66.35681,309.961366,4.755124057086071,56901.54480301494,-5.777192064774391,1.6703517454219193e-06
published_vector_plot_digitization,2,8,left,figure2_mg_si_o_1_1_3,false,gas_mixing_ratio,CO,2,non_convective,40,66.460781,309.807203,4.750654941616347,56319.00087473693,-5.807194309320011,1.5588548936747843e-06
published_vector_plot_digitization,2,8,left,figure2_mg_si_o_1_1_3,false,gas_mixing_ratio,CO,2,non_convective,41,66.561166,309.653039,4.746339967667569,55762.2087195798,-5.837196748479426,1.4547998631201117e-06
published_vector_plot_digitization,2,8,left,figure2_mg_si_o_1_1_3,false,gas_mixing_ratio,CO,2,non_convective,42,66.661552,309.49529,4.742024950734542,55210.91576974158,-5.86789687804895,1.35551123630913e-06
published_vector_plot_digitization,2,8,left,figure2_mg_si_o_1_1_3,false,gas_mixing_ratio,CO,2,non_convective,43,66.765522,309.337542,4.737555878249067,54645.68549149879,-5.898596813004704,1.2629995243405259e-06
published_vector_plot_digitization,2,8,left,figure2_mg_si_o_1_1_3,false,gas_mixing_ratio,CO,3,convective,0,66.865908,309.176208,4.733240861316039,54105.43104601862,-5.9299946329843625,1.1749120744252143e-06
published_vector_plot_digitization,2,8,left,figure2_mg_si_o_1_1_3,false,gas_mixing_ratio,CO,3,convective,1,69.809354,307.046602,4.60671904222322,40431.42443868762,-6.34444531179723,4.5243343108171897e-07
published_vector_plot_digitization,2,8,left,figure2_mg_si_o_1_1_3,false,gas_mixing_ratio,CO,3,convective,2,72.652414,304.71981,4.4845122400634265,30514.920305323147,-6.7972711039185745,1.5948832467634264e-07
published_vector_plot_digitization,2,8,left,figure2_mg_si_o_1_1_3,false,gas_mixing_ratio,CO,3,convective,3,75.495474,302.099032,4.3623054379036335,23030.609833009577,-7.307310623490661,4.928211939083934e-08
published_vector_plot_digitization,2,8,left,figure2_mg_si_o_1_1_3,false,gas_mixing_ratio,CO,3,convective,4,78.033793,299.471083,4.253197699111119,17914.211574451405,-7.818745718496785,1.5179388678146242e-08
published_vector_plot_digitization,2,8,left,figure2_mg_si_o_1_1_3,false,gas_mixing_ratio,CO,3,convective,5,80.880438,296.1978,4.130836798414629,13515.64569333556,-8.455771704193978,3.501291712447481e-09
published_vector_plot_digitization,2,8,left,figure2_mg_si_o_1_1_3,false,gas_mixing_ratio,CO,3,convective,6,83.619528,292.709404,4.013099068740311,10306.211929626046,-9.134661644477815,7.333956936141579e-10
published_vector_plot_digitization,2,8,left,figure2_mg_si_o_1_1_3,false,gas_mixing_ratio,CO,3,convective,7,86.362202,288.855319,3.895207283513545,7856.105075534008,-9.884719704256247,1.304008120021611e-10
published_vector_plot_digitization,2,8,left,figure2_mg_si_o_1_1_3,false,gas_mixing_ratio,CO,3,convective,8,87.072071,287.794101,3.864694096861709,7323.085367306689,-10.091247353252559,8.10499304941355e-11
published_vector_plot_digitization,2,8,left,figure2_mg_si_o_1_1_3,false,gas_mixing_ratio,CO,4,non_convective,0,87.176042,287.639937,3.8602249813919842,7248.113432331032,-10.121249792411973,7.563977139065398e-11
published_vector_plot_digitization,2,8,left,figure2_mg_si_o_1_1_3,false,gas_mixing_ratio,CO,4,non_convective,1,92.657806,279.519469,3.6245954664909004,4213.038874780476,-11.70160478525018,1.9879031173185967e-12
published_vector_plot_digitization,2,8,left,figure2_mg_si_o_1_1_3,false,gas_mixing_ratio,CO,4,non_convective,2,95.400481,275.858984,3.506703638279884,3211.468290940479,-12.41398561674405,3.8549112440798415e-13
published_vector_plot_digitization,2,8,left,figure2_mg_si_o_1_1_3,false,gas_mixing_ratio,CO,4,non_convective,3,97.734443,273.105554,3.406380031890123,2549.059846447404,-12.949841043787242,1.1224291996714002e-13
published_vector_plot_digitization,2,8,left,figure2_mg_si_o_1_1_3,false,gas_mixing_ratio,CO,4,non_convective,4,99.767249,271.047652,3.319001390330943,2084.4975563039156,-13.350337135942482,4.463369732927773e-14
published_vector_plot_digitization,2,8,left,figure2_mg_si_o_1_1_3,false,gas_mixing_ratio,CO,4,non_convective,5,101.595699,269.491677,3.2404068381902666,1739.429527778357,-13.653151316108147,2.2225353839219846e-14
published_vector_plot_digitization,2,8,left,figure2_mg_si_o_1_1_3,false,gas_mixing_ratio,CO,4,non_convective,6,103.320178,268.294221,3.166281401519314,1466.497751776802,-13.886192757599456,1.2995926378043246e-14
published_vector_plot_digitization,2,8,left,figure2_mg_si_o_1_1_3,false,gas_mixing_ratio,CO,4,non_convective,7,105.048242,267.36207,3.092001866311664,1235.9527447440169,-14.067602189534796,8.558503063634457e-15
published_vector_plot_digitization,2,8,left,figure2_mg_si_o_1_1_3,false,gas_mixing_ratio,CO,4,non_convective,8,106.772722,266.680883,3.0178763866564617,1042.0207965483453,-14.200170568168454,6.307095860769143e-15
published_vector_plot_digitization,2,8,left,figure2_mg_si_o_1_1_3,false,gas_mixing_ratio,CO,4,non_convective,9,108.601171,266.207637,2.939281877500035,869.524608454474,-14.292270762263271,5.101868232189485e-15
published_vector_plot_digitization,2,8,left,figure2_mg_si_o_1_1_3,false,gas_mixing_ratio,CO,4,non_convective,10,110.530007,265.949503,2.85637230842633,718.4098999330531,-14.342507196385203,4.544570066630465e-15
published_vector_plot_digitization,2,8,left,figure2_mg_si_o_1_1_3,false,gas_mixing_ratio,CO,4,non_convective,11,112.663198,265.89931,2.7646786929183738,581.6727156031667,-14.352275445968294,4.443493549301214e-15
published_vector_plot_digitization,2,8,left,figure2_mg_si_o_1_1_3,false,gas_mixing_ratio,CO,4,non_convective,12,115.101131,266.082155,2.6598859710588876,456.96819168142133,-14.316691288914111,4.82290504075524e-15
published_vector_plot_digitization,2,8,left,figure2_mg_si_o_1_1_3,false,gas_mixing_ratio,CO,4,non_convective,13,117.944191,266.52672,2.537679168899094,344.88886169153267,-14.230172812714075,5.886093916675315e-15
published_vector_plot_digitization,2,8,left,figure2_mg_si_o_1_1_3,false,gas_mixing_ratio,CO,4,non_convective,14,121.49712,267.319048,2.3849591800874648,242.63820255098034,-14.075974863683857,8.395085746160613e-15
published_vector_plot_digitization,2,8,left,figure2_mg_si_o_1_1_3,false,gas_mixing_ratio,CO,4,non_convective,15,126.269016,268.627644,2.179842808853967,151.30135201423232,-13.821304046409772,1.5090233280067363e-14
published_vector_plot_digitization,2,8,left,figure2_mg_si_o_1_1_3,false,gas_mixing_ratio,CO,4,non_convective,16,133.57923,270.886318,1.8656187418122059,73.38693365006364,-13.38173495592214,4.152073607928776e-14
published_vector_plot_digitization,2,8,left,figure2_mg_si_o_1_1_3,false,gas_mixing_ratio,CO,4,non_convective,17,149.017083,275.937859,1.2020342070704242,15.92334141817725,-12.398635454652396,3.993599831548428e-13
published_vector_plot_digitization,2,8,left,figure2_mg_si_o_1_1_3,false,gas_mixing_ratio,CO,4,non_convective,18,170.947725,283.305436,0.2593620059451416,1.8170296158228563,-10.964803427105467,1.0844176383747157e-11
published_vector_plot_digitization,2,8,left,figure2_mg_si_o_1_1_3,false,gas_mixing_ratio,CO,4,non_convective,19,185.672124,289.658403,-0.37355524360810577,0.4231016864437147,-9.728428489381871,1.8688373733451376e-10
published_vector_plot_digitization,2,8,left,figure2_mg_si_o_1_1_3,false,gas_mixing_ratio,CO,4,non_convective,20,191.257859,291.834616,-0.6136538739789144,0.2434143210907482,-9.304907446009818,4.955557891501692e-10
published_vector_plot_digitization,2,8,left,figure2_mg_si_o_1_1_3,false,gas_mixing_ratio,CO,4,non_convective,21,195.2195,293.146798,-0.7839420416275491,0.16445911859814744,-9.049538743711818,8.921980224332982e-10
published_vector_plot_digitization,2,8,left,figure2_mg_si_o_1_1_3,false,gas_mixing_ratio,CO,4,non_convective,22,198.568073,294.028756,-0.9278779410206761,0.11806524127875384,-8.87789756135957,1.3246539493583181e-09
published_vector_plot_digitization,2,8,left,figure2_mg_si_o_1_1_3,false,gas_mixing_ratio,CO,4,non_convective,23,201.819845,294.648995,-1.0676529220174729,0.08557503353145106,-8.757190503539377,1.7490792856306052e-09
published_vector_plot_digitization,2,8,left,figure2_mg_si_o_1_1_3,false,gas_mixing_ratio,CO,4,non_convective,24,205.272389,295.082804,-1.2160579368803255,0.060805387868515144,-8.672765293183502,2.124392242257363e-09
published_vector_plot_digitization,2,8,left,figure2_mg_si_o_1_1_3,false,gas_mixing_ratio,CO,4,non_convective,25,209.434801,295.37679,-1.3949760954107635,0.04027392014278068,-8.61555156573275,2.4235301908553954e-09
published_vector_plot_digitization,2,8,left,figure2_mg_si_o_1_1_3,false,gas_mixing_ratio,CO,4,non_convective,26,215.425663,295.552464,-1.6524888060818794,0.022259284172450402,-8.581362984112602,2.6220261331226414e-09
published_vector_plot_digitization,2,8,left,figure2_mg_si_o_1_1_3,false,gas_mixing_ratio,CO,4,non_convective,27,227.102646,295.627753,-2.1544151640568314,0.007007850622361059,-8.566710707044852,2.7119975506157427e-09
published_vector_plot_digitization,2,8,left,figure2_mg_si_o_1_1_3,false,gas_mixing_ratio,CO,4,non_convective,28,246.702911,295.634924,-2.996917857329051,0.0010071221384128554,-8.565315131610815,2.7207263853772964e-09
published_vector_plot_digitization,2,8,left,figure2_mg_si_o_1_1_3,false,gas_mixing_ratio,H,0,non_convective,0,56.407892,327.245595,5.182770836869124,152324.87726607325,-2.41344288215228,0.0038597317094824736
published_vector_plot_digitization,2,8,left,figure2_mg_si_o_1_1_3,false,gas_mixing_ratio,H,0,non_convective,1,56.508277,327.177476,5.178455862920346,150818.93264028593,-2.4266997783997737,0.003743692950121936
published_vector_plot_digitization,2,8,left,figure2_mg_si_o_1_1_3,false,gas_mixing_ratio,H,0,non_convective,2,56.608663,327.112942,5.174140845987319,149327.86160533357,-2.4392589842371564,0.00363698086186907
published_vector_plot_digitization,2,8,left,figure2_mg_si_o_1_1_3,false,gas_mixing_ratio,H,0,non_convective,3,56.712634,327.044824,5.169671730517594,147799.07992810366,-2.452515685870869,0.003527640452384958
published_vector_plot_digitization,2,8,left,figure2_mg_si_o_1_1_3,false,gas_mixing_ratio,H,0,non_convective,4,57.01379,326.840467,5.156726765687012,143458.6586027489,-2.4922863746133728,0.0032189455124756465
published_vector_plot_digitization,2,8,left,figure2_mg_si_o_1_1_3,false,gas_mixing_ratio,H,0,non_convective,5,57.117761,326.768763,5.152257650217287,141989.96437278966,-2.5062409612709997,0.0031171595986104143
published_vector_plot_digitization,2,8,left,figure2_mg_si_o_1_1_3,false,gas_mixing_ratio,H,0,non_convective,6,57.318532,326.625356,5.143627659335483,139196.28973125524,-2.534149939972461,0.002923142989819514
published_vector_plot_digitization,2,8,left,figure2_mg_si_o_1_1_3,false,gas_mixing_ratio,H,0,non_convective,7,57.422502,326.553652,5.139158586850008,137771.2462144392,-2.5481045266300884,0.0028307106142404985
published_vector_plot_digitization,2,8,left,figure2_mg_si_o_1_1_3,false,gas_mixing_ratio,H,0,non_convective,8,57.522888,326.481948,5.13484356991698,136409.17110169725,-2.5620591132877153,0.0027412010324094943
published_vector_plot_digitization,2,8,left,figure2_mg_si_o_1_1_3,false,gas_mixing_ratio,H,0,non_convective,9,57.623273,326.406659,5.130528595968203,135060.57550906873,-2.576711390355465,0.0026502607797299032
published_vector_plot_digitization,2,8,left,figure2_mg_si_o_1_1_3,false,gas_mixing_ratio,H,0,non_convective,10,57.727244,326.33137,5.126059480498478,133677.85877466522,-2.5913636674232143,0.002562337500070404
published_vector_plot_digitization,2,8,left,figure2_mg_si_o_1_1_3,false,gas_mixing_ratio,H,1,convective,0,57.82763,326.25608,5.1217444635654505,132356.25292754816,-2.606016139104746,0.0024773299942227687
published_vector_plot_digitization,2,8,left,figure2_mg_si_o_1_1_3,false,gas_mixing_ratio,H,1,convective,1,57.928015,326.220229,5.117429489616673,131047.72610407056,-2.6129932378197718,0.002437848776586374
published_vector_plot_digitization,2,8,left,figure2_mg_si_o_1_1_3,false,gas_mixing_ratio,H,1,convective,2,58.031986,326.184377,5.112960374146948,129706.09192839313,-2.6199705311485912,0.0023989956962413815
published_vector_plot_digitization,2,8,left,figure2_mg_si_o_1_1_3,false,gas_mixing_ratio,H,1,convective,3,58.232757,326.112673,5.104330383265144,127154.10438847424,-2.6339251178062186,0.002323137323257336
published_vector_plot_digitization,2,8,left,figure2_mg_si_o_1_1_3,false,gas_mixing_ratio,H,1,convective,4,58.336727,326.076821,5.099861310779669,125852.34460417838,-2.6409024111350266,0.0022861124503695237
published_vector_plot_digitization,2,8,left,figure2_mg_si_o_1_1_3,false,gas_mixing_ratio,H,1,convective,5,58.537498,326.005117,5.091231319897864,123376.18014247532,-2.6548569977926535,0.0022138235458019576
published_vector_plot_digitization,2,8,left,figure2_mg_si_o_1_1_3,false,gas_mixing_ratio,H,1,convective,6,58.641469,325.96568,5.0867622044281395,122113.08535506764,-2.662531981531584,0.002175043857461825
published_vector_plot_digitization,2,8,left,figure2_mg_si_o_1_1_3,false,gas_mixing_ratio,H,1,convective,7,58.84224,325.893976,5.078132213546335,119710.49140088986,-2.6764865681892114,0.002106267040373532
published_vector_plot_digitization,2,8,left,figure2_mg_si_o_1_1_3,false,gas_mixing_ratio,H,1,convective,8,58.946211,325.858124,5.07366309807661,118484.92502728441,-2.6834638615180304,0.0020726985256512087
published_vector_plot_digitization,2,8,left,figure2_mg_si_o_1_1_3,false,gas_mixing_ratio,H,1,convective,9,59.046596,325.818687,5.069348124127833,117313.53569624336,-2.6911388452569605,0.0020363909332957917
published_vector_plot_digitization,2,8,left,figure2_mg_si_o_1_1_3,false,gas_mixing_ratio,H,1,convective,10,59.146982,325.782835,5.065033107194806,116153.71569206842,-2.69811613858578,0.0020039360651739288
published_vector_plot_digitization,2,8,left,figure2_mg_si_o_1_1_3,false,gas_mixing_ratio,H,1,convective,11,59.250952,325.743398,5.060564034709331,114964.5740862063,-2.70579112232471,0.001968832989227178
published_vector_plot_digitization,2,8,left,figure2_mg_si_o_1_1_3,false,gas_mixing_ratio,H,1,convective,12,59.351338,325.707546,5.056249017776303,113827.97708565315,-2.712768415653529,0.001937454822110748
published_vector_plot_digitization,2,8,left,figure2_mg_si_o_1_1_3,false,gas_mixing_ratio,H,1,convective,13,59.451723,325.668108,5.051934043827526,112702.62820349415,-2.7204435940062415,0.0019035154493480056
published_vector_plot_digitization,2,8,left,figure2_mg_si_o_1_1_3,false,gas_mixing_ratio,H,1,convective,14,59.555694,325.632256,5.047464928357801,111548.80659833027,-2.7274208873350605,0.001873178276918874
published_vector_plot_digitization,2,8,left,figure2_mg_si_o_1_1_3,false,gas_mixing_ratio,H,1,convective,15,59.656079,325.592819,5.0431499544090235,110445.99050666642,-2.735095871073991,0.0018403656934940708
published_vector_plot_digitization,2,8,left,figure2_mg_si_o_1_1_3,false,gas_mixing_ratio,H,1,convective,16,59.756465,325.556967,5.038834937475996,109354.06647240813,-2.74207316440281,0.0018110349668139635
published_vector_plot_digitization,2,8,left,figure2_mg_si_o_1_1_3,false,gas_mixing_ratio,H,1,convective,17,59.860436,325.51753,5.034365822006271,108234.52661322603,-2.7497481481417405,0.0017793109517183132
published_vector_plot_digitization,2,8,left,figure2_mg_si_o_1_1_3,false,gas_mixing_ratio,H,1,convective,18,60.061206,325.438656,5.025735874108717,106105.00596341753,-2.765098115619623,0.0017175203218826776
published_vector_plot_digitization,2,8,left,figure2_mg_si_o_1_1_3,false,gas_mixing_ratio,H,1,convective,19,60.165177,325.402804,5.021266758638992,105018.72918133945,-2.772075408948431,0.0016901474365334883
published_vector_plot_digitization,2,8,left,figure2_mg_si_o_1_1_3,false,gas_mixing_ratio,H,1,convective,20,60.466334,325.284492,5.00832175082416,101934.62999031246,-2.7951005547790255,0.0016028742247399172
published_vector_plot_digitization,2,8,left,figure2_mg_si_o_1_1_3,false,gas_mixing_ratio,H,1,convective,21,60.570304,325.245055,5.003852678338685,100891.05847064631,-2.802775538517967,0.0015747965746481538
published_vector_plot_digitization,2,8,left,figure2_mg_si_o_1_1_3,false,gas_mixing_ratio,H,1,convective,22,60.771075,325.166181,4.99522268745688,98906.01119739651,-2.8181255059958388,0.0015201081728730323
published_vector_plot_digitization,2,8,left,figure2_mg_si_o_1_1_3,false,gas_mixing_ratio,H,1,convective,23,60.875046,325.126744,4.990753571987156,97893.4359414401,-2.82580048973478,0.0014934803409940326
published_vector_plot_digitization,2,8,left,figure2_mg_si_o_1_1_3,false,gas_mixing_ratio,H,1,convective,24,60.975431,325.087307,4.9864385980383785,96925.62230257953,-2.8334754734737104,0.0014673189505455075
published_vector_plot_digitization,2,8,left,figure2_mg_si_o_1_1_3,false,gas_mixing_ratio,H,1,convective,25,61.075817,325.044284,4.982123581105351,95967.36735785846,-2.841848342236556,0.0014393011015138592
published_vector_plot_digitization,2,8,left,figure2_mg_si_o_1_1_3,false,gas_mixing_ratio,H,1,convective,26,61.179788,325.004847,4.977654465635626,94984.8772099955,-2.8495233259754973,0.001414088772261044
published_vector_plot_digitization,2,8,left,figure2_mg_si_o_1_1_3,false,gas_mixing_ratio,H,1,convective,27,61.380558,324.925973,4.969024517738071,93116.04418815352,-2.864873293453369,0.0013649813153564097
published_vector_plot_digitization,2,8,left,figure2_mg_si_o_1_1_3,false,gas_mixing_ratio,H,1,convective,28,61.484529,324.882951,4.9645554022683465,92162.74518098489,-2.8732459676024327,0.0013389181611693972
published_vector_plot_digitization,2,8,left,figure2_mg_si_o_1_1_3,false,gas_mixing_ratio,H,1,convective,29,61.584915,324.843513,4.960240385335319,91251.57841010725,-2.880921145955156,0.0013154636568102763
published_vector_plot_digitization,2,8,left,figure2_mg_si_o_1_1_3,false,gas_mixing_ratio,H,2,non_convective,0,61.6853,324.800491,4.955925411386542,90349.42882976493,-2.889293820104208,0.001290346000085533
published_vector_plot_digitization,2,8,left,figure2_mg_si_o_1_1_3,false,gas_mixing_ratio,H,2,non_convective,1,61.789271,324.725202,4.951456295916817,89424.45374568975,-2.9039460971719575,0.001247538343914204
published_vector_plot_digitization,2,8,left,figure2_mg_si_o_1_1_3,false,gas_mixing_ratio,H,2,non_convective,2,61.990042,324.574624,4.9428263050350125,87665.01370451543,-2.9332506513074676,0.0011661363918928677
published_vector_plot_digitization,2,8,left,figure2_mg_si_o_1_1_3,false,gas_mixing_ratio,H,2,non_convective,3,62.094012,324.499335,4.938357232549538,86767.52958570448,-2.947902928375217,0.0011274494306361851
published_vector_plot_digitization,2,8,left,figure2_mg_si_o_1_1_3,false,gas_mixing_ratio,H,2,non_convective,4,62.294783,324.341586,4.929727241667733,85060.36494077378,-2.978603057944742,0.0010505021414560726
published_vector_plot_digitization,2,8,left,figure2_mg_si_o_1_1_3,false,gas_mixing_ratio,H,2,non_convective,5,62.398754,324.266297,4.925258126198008,84189.53798335287,-2.9932553350124915,0.0010156513847786265
published_vector_plot_digitization,2,8,left,figure2_mg_si_o_1_1_3,false,gas_mixing_ratio,H,2,non_convective,6,62.599525,324.108548,4.916628135316203,82533.09572431326,-3.023955464582028,0.0009463341997349721
published_vector_plot_digitization,2,8,left,figure2_mg_si_o_1_1_3,false,gas_mixing_ratio,H,2,non_convective,7,62.703496,324.026089,4.912159019846478,81688.1423234411,-3.0400031224700217,0.0009120042822468817
published_vector_plot_digitization,2,8,left,figure2_mg_si_o_1_1_3,false,gas_mixing_ratio,H,2,non_convective,8,62.803881,323.947214,4.9078440458977015,80880.54069506342,-3.0553532845616864,0.0008803324595792685
published_vector_plot_digitization,2,8,left,figure2_mg_si_o_1_1_3,false,gas_mixing_ratio,H,2,non_convective,9,62.904267,323.864755,4.903529028964674,80080.91541320753,-3.07140094244968,0.0008483968699029068
published_vector_plot_digitization,2,8,left,figure2_mg_si_o_1_1_3,false,gas_mixing_ratio,H,2,non_convective,10,63.008237,323.785881,4.899059956479199,79261.07467211729,-3.0867509099275514,0.0008189343541513912
published_vector_plot_digitization,2,8,left,figure2_mg_si_o_1_1_3,false,gas_mixing_ratio,H,2,non_convective,11,63.209008,323.620962,4.890429965597394,77701.60069555562,-3.1188464203173325,0.0007605951988870621
published_vector_plot_digitization,2,8,left,figure2_mg_si_o_1_1_3,false,gas_mixing_ratio,H,2,non_convective,12,63.312979,323.538502,4.8859608501276695,76906.11094462921,-3.1348942728191194,0.0007330029579335778
published_vector_plot_digitization,2,8,left,figure2_mg_si_o_1_1_3,false,gas_mixing_ratio,H,2,non_convective,13,63.413364,323.452457,4.881645876178892,76145.78638999349,-3.151639815731028,0.0007052777520583388
published_vector_plot_digitization,2,8,left,figure2_mg_si_o_1_1_3,false,gas_mixing_ratio,H,2,non_convective,14,63.51375,323.369998,4.877330859245864,75392.97124581934,-3.1676874736190217,0.0006796925760802017
published_vector_plot_digitization,2,8,left,figure2_mg_si_o_1_1_3,false,gas_mixing_ratio,H,2,non_convective,15,63.617721,323.283953,4.87286174377614,74621.11667163979,-3.184433016530931,0.0006539837895061048
published_vector_plot_digitization,2,8,left,figure2_mg_si_o_1_1_3,false,gas_mixing_ratio,H,2,non_convective,16,63.818492,323.111864,4.8642317528943355,73152.93459067792,-3.217923907740956,0.0006054469451554996
published_vector_plot_digitization,2,8,left,figure2_mg_si_o_1_1_3,false,gas_mixing_ratio,H,2,non_convective,17,63.918877,323.022234,4.859916778945558,72429.71543774223,-3.235367141062987,0.000581611331057099
published_vector_plot_digitization,2,8,left,figure2_mg_si_o_1_1_3,false,gas_mixing_ratio,H,2,non_convective,18,64.022848,322.936189,4.855447663475833,71688.19794289689,-3.2521126839748966,0.0005596123831423597
published_vector_plot_digitization,2,8,left,figure2_mg_si_o_1_1_3,false,gas_mixing_ratio,H,2,non_convective,19,64.223619,322.756929,4.846817672594028,70277.72149426154,-3.286999150618959,0.0005164173792657978
published_vector_plot_digitization,2,8,left,figure2_mg_si_o_1_1_3,false,gas_mixing_ratio,H,2,non_convective,20,64.327589,322.6673,4.842348600108553,69558.24246514836,-3.3044421893272085,0.0004960869591171987
published_vector_plot_digitization,2,8,left,figure2_mg_si_o_1_1_3,false,gas_mixing_ratio,H,2,non_convective,21,64.52836,322.48804,4.833718609226748,68189.6732219417,-3.3393286559712707,0.00045779531517277236
published_vector_plot_digitization,2,8,left,figure2_mg_si_o_1_1_3,false,gas_mixing_ratio,H,2,non_convective,22,64.632331,322.394825,4.8292494937570245,67491.5642295723,-3.357469579703424,0.00043906661912632486
published_vector_plot_digitization,2,8,left,figure2_mg_si_o_1_1_3,false,gas_mixing_ratio,H,2,non_convective,23,64.833102,322.208395,4.8206195028752195,66163.65720220916,-3.393751427167742,0.0004038764896132542
published_vector_plot_digitization,2,8,left,figure2_mg_si_o_1_1_3,false,gas_mixing_ratio,H,2,non_convective,24,64.937073,322.111594,4.816150387405495,65486.29006025817,-3.4125902359238,0.0003867316927618988
published_vector_plot_digitization,2,8,left,figure2_mg_si_o_1_1_3,false,gas_mixing_ratio,H,2,non_convective,25,65.037458,322.018379,4.811835413456717,64838.86641975371,-3.430731159655964,0.0003709102544788606
published_vector_plot_digitization,2,8,left,figure2_mg_si_o_1_1_3,false,gas_mixing_ratio,H,2,non_convective,26,65.137844,321.921579,4.80752039652369,64197.837114180875,-3.44956977379824,0.0003551650530426961
published_vector_plot_digitization,2,8,left,figure2_mg_si_o_1_1_3,false,gas_mixing_ratio,H,2,non_convective,27,65.241814,321.824779,4.803051324038215,63540.601840526644,-3.4684083879405265,0.00034008823800261724
published_vector_plot_digitization,2,8,left,figure2_mg_si_o_1_1_3,false,gas_mixing_ratio,H,2,non_convective,28,65.3422,321.727978,4.798736307105187,62912.40782476724,-3.487247196696584,0.00032565129031677007
published_vector_plot_digitization,2,8,left,figure2_mg_si_o_1_1_3,false,gas_mixing_ratio,H,2,non_convective,29,65.442585,321.627593,4.794421333156411,62290.43061290618,-3.5067835012489934,0.00031132679355585835
published_vector_plot_digitization,2,8,left,figure2_mg_si_o_1_1_3,false,gas_mixing_ratio,H,2,non_convective,30,65.546556,321.527207,4.789952217686686,61652.716605861366,-3.526320000415184,0.00029763225829154824
published_vector_plot_digitization,2,8,left,figure2_mg_si_o_1_1_3,false,gas_mixing_ratio,H,2,non_convective,31,65.851298,321.222466,4.776853111335155,59820.923233029505,-3.5856267990963038,0.00025964095681667976
published_vector_plot_digitization,2,8,left,figure2_mg_si_o_1_1_3,false,gas_mixing_ratio,H,2,non_convective,32,66.052069,321.014524,4.768223120453351,58643.93726076371,-3.6260951782489297,0.00023654012487605842
published_vector_plot_digitization,2,8,left,figure2_mg_si_o_1_1_3,false,gas_mixing_ratio,H,2,non_convective,33,66.156039,320.906968,4.763754047967876,58043.560894731505,-3.647027058235365,0.00022540987686570207
published_vector_plot_digitization,2,8,left,figure2_mg_si_o_1_1_3,false,gas_mixing_ratio,H,2,non_convective,34,66.256425,320.802998,4.759439031034849,57469.71336179579,-3.6672610531978966,0.00021514880924885252
published_vector_plot_digitization,2,8,left,figure2_mg_si_o_1_1_3,false,gas_mixing_ratio,H,2,non_convective,35,66.35681,320.691857,4.755124057086071,56901.54480301494,-3.688890623594454,0.00020469600956037949
published_vector_plot_digitization,2,8,left,figure2_mg_si_o_1_1_3,false,gas_mixing_ratio,H,2,non_convective,36,66.460781,320.584301,4.750654941616347,56319.00087473693,-3.7098225035809005,0.00019506416653022863
published_vector_plot_digitization,2,8,left,figure2_mg_si_o_1_1_3,false,gas_mixing_ratio,H,2,non_convective,37,66.661552,320.362019,4.742024950734542,55210.91576974158,-3.7530816443740265,0.00017657058489339386
published_vector_plot_digitization,2,8,left,figure2_mg_si_o_1_1_3,false,gas_mixing_ratio,H,2,non_convective,38,66.765522,320.250878,4.737555878249067,54645.68549149879,-3.774711214770584,0.00016799207143932966
published_vector_plot_digitization,2,8,left,figure2_mg_si_o_1_1_3,false,gas_mixing_ratio,H,3,convective,0,66.865908,320.136151,4.733240861316039,54105.43104601862,-3.7970386701910566,0.00015957370542406761
published_vector_plot_digitization,2,8,left,figure2_mg_si_o_1_1_3,false,gas_mixing_ratio,H,3,convective,1,70.418837,318.053153,4.580520872504411,38064.56512647157,-4.202418789830955,6.274530145400485e-05
published_vector_plot_digitization,2,8,left,figure2_mg_si_o_1_1_3,false,gas_mixing_ratio,H,3,convective,2,73.975351,315.71202,4.4276467851560835,26769.902236915103,-4.6580355382065814,2.197680029830887e-05
published_vector_plot_digitization,2,8,left,figure2_mg_si_o_1_1_3,false,gas_mixing_ratio,H,3,convective,3,77.427895,313.166531,4.279241770293231,19021.36898514462,-5.153422780710919,7.0238822005747275e-06
published_vector_plot_digitization,2,8,left,figure2_mg_si_o_1_1_3,false,gas_mixing_ratio,H,3,convective,4,80.776467,310.416686,4.135305913884354,13655.446776684345,-5.688580517343978,2.0484222412903263e-06
published_vector_plot_digitization,2,8,left,figure2_mg_si_o_1_1_3,false,gas_mixing_ratio,H,3,convective,5,84.02824,307.46607,3.9955308899033066,9897.622598204709,-6.262811057695637,5.459953478340597e-07
published_vector_plot_digitization,2,8,left,figure2_mg_si_o_1_1_3,false,gas_mixing_ratio,H,3,convective,6,87.072071,304.422239,3.864694096861709,7323.085367306689,-6.85518252177945,1.395781629933875e-07
published_vector_plot_digitization,2,8,left,figure2_mg_si_o_1_1_3,false,gas_mixing_ratio,H,4,non_convective,0,87.176042,304.314683,3.8602249813919842,7248.113432331032,-6.876114401765885,1.330103996096473e-07
published_vector_plot_digitization,2,8,left,figure2_mg_si_o_1_1_3,false,gas_mixing_ratio,H,4,non_convective,1,92.657806,298.718192,3.6245954664909004,4213.038874780476,-7.9652686837880715,1.0832565312933266e-08
published_vector_plot_digitization,2,8,left,figure2_mg_si_o_1_1_3,false,gas_mixing_ratio,H,4,non_convective,2,95.500866,296.129681,3.502388664331107,3179.7184316894527,-8.469028600441472,3.396029073214396e-09
published_vector_plot_digitization,2,8,left,figure2_mg_si_o_1_1_3,false,gas_mixing_ratio,H,4,non_convective,3,97.938799,294.208016,3.3975959424716207,2498.0201800912937,-8.843011094715505,1.435452762053172e-09
published_vector_plot_digitization,2,8,left,figure2_mg_si_o_1_1_3,false,gas_mixing_ratio,H,4,non_convective,4,100.172376,292.7345,3.3015873100306363,2002.56817497604,-9.129777616993156,7.416899307097613e-10
published_vector_plot_digitization,2,8,left,figure2_mg_si_o_1_1_3,false,gas_mixing_ratio,H,4,non_convective,5,102.305568,291.594408,3.2098936515384304,1621.4130029910555,-9.35165523346735,4.449843800446281e-10
published_vector_plot_digitization,2,8,left,figure2_mg_si_o_1_1_3,false,gas_mixing_ratio,H,4,non_convective,6,104.438759,290.716035,3.118200036030473,1312.8044374833626,-9.522598725409475,3.0019349324669343e-10
published_vector_plot_digitization,2,8,left,figure2_mg_si_o_1_1_3,false,gas_mixing_ratio,H,4,non_convective,7,106.672336,290.045604,3.0221914035894892,1052.4255998506094,-9.653073838198964,2.2229319184456423e-10
published_vector_plot_digitization,2,8,left,figure2_mg_si_o_1_1_3,false,gas_mixing_ratio,H,4,non_convective,8,109.006298,289.572358,2.921867797199728,835.3486925343051,-9.74517403229378,1.7981502084946615e-10
published_vector_plot_digitization,2,8,left,figure2_mg_si_o_1_1_3,false,gas_mixing_ratio,H,4,non_convective,9,111.648588,289.271201,2.8082909429374894,643.1184114816382,-9.80378333517856,1.5711464368145433e-10
published_vector_plot_digitization,2,8,left,figure2_mg_si_o_1_1_3,false,gas_mixing_ratio,H,4,non_convective,10,114.79639,289.14572,2.6729850344261665,470.96109703000445,-9.828203667215627,1.4852389596529375e-10
published_vector_plot_digitization,2,8,left,figure2_mg_si_o_1_1_3,false,gas_mixing_ratio,H,4,non_convective,11,118.65406,289.221009,2.507165982247258,321.4888996668168,-9.813551390147879,1.5362030033853297e-10
published_vector_plot_digitization,2,8,left,figure2_mg_si_o_1_1_3,false,gas_mixing_ratio,H,4,non_convective,12,123.935053,289.565187,2.2801664582279786,190.6191190996071,-9.746569607727817,1.7923812505682926e-10
published_vector_plot_digitization,2,8,left,figure2_mg_si_o_1_1_3,false,gas_mixing_ratio,H,4,non_convective,13,132.464234,290.364686,1.9135460087643485,81.94944350805672,-9.59097608326356,2.5646252673650676e-10
published_vector_plot_digitization,2,8,left,figure2_mg_si_o_1_1_3,false,gas_mixing_ratio,H,4,non_convective,14,152.975139,292.583922,1.0319001379584876,10.762177187612973,-9.159082171128663,6.932946180936305e-10
published_vector_plot_digitization,2,8,left,figure2_mg_si_o_1_1_3,false,gas_mixing_ratio,H,4,non_convective,15,246.702911,302.934382,-2.996917857329051,0.0010071221384128554,-7.14474000031138,7.165722731572332e-08
published_vector_plot_digitization,2,8,left,figure2_mg_si_o_1_1_3,false,gas_mixing_ratio,H2O,0,non_convective,0,56.407892,333.573465,5.182770836869124,152324.87726607325,-1.181952166527125,0.06577302762007294
published_vector_plot_digitization,2,8,left,figure2_mg_si_o_1_1_3,false,gas_mixing_ratio,H2O,0,non_convective,1,56.508277,333.544783,5.178455862920346,150818.93264028593,-1.1875340790356887,0.06493306766770313
published_vector_plot_digitization,2,8,left,figure2_mg_si_o_1_1_3,false,gas_mixing_ratio,H2O,0,non_convective,2,56.608663,333.519687,5.174140845987319,149327.86160533357,-1.1924181065203483,0.06420692829829641
published_vector_plot_digitization,2,8,left,figure2_mg_si_o_1_1_3,false,gas_mixing_ratio,H2O,0,non_convective,3,56.712634,333.491005,5.169671730517594,147799.07992810366,-1.1980000190289117,0.06338696834834898
published_vector_plot_digitization,2,8,left,figure2_mg_si_o_1_1_3,false,gas_mixing_ratio,H2O,0,non_convective,4,56.813019,333.465909,5.1653567565688165,146337.87914390574,-1.2028840465135604,0.06267811883794974
published_vector_plot_digitization,2,8,left,figure2_mg_si_o_1_1_3,false,gas_mixing_ratio,H2O,0,non_convective,5,56.913405,333.437228,5.16104173963579,144891.11003416663,-1.2084657644083419,0.06187771040544045
published_vector_plot_digitization,2,8,left,figure2_mg_si_o_1_1_3,false,gas_mixing_ratio,H2O,0,non_convective,6,57.01379,333.415716,5.156726765687012,143458.6586027489,-1.2126522960966613,0.061284084667057925
published_vector_plot_digitization,2,8,left,figure2_mg_si_o_1_1_3,false,gas_mixing_ratio,H2O,0,non_convective,7,57.117761,333.39062,5.152257650217287,141989.96437278966,-1.2175363235813097,0.060598751474077756
published_vector_plot_digitization,2,8,left,figure2_mg_si_o_1_1_3,false,gas_mixing_ratio,H2O,0,non_convective,8,57.318532,333.347598,5.143627659335483,139196.28973125524,-1.2259089977303734,0.05944166999212579
published_vector_plot_digitization,2,8,left,figure2_mg_si_o_1_1_3,false,gas_mixing_ratio,H2O,0,non_convective,9,57.422502,333.329672,5.139158586850008,137771.2462144392,-1.2293976443947774,0.05896609334475598
published_vector_plot_digitization,2,8,left,figure2_mg_si_o_1_1_3,false,gas_mixing_ratio,H2O,0,non_convective,10,57.623273,333.29382,5.130528595968203,135060.57550906873,-1.2363749377235964,0.05802632448609773
published_vector_plot_digitization,2,8,left,figure2_mg_si_o_1_1_3,false,gas_mixing_ratio,H2O,0,non_convective,11,57.727244,333.275894,5.126059480498478,133677.85877466522,-1.2398635843880004,0.05756207163347857
published_vector_plot_digitization,2,8,left,figure2_mg_si_o_1_1_3,false,gas_mixing_ratio,H2O,1,convective,0,57.82763,333.261553,5.1217444635654505,132356.25292754816,-1.2426545406422822,0.05719333999527868
published_vector_plot_digitization,2,8,left,figure2_mg_si_o_1_1_3,false,gas_mixing_ratio,H2O,1,convective,1,57.928015,333.254383,5.117429489616673,131047.72610407056,-1.2440499214625267,0.05700987365677969
published_vector_plot_digitization,2,8,left,figure2_mg_si_o_1_1_3,false,gas_mixing_ratio,H2O,1,convective,2,58.031986,333.243627,5.112960374146948,129706.09192839313,-1.2461431873066864,0.056735751625193495
published_vector_plot_digitization,2,8,left,figure2_mg_si_o_1_1_3,false,gas_mixing_ratio,H2O,1,convective,3,58.232757,333.229286,5.104330383265144,127154.10438847424,-1.2489341435609682,0.05637231323516356
published_vector_plot_digitization,2,8,left,figure2_mg_si_o_1_1_3,false,gas_mixing_ratio,H2O,1,convective,4,58.336727,333.222116,5.099861310779669,125852.34460417838,-1.2503295243812127,0.05619148060844815
published_vector_plot_digitization,2,8,left,figure2_mg_si_o_1_1_3,false,gas_mixing_ratio,H2O,1,convective,5,58.437113,333.218531,5.095546293846642,124608.10568513164,-1.251027214791346,0.05610128194144521
published_vector_plot_digitization,2,8,left,figure2_mg_si_o_1_1_3,false,gas_mixing_ratio,H2O,1,convective,6,58.537498,333.21136,5.091231319897864,123376.18014247532,-1.2524227902253722,0.05592129367705876
published_vector_plot_digitization,2,8,left,figure2_mg_si_o_1_1_3,false,gas_mixing_ratio,H2O,1,convective,7,58.641469,333.20419,5.0867622044281395,122113.08535506764,-1.2538181710456278,0.05574190784304408
published_vector_plot_digitization,2,8,left,figure2_mg_si_o_1_1_3,false,gas_mixing_ratio,H2O,1,convective,8,58.741854,333.200605,5.082447230479363,120905.82658073418,-1.25451586145575,0.0556524308310643
published_vector_plot_digitization,2,8,left,figure2_mg_si_o_1_1_3,false,gas_mixing_ratio,H2O,1,convective,9,58.84224,333.193434,5.078132213546335,119710.49140088986,-1.2559114368897761,0.05547388260386648
published_vector_plot_digitization,2,8,left,figure2_mg_si_o_1_1_3,false,gas_mixing_ratio,H2O,1,convective,10,58.946211,333.189849,5.07366309807661,118484.92502728441,-1.2566091272999094,0.05538483582648731
published_vector_plot_digitization,2,8,left,figure2_mg_si_o_1_1_3,false,gas_mixing_ratio,H2O,1,convective,11,59.046596,333.182679,5.069348124127833,117313.53569624336,-1.2580045081201539,0.05520717085643499
published_vector_plot_digitization,2,8,left,figure2_mg_si_o_1_1_3,false,gas_mixing_ratio,H2O,1,convective,12,59.146982,333.179093,5.065033107194806,116153.71569206842,-1.258702393144058,0.05511852750580682
published_vector_plot_digitization,2,8,left,figure2_mg_si_o_1_1_3,false,gas_mixing_ratio,H2O,1,convective,13,59.250952,333.175508,5.060564034709331,114964.5740862063,-1.2594000835541912,0.055030051145078196
published_vector_plot_digitization,2,8,left,figure2_mg_si_o_1_1_3,false,gas_mixing_ratio,H2O,1,convective,14,59.351338,333.168338,5.056249017776303,113827.97708565315,-1.2607954643744357,0.05485352426289518
published_vector_plot_digitization,2,8,left,figure2_mg_si_o_1_1_3,false,gas_mixing_ratio,H2O,1,convective,15,59.451723,333.164753,5.051934043827526,112702.62820349415,-1.261493154784558,0.05476547328585604
published_vector_plot_digitization,2,8,left,figure2_mg_si_o_1_1_3,false,gas_mixing_ratio,H2O,1,convective,16,59.555694,333.161167,5.047464928357801,111548.80659833027,-1.262191039808473,0.05467753914658462
published_vector_plot_digitization,2,8,left,figure2_mg_si_o_1_1_3,false,gas_mixing_ratio,H2O,1,convective,17,59.756465,333.153997,5.038834937475996,109354.06647240813,-1.2635864206287175,0.05450214306189735
published_vector_plot_digitization,2,8,left,figure2_mg_si_o_1_1_3,false,gas_mixing_ratio,H2O,1,convective,18,59.860436,333.150412,5.034365822006271,108234.52661322603,-1.2642841110388399,0.054414656122601955
published_vector_plot_digitization,2,8,left,figure2_mg_si_o_1_1_3,false,gas_mixing_ratio,H2O,1,convective,19,60.061206,333.143241,5.025735874108717,106105.00596341753,-1.2656796864728772,0.05424007901538018
published_vector_plot_digitization,2,8,left,figure2_mg_si_o_1_1_3,false,gas_mixing_ratio,H2O,1,convective,20,60.165177,333.143241,5.021266758638992,105018.72918133945,-1.2656796864728772,0.05424007901538018
published_vector_plot_digitization,2,8,left,figure2_mg_si_o_1_1_3,false,gas_mixing_ratio,H2O,1,convective,21,60.466334,333.132486,5.00832175082416,101934.62999031246,-1.2677727577032547,0.05397929924702836
published_vector_plot_digitization,2,8,left,figure2_mg_si_o_1_1_3,false,gas_mixing_ratio,H2O,1,convective,22,60.570304,333.132486,5.003852678338685,100891.05847064631,-1.2677727577032547,0.05397929924702836
published_vector_plot_digitization,2,8,left,figure2_mg_si_o_1_1_3,false,gas_mixing_ratio,H2O,1,convective,23,60.771075,333.125315,4.99522268745688,98906.01119739651,-1.2691683331372812,0.053806118883798666
published_vector_plot_digitization,2,8,left,figure2_mg_si_o_1_1_3,false,gas_mixing_ratio,H2O,1,convective,24,60.875046,333.125315,4.990753571987156,97893.4359414401,-1.2691683331372812,0.053806118883798666
published_vector_plot_digitization,2,8,left,figure2_mg_si_o_1_1_3,false,gas_mixing_ratio,H2O,1,convective,25,60.975431,333.12173,4.9864385980383785,96925.62230257953,-1.2698660235474033,0.05371974920378148
published_vector_plot_digitization,2,8,left,figure2_mg_si_o_1_1_3,false,gas_mixing_ratio,H2O,1,convective,26,61.075817,333.12173,4.982123581105351,95967.36735785846,-1.2698660235474033,0.05371974920378148
published_vector_plot_digitization,2,8,left,figure2_mg_si_o_1_1_3,false,gas_mixing_ratio,H2O,1,convective,27,61.179788,333.118145,4.977654465635626,94984.8772099955,-1.2705637139575257,0.05363351816453193
published_vector_plot_digitization,2,8,left,figure2_mg_si_o_1_1_3,false,gas_mixing_ratio,H2O,1,convective,28,61.280173,333.118145,4.973339491686849,94045.81874539812,-1.2705637139575257,0.05363351816453193
published_vector_plot_digitization,2,8,left,figure2_mg_si_o_1_1_3,false,gas_mixing_ratio,H2O,1,convective,29,61.380558,333.11456,4.969024517738071,93116.04418815352,-1.2712614043676589,0.05354742554350227
published_vector_plot_digitization,2,8,left,figure2_mg_si_o_1_1_3,false,gas_mixing_ratio,H2O,1,convective,30,61.484529,333.110975,4.9645554022683465,92162.74518098489,-1.271959094777781,0.05346147111850603
published_vector_plot_digitization,2,8,left,figure2_mg_si_o_1_1_3,false,gas_mixing_ratio,H2O,1,convective,31,61.584915,333.110975,4.960240385335319,91251.57841010725,-1.271959094777781,0.05346147111850603
published_vector_plot_digitization,2,8,left,figure2_mg_si_o_1_1_3,false,gas_mixing_ratio,H2O,2,non_convective,0,61.6853,333.110975,4.955925411386542,90349.42882976493,-1.271959094777781,0.05346147111850603
published_vector_plot_digitization,2,8,left,figure2_mg_si_o_1_1_3,false,gas_mixing_ratio,H2O,2,non_convective,1,61.789271,333.085878,4.951456295916817,89424.45374568975,-1.2768433168762225,0.05286359366535227
published_vector_plot_digitization,2,8,left,figure2_mg_si_o_1_1_3,false,gas_mixing_ratio,H2O,2,non_convective,2,61.889656,333.0321,4.94714132196804,88540.36785014014,-1.2873092568694346,0.05160487651059224
published_vector_plot_digitization,2,8,left,figure2_mg_si_o_1_1_3,false,gas_mixing_ratio,H2O,2,non_convective,3,61.990042,332.974737,4.9428263050350125,87665.01370451543,-1.29847288727278,0.050295266388404036
published_vector_plot_digitization,2,8,left,figure2_mg_si_o_1_1_3,false,gas_mixing_ratio,H2O,2,non_convective,4,62.094012,332.920959,4.938357232549538,86767.52958570448,-1.3089388272660034,0.04909770280604263
published_vector_plot_digitization,2,8,left,figure2_mg_si_o_1_1_3,false,gas_mixing_ratio,H2O,2,non_convective,5,62.194398,332.867181,4.93404221561651,85909.70260155399,-1.3194047672592155,0.047928654005227174
published_vector_plot_digitization,2,8,left,figure2_mg_si_o_1_1_3,false,gas_mixing_ratio,H2O,2,non_convective,6,62.294783,332.809818,4.929727241667733,85060.36494077378,-1.3305683976625609,0.04671233774458816
published_vector_plot_digitization,2,8,left,figure2_mg_si_o_1_1_3,false,gas_mixing_ratio,H2O,2,non_convective,7,62.398754,332.752455,4.925258126198008,84189.53798335287,-1.3417320280659062,0.04552688872352849
published_vector_plot_digitization,2,8,left,figure2_mg_si_o_1_1_3,false,gas_mixing_ratio,H2O,2,non_convective,8,62.49914,332.695092,4.9209431092649805,83357.19830732292,-1.3528956584692515,0.04437152360426828
published_vector_plot_digitization,2,8,left,figure2_mg_si_o_1_1_3,false,gas_mixing_ratio,H2O,2,non_convective,9,62.599525,332.641314,4.916628135316203,82533.09572431326,-1.3633615984624636,0.04331500825843136
published_vector_plot_digitization,2,8,left,figure2_mg_si_o_1_1_3,false,gas_mixing_ratio,H2O,2,non_convective,10,62.703496,332.583951,4.912159019846478,81688.1423234411,-1.374525228865809,0.042215775451503436
published_vector_plot_digitization,2,8,left,figure2_mg_si_o_1_1_3,false,gas_mixing_ratio,H2O,2,non_convective,11,62.803881,332.523003,4.9078440458977015,80880.54069506342,-1.3863865496792764,0.0410783934543512
published_vector_plot_digitization,2,8,left,figure2_mg_si_o_1_1_3,false,gas_mixing_ratio,H2O,2,non_convective,12,62.904267,332.465639,4.903529028964674,80080.91541320753,-1.397550374696404,0.04003590271829055
published_vector_plot_digitization,2,8,left,figure2_mg_si_o_1_1_3,false,gas_mixing_ratio,H2O,2,non_convective,13,63.008237,332.408276,4.899059956479199,79261.07467211729,-1.4087140050997493,0.039019885880423426
published_vector_plot_digitization,2,8,left,figure2_mg_si_o_1_1_3,false,gas_mixing_ratio,H2O,2,non_convective,14,63.108623,332.347328,4.894744939546172,78477.46023741853,-1.4205753259132168,0.03796860788643486
published_vector_plot_digitization,2,8,left,figure2_mg_si_o_1_1_3,false,gas_mixing_ratio,H2O,2,non_convective,15,63.209008,332.289965,4.890429965597394,77701.60069555562,-1.4317389563165621,0.03700505411834738
published_vector_plot_digitization,2,8,left,figure2_mg_si_o_1_1_3,false,gas_mixing_ratio,H2O,2,non_convective,16,63.312979,332.229017,4.8859608501276695,76906.11094462921,-1.4436002771300298,0.03600805994004065
published_vector_plot_digitization,2,8,left,figure2_mg_si_o_1_1_3,false,gas_mixing_ratio,H2O,2,non_convective,17,63.51375,332.10712,4.877330859245864,75392.97124581934,-1.467323113370747,0.034093915985679284
published_vector_plot_digitization,2,8,left,figure2_mg_si_o_1_1_3,false,gas_mixing_ratio,H2O,2,non_convective,18,63.617721,332.046172,4.87286174377614,74621.11667163979,-1.4791844341842144,0.033175354006423935
published_vector_plot_digitization,2,8,left,figure2_mg_si_o_1_1_3,false,gas_mixing_ratio,H2O,2,non_convective,19,63.818492,331.924275,4.8642317528943355,73152.93459067792,-1.5029072704249316,0.03141179319779007
published_vector_plot_digitization,2,8,left,figure2_mg_si_o_1_1_3,false,gas_mixing_ratio,H2O,2,non_convective,20,63.918877,331.859741,4.859916778945558,72429.71543774223,-1.5154664762623145,0.030516415801042234
published_vector_plot_digitization,2,8,left,figure2_mg_si_o_1_1_3,false,gas_mixing_ratio,H2O,2,non_convective,21,64.022848,331.798793,4.855447663475833,71688.19794289689,-1.5273277970757821,0.029694239219456263
published_vector_plot_digitization,2,8,left,figure2_mg_si_o_1_1_3,false,gas_mixing_ratio,H2O,2,non_convective,22,64.223619,331.669726,4.846817672594028,70277.72149426154,-1.5524460141367435,0.028025539772152386
published_vector_plot_digitization,2,8,left,figure2_mg_si_o_1_1_3,false,gas_mixing_ratio,H2O,2,non_convective,23,64.327589,331.605193,4.842348600108553,69558.24246514836,-1.5650050253603445,0.02722669803012591
published_vector_plot_digitization,2,8,left,figure2_mg_si_o_1_1_3,false,gas_mixing_ratio,H2O,2,non_convective,24,64.52836,331.476125,4.833718609226748,68189.6732219417,-1.5901234370350878,0.025696653176989874
published_vector_plot_digitization,2,8,left,figure2_mg_si_o_1_1_3,false,gas_mixing_ratio,H2O,2,non_convective,25,64.632331,331.408007,4.8292494937570245,67491.5642295723,-1.603380138668811,0.0249241215944889
published_vector_plot_digitization,2,8,left,figure2_mg_si_o_1_1_3,false,gas_mixing_ratio,H2O,2,non_convective,26,64.732716,331.343473,4.824934519808247,66824.31564705765,-1.6159393445061827,0.024213672020058027
published_vector_plot_digitization,2,8,left,figure2_mg_si_o_1_1_3,false,gas_mixing_ratio,H2O,2,non_convective,27,64.833102,331.275355,4.8206195028752195,66163.65720220916,-1.6291960461399058,0.02348572405597977
published_vector_plot_digitization,2,8,left,figure2_mg_si_o_1_1_3,false,gas_mixing_ratio,H2O,2,non_convective,28,64.937073,331.207236,4.816150387405495,65486.29006025817,-1.6424529423873997,0.022779650554693512
published_vector_plot_digitization,2,8,left,figure2_mg_si_o_1_1_3,false,gas_mixing_ratio,H2O,2,non_convective,29,65.137844,331.070998,4.80752039652369,64197.837114180875,-1.6689667348824098,0.021430547437487974
published_vector_plot_digitization,2,8,left,figure2_mg_si_o_1_1_3,false,gas_mixing_ratio,H2O,2,non_convective,30,65.241814,331.00288,4.803051324038215,63540.601840526644,-1.6822234365161215,0.020786269966344154
published_vector_plot_digitization,2,8,left,figure2_mg_si_o_1_1_3,false,gas_mixing_ratio,H2O,2,non_convective,31,65.3422,330.931176,4.798736307105187,62912.40782476724,-1.6961780231737489,0.020128989662538503
published_vector_plot_digitization,2,8,left,figure2_mg_si_o_1_1_3,false,gas_mixing_ratio,H2O,2,non_convective,32,65.442585,330.863057,4.794421333156411,62290.43061290618,-1.7094349194212428,0.019523832837289815
published_vector_plot_digitization,2,8,left,figure2_mg_si_o_1_1_3,false,gas_mixing_ratio,H2O,2,non_convective,33,65.546556,330.791353,4.789952217686686,61652.716605861366,-1.72338950607887,0.018906471915896884
published_vector_plot_digitization,2,8,left,figure2_mg_si_o_1_1_3,false,gas_mixing_ratio,H2O,2,non_convective,34,65.747327,330.647945,4.781322226804881,60439.68981397262,-1.7512986793941243,0.01772969728664475
published_vector_plot_digitization,2,8,left,figure2_mg_si_o_1_1_3,false,gas_mixing_ratio,H2O,2,non_convective,35,65.851298,330.576241,4.776853111335155,59820.923233029505,-1.7652532660517515,0.017169068523628758
published_vector_plot_digitization,2,8,left,figure2_mg_si_o_1_1_3,false,gas_mixing_ratio,H2O,2,non_convective,36,65.951683,330.500952,4.772538137386379,59229.50967360783,-1.779905543119501,0.016599478985556977
published_vector_plot_digitization,2,8,left,figure2_mg_si_o_1_1_3,false,gas_mixing_ratio,H2O,2,non_convective,37,66.052069,330.429248,4.768223120453351,58643.93726076371,-1.7938601297771284,0.01607458872827137
published_vector_plot_digitization,2,8,left,figure2_mg_si_o_1_1_3,false,gas_mixing_ratio,H2O,2,non_convective,38,66.156039,330.353959,4.763754047967876,58043.560894731505,-1.8085124068448777,0.015541308920119339
published_vector_plot_digitization,2,8,left,figure2_mg_si_o_1_1_3,false,gas_mixing_ratio,H2O,2,non_convective,39,66.35681,330.203381,4.755124057086071,56901.54480301494,-1.8378169609803767,0.014527237577755163
published_vector_plot_digitization,2,8,left,figure2_mg_si_o_1_1_3,false,gas_mixing_ratio,H2O,2,non_convective,40,66.460781,330.124507,4.750654941616347,56319.00087473693,-1.853166928458248,0.014022746129066056
published_vector_plot_digitization,2,8,left,figure2_mg_si_o_1_1_3,false,gas_mixing_ratio,H2O,2,non_convective,41,66.561166,330.049218,4.746339967667569,55762.2087195798,-1.8678192055259977,0.013557536879119828
published_vector_plot_digitization,2,8,left,figure2_mg_si_o_1_1_3,false,gas_mixing_ratio,H2O,2,non_convective,42,66.661552,329.970343,4.742024950734542,55210.91576974158,-1.883169367617651,0.01308671463387015
published_vector_plot_digitization,2,8,left,figure2_mg_si_o_1_1_3,false,gas_mixing_ratio,H2O,2,non_convective,43,66.765522,329.891469,4.737555878249067,54645.68549149879,-1.8985193350955338,0.012632248628967986
published_vector_plot_digitization,2,8,left,figure2_mg_si_o_1_1_3,false,gas_mixing_ratio,H2O,3,convective,0,66.865908,329.809009,4.733240861316039,54105.43104601862,-1.9145671875973096,0.012173986404246363
published_vector_plot_digitization,2,8,left,figure2_mg_si_o_1_1_3,false,gas_mixing_ratio,H2O,3,convective,1,71.128706,327.765448,4.550007685852574,35481.96685386215,-2.3122723234982785,0.004872228821507097
published_vector_plot_digitization,2,8,left,figure2_mg_si_o_1_1_3,false,gas_mixing_ratio,H2O,3,convective,2,75.395089,325.474508,4.366620411852411,23260.57315723855,-2.7581208222908034,0.0017453365264572902
published_vector_plot_digitization,2,8,left,figure2_mg_si_o_1_1_3,false,gas_mixing_ratio,H2O,3,convective,3,78.948018,323.326976,4.213900423040781,16364.412679194664,-3.1760601477680854,0.0006667144259686594
published_vector_plot_digitization,2,8,left,figure2_mg_si_o_1_1_3,false,gas_mixing_ratio,H2O,3,convective,4,83.114015,320.555619,4.034828165973646,10834.981296562886,-3.7154044160894637,0.0001925730832707776
published_vector_plot_digitization,2,8,left,figure2_mg_si_o_1_1_3,false,gas_mixing_ratio,H2O,3,convective,5,86.971686,317.719729,3.8690090708104856,7396.207228468364,-4.2673076956344325,5.403713366935212e-05
published_vector_plot_digitization,2,8,left,figure2_mg_si_o_1_1_3,false,gas_mixing_ratio,H2O,3,convective,6,87.072071,317.640855,3.864694096861709,7323.085367306689,-4.282657663112303,5.216057099169608e-05
published_vector_plot_digitization,2,8,left,figure2_mg_si_o_1_1_3,false,gas_mixing_ratio,H2O,4,non_convective,0,87.176042,317.561981,3.8602249813919842,7248.113432331032,-4.298007630590176,5.0349176231803925e-05
published_vector_plot_digitization,2,8,left,figure2_mg_si_o_1_1_3,false,gas_mixing_ratio,H2O,4,non_convective,1,95.196125,311.463563,3.5154877276983862,3277.0851628093205,-5.484843824601949,3.27458430099001e-06
published_vector_plot_digitization,2,8,left,figure2_mg_si_o_1_1_3,false,gas_mixing_ratio,H2O,4,non_convective,2,99.157766,308.74957,3.3451995600497524,2214.1118691441407,-6.013024267906199,9.704557377127483e-07
published_vector_plot_digitization,2,8,left,figure2_mg_si_o_1_1_3,false,gas_mixing_ratio,H2O,4,non_convective,3,102.305568,306.849416,3.2098936515384304,1621.4130029910555,-6.382820425105696,4.141708934816596e-07
published_vector_plot_digitization,2,8,left,figure2_mg_si_o_1_1_3,false,gas_mixing_ratio,H2O,4,non_convective,4,105.048242,305.444019,3.092001866311664,1235.9527447440169,-6.656330051135851,2.2063273513009185e-07
published_vector_plot_digitization,2,8,left,figure2_mg_si_o_1_1_3,false,gas_mixing_ratio,H2O,4,non_convective,5,107.787332,304.296757,2.9742641366373457,942.4626252681237,-6.879603048430289,1.3194621955010235e-07
published_vector_plot_digitization,2,8,left,figure2_mg_si_o_1_1_3,false,gas_mixing_ratio,H2O,4,non_convective,6,110.630392,303.34668,2.8520573344775526,711.3074124908554,-7.064501127030042,8.619833417849058e-08
published_vector_plot_digitization,2,8,left,figure2_mg_si_o_1_1_3,false,gas_mixing_ratio,H2O,4,non_convective,7,113.882165,302.500574,2.7122823104965055,515.5636747206772,-7.229165016053483,5.89976867899791e-08
published_vector_plot_digitization,2,8,left,figure2_mg_si_o_1_1_3,false,gas_mixing_ratio,H2O,4,non_convective,8,117.840221,301.708245,2.542148241384569,348.4562362336094,-7.383363159697482,4.136536304662123e-08
published_vector_plot_digitization,2,8,left,figure2_mg_si_o_1_1_3,false,gas_mixing_ratio,H2O,4,non_convective,9,123.2216,300.872895,2.3108337004322625,204.56611643966758,-7.5459337828767525,2.8448948370930606e-08
published_vector_plot_digitization,2,8,left,figure2_mg_si_o_1_1_3,false,gas_mixing_ratio,H2O,4,non_convective,10,131.854751,299.790166,1.9397441784831582,87.04506992211194,-7.756647768947602,1.751266463401786e-08
published_vector_plot_digitization,2,8,left,figure2_mg_si_o_1_1_3,false,gas_mixing_ratio,H2O,4,non_convective,11,153.383851,297.377329,1.0143319591214843,10.335511133028543,-8.226219103980855,5.9399241053585285e-09
published_vector_plot_digitization,2,8,left,figure2_mg_si_o_1_1_3,false,gas_mixing_ratio,H2O,4,non_convective,12,171.051696,295.541709,0.25489289047541686,1.7984273164676576,-8.583456055342968,2.6094197472172943e-09
published_vector_plot_digitization,2,8,left,figure2_mg_si_o_1_1_3,false,gas_mixing_ratio,H2O,4,non_convective,13,185.166611,295.405471,-0.35182614637477094,0.44480929467246094,-8.609969847837977,2.4548793469325698e-09
published_vector_plot_digitization,2,8,left,figure2_mg_si_o_1_1_3,false,gas_mixing_ratio,H2O,4,non_convective,14,190.752346,295.140167,-0.5919247767455804,0.2559029092689636,-8.661601662780157,2.1797080956912314e-09
published_vector_plot_digitization,2,8,left,figure2_mg_si_o_1_1_3,false,gas_mixing_ratio,H2O,4,non_convective,15,194.710402,294.73504,-0.7620588458575162,0.17295819891384945,-8.740444960627467,1.8178374211945012e-09
published_vector_plot_digitization,2,8,left,figure2_mg_si_o_1_1_3,false,gas_mixing_ratio,H2O,4,non_convective,16,198.06256,294.172164,-0.9061488437873413,0.12412268346163327,-8.849988388044315,1.4125753128729537e-09
published_vector_plot_digitization,2,8,left,figure2_mg_si_o_1_1_3,false,gas_mixing_ratio,H2O,4,non_convective,17,201.310748,293.394176,-1.0457697692316916,0.08999745549433417,-9.001395575434032,9.967917263535084e-10
published_vector_plot_digitization,2,8,left,figure2_mg_si_o_1_1_3,false,gas_mixing_ratio,H2O,4,non_convective,18,204.763291,292.336544,-1.1941747411102943,0.06394774859333847,-9.20722533940644,6.205469717225863e-10
published_vector_plot_digitization,2,8,left,figure2_mg_si_o_1_1_3,false,gas_mixing_ratio,H2O,4,non_convective,19,208.925703,290.812836,-1.3730928996407323,0.04235523545590732,-9.503759916653404,3.1350183221695104e-10
published_vector_plot_digitization,2,8,left,figure2_mg_si_o_1_1_3,false,gas_mixing_ratio,H2O,4,non_convective,20,214.81618,288.403584,-1.6262906363630707,0.02364336918305751,-9.972633561276528,1.0650412745463552e-10
published_vector_plot_digitization,2,8,left,figure2_mg_si_o_1_1_3,false,gas_mixing_ratio,H2O,4,non_convective,21,226.188421,283.463184,-2.115117887986494,0.007671532195636663,-10.934103492149712,1.163848651832448e-11
published_vector_plot_digitization,2,8,left,figure2_mg_si_o_1_1_3,false,gas_mixing_ratio,H2O,4,non_convective,22,229.84532,281.953817,-2.272306949283597,0.0053418667517069465,-11.227847113142397,5.9176992123492206e-12
published_vector_plot_digitization,2,8,left,figure2_mg_si_o_1_1_3,false,gas_mixing_ratio,H2O,4,non_convective,23,246.702911,278.235969,-2.996917857329051,0.0010071221384128554,-11.951391575039615,1.1184290141443356e-12
published_vector_plot_digitization,2,8,left,figure2_mg_si_o_1_1_3,false,gas_mixing_ratio,SiO,0,non_convective,0,56.407892,326.06965,5.182770836869124,152324.87726607325,-2.642297986569053,0.002278777976042115
published_vector_plot_digitization,2,8,left,figure2_mg_si_o_1_1_3,false,gas_mixing_ratio,SiO,0,non_convective,1,56.608663,325.969265,5.174140845987319,149327.86160533357,-2.661834291121462,0.0021785408552098913
published_vector_plot_digitization,2,8,left,figure2_mg_si_o_1_1_3,false,gas_mixing_ratio,SiO,0,non_convective,2,56.712634,325.922657,5.169671730517594,147799.07992810366,-2.6709048502944293,0.002133512293780377
published_vector_plot_digitization,2,8,left,figure2_mg_si_o_1_1_3,false,gas_mixing_ratio,SiO,0,non_convective,3,56.813019,325.87605,5.1653567565688165,146337.87914390574,-2.679975214853615,0.002089415370195709
published_vector_plot_digitization,2,8,left,figure2_mg_si_o_1_1_3,false,gas_mixing_ratio,SiO,0,non_convective,4,56.913405,325.833027,5.16104173963579,144891.11003416663,-2.688348083616461,0.0020495188470949985
published_vector_plot_digitization,2,8,left,figure2_mg_si_o_1_1_3,false,gas_mixing_ratio,SiO,0,non_convective,5,57.01379,325.79359,5.156726765687012,143458.6586027489,-2.696023067355402,0.002013617294648148
published_vector_plot_digitization,2,8,left,figure2_mg_si_o_1_1_3,false,gas_mixing_ratio,SiO,0,non_convective,6,57.117761,325.757738,5.152257650217287,141989.96437278966,-2.70300036068421,0.001981525380135529
published_vector_plot_digitization,2,8,left,figure2_mg_si_o_1_1_3,false,gas_mixing_ratio,SiO,0,non_convective,7,57.218146,325.721886,5.14794267626851,140586.19482706152,-2.709977654013029,0.001949944928739423
published_vector_plot_digitization,2,8,left,figure2_mg_si_o_1_1_3,false,gas_mixing_ratio,SiO,0,non_convective,8,57.318532,325.68962,5.143627659335483,139196.28973125524,-2.7162570623179327,0.001921953772613789
published_vector_plot_digitization,2,8,left,figure2_mg_si_o_1_1_3,false,gas_mixing_ratio,SiO,0,non_convective,9,57.422502,325.657353,5.139158586850008,137771.2462144392,-2.7225366652366185,0.0018943635762876025
published_vector_plot_digitization,2,8,left,figure2_mg_si_o_1_1_3,false,gas_mixing_ratio,SiO,0,non_convective,10,57.623273,325.60716,5.130528595968203,135060.57550906873,-2.732304914819709,0.0018522307298270602
published_vector_plot_digitization,2,8,left,figure2_mg_si_o_1_1_3,false,gas_mixing_ratio,SiO,0,non_convective,11,57.727244,325.585649,5.126059480498478,133677.85877466522,-2.7364912518942464,0.0018344621187891311
published_vector_plot_digitization,2,8,left,figure2_mg_si_o_1_1_3,false,gas_mixing_ratio,SiO,1,convective,0,57.82763,325.564138,5.1217444635654505,132356.25292754816,-2.7406775889687722,0.001816863963587628
published_vector_plot_digitization,2,8,left,figure2_mg_si_o_1_1_3,false,gas_mixing_ratio,SiO,1,convective,1,57.928015,325.571308,5.117429489616673,131047.72610407056,-2.739282208148528,0.0018227109047851638
published_vector_plot_digitization,2,8,left,figure2_mg_si_o_1_1_3,false,gas_mixing_ratio,SiO,1,convective,2,58.031986,325.582064,5.112960374146948,129706.09192839313,-2.737188942304368,0.001831517436855362
published_vector_plot_digitization,2,8,left,figure2_mg_si_o_1_1_3,false,gas_mixing_ratio,SiO,1,convective,3,58.132371,325.589234,5.108645400198172,128423.76565590773,-2.7357935614841242,0.0018374115351313858
published_vector_plot_digitization,2,8,left,figure2_mg_si_o_1_1_3,false,gas_mixing_ratio,SiO,1,convective,4,58.232757,325.59999,5.104330383265144,127154.10438847424,-2.7337002956399643,0.0018462890941385798
published_vector_plot_digitization,2,8,left,figure2_mg_si_o_1_1_3,false,gas_mixing_ratio,SiO,1,convective,5,58.336727,325.610745,5.099861310779669,125852.34460417838,-2.731607224409587,0.0018552087142336196
published_vector_plot_digitization,2,8,left,figure2_mg_si_o_1_1_3,false,gas_mixing_ratio,SiO,1,convective,6,58.537498,325.632256,5.091231319897864,123376.18014247532,-2.7274208873350605,0.001873178276918874
published_vector_plot_digitization,2,8,left,figure2_mg_si_o_1_1_3,false,gas_mixing_ratio,SiO,1,convective,7,58.641469,325.646597,5.0867622044281395,122113.08535506764,-2.7246299310807784,0.0018852548595200266
published_vector_plot_digitization,2,8,left,figure2_mg_si_o_1_1_3,false,gas_mixing_ratio,SiO,1,convective,8,58.741854,325.657353,5.082447230479363,120905.82658073418,-2.7225366652366185,0.0018943635762876025
published_vector_plot_digitization,2,8,left,figure2_mg_si_o_1_1_3,false,gas_mixing_ratio,SiO,1,convective,9,58.84224,325.671694,5.078132213546335,119710.49140088986,-2.7197457089823374,0.0019065767428011898
published_vector_plot_digitization,2,8,left,figure2_mg_si_o_1_1_3,false,gas_mixing_ratio,SiO,1,convective,10,58.946211,325.686034,5.07366309807661,118484.92502728441,-2.7169549473418373,0.0019188677890447329
published_vector_plot_digitization,2,8,left,figure2_mg_si_o_1_1_3,false,gas_mixing_ratio,SiO,1,convective,11,59.146982,325.714716,5.065033107194806,116153.71569206842,-2.7113730348332736,0.001943689842808437
published_vector_plot_digitization,2,8,left,figure2_mg_si_o_1_1_3,false,gas_mixing_ratio,SiO,1,convective,12,59.250952,325.732642,5.060564034709331,114964.5740862063,-2.7078843881688694,0.0019593661992793523
published_vector_plot_digitization,2,8,left,figure2_mg_si_o_1_1_3,false,gas_mixing_ratio,SiO,1,convective,13,59.351338,325.746983,5.056249017776303,113827.97708565315,-2.705093431914588,0.0019719984447217997
published_vector_plot_digitization,2,8,left,figure2_mg_si_o_1_1_3,false,gas_mixing_ratio,SiO,1,convective,14,59.451723,325.764909,5.051934043827526,112702.62820349415,-2.7016047852501837,0.0019879031173185764
published_vector_plot_digitization,2,8,left,figure2_mg_si_o_1_1_3,false,gas_mixing_ratio,SiO,1,convective,15,59.555694,325.779249,5.047464928357801,111548.80659833027,-2.698814023609684,0.002000718446801062
published_vector_plot_digitization,2,8,left,figure2_mg_si_o_1_1_3,false,gas_mixing_ratio,SiO,1,convective,16,59.756465,325.815101,5.038834937475996,109354.06647240813,-2.6918367302808646,0.0020331212037893553
published_vector_plot_digitization,2,8,left,figure2_mg_si_o_1_1_3,false,gas_mixing_ratio,SiO,1,convective,17,59.860436,325.833027,5.034365822006271,108234.52661322603,-2.688348083616461,0.0020495188470949985
published_vector_plot_digitization,2,8,left,figure2_mg_si_o_1_1_3,false,gas_mixing_ratio,SiO,1,convective,18,60.061206,325.868879,5.025735874108717,106105.00596341753,-2.6813707902876525,0.0020827119539269076
published_vector_plot_digitization,2,8,left,figure2_mg_si_o_1_1_3,false,gas_mixing_ratio,SiO,1,convective,19,60.165177,325.890391,5.021266758638992,105018.72918133945,-2.6771842585993335,0.002102886056684657
published_vector_plot_digitization,2,8,left,figure2_mg_si_o_1_1_3,false,gas_mixing_ratio,SiO,1,convective,20,60.365948,325.926242,5.012636767757187,102952.46934462429,-2.670207159884307,0.0021369425178014816
published_vector_plot_digitization,2,8,left,figure2_mg_si_o_1_1_3,false,gas_mixing_ratio,SiO,1,convective,21,60.466334,325.947754,5.00832175082416,101934.62999031246,-2.666020628195999,0.0021576419226616377
published_vector_plot_digitization,2,8,left,figure2_mg_si_o_1_1_3,false,gas_mixing_ratio,SiO,1,convective,22,60.570304,325.96568,5.003852678338685,100891.05847064631,-2.662531981531584,0.002175043857461825
published_vector_plot_digitization,2,8,left,figure2_mg_si_o_1_1_3,false,gas_mixing_ratio,SiO,1,convective,23,60.67069,325.987191,4.9995376614056575,99893.59925025742,-2.6583456444570577,0.002196111345254423
published_vector_plot_digitization,2,8,left,figure2_mg_si_o_1_1_3,false,gas_mixing_ratio,SiO,1,convective,24,60.771075,326.005117,4.99522268745688,98906.01119739651,-2.6548569977926535,0.0022138235458019576
published_vector_plot_digitization,2,8,left,figure2_mg_si_o_1_1_3,false,gas_mixing_ratio,SiO,1,convective,25,60.875046,326.026628,4.990753571987156,97893.4359414401,-2.650670660718116,0.0022352666538874646
published_vector_plot_digitization,2,8,left,figure2_mg_si_o_1_1_3,false,gas_mixing_ratio,SiO,1,convective,26,60.975431,326.048139,4.9864385980383785,96925.62230257953,-2.64648432364359,0.0022569174600458857
published_vector_plot_digitization,2,8,left,figure2_mg_si_o_1_1_3,false,gas_mixing_ratio,SiO,1,convective,27,61.075817,326.066065,4.982123581105351,95967.36735785846,-2.642995676979186,0.002275120077485091
published_vector_plot_digitization,2,8,left,figure2_mg_si_o_1_1_3,false,gas_mixing_ratio,SiO,1,convective,28,61.179788,326.087576,4.977654465635626,94984.8772099955,-2.6388093399046486,0.002297156904142542
published_vector_plot_digitization,2,8,left,figure2_mg_si_o_1_1_3,false,gas_mixing_ratio,SiO,1,convective,29,61.280173,326.109087,4.973339491686849,94045.81874539812,-2.6346230028301223,0.00231940717963454
published_vector_plot_digitization,2,8,left,figure2_mg_si_o_1_1_3,false,gas_mixing_ratio,SiO,1,convective,30,61.380558,326.127013,4.969024517738071,93116.04418815352,-2.6311343561657186,0.00233811379266937
published_vector_plot_digitization,2,8,left,figure2_mg_si_o_1_1_3,false,gas_mixing_ratio,SiO,1,convective,31,61.484529,326.148525,4.9645554022683465,92162.74518098489,-2.6269478244773996,0.0023607618347203535
published_vector_plot_digitization,2,8,left,figure2_mg_si_o_1_1_3,false,gas_mixing_ratio,SiO,1,convective,32,61.584915,326.170036,4.960240385335319,91251.57841010725,-2.622761487402873,0.0023836281879497756
published_vector_plot_digitization,2,8,left,figure2_mg_si_o_1_1_3,false,gas_mixing_ratio,SiO,2,non_convective,0,61.6853,326.191547,4.955925411386542,90349.42882976493,-2.618575150328336,0.002406716024813191
published_vector_plot_digitization,2,8,left,figure2_mg_si_o_1_1_3,false,gas_mixing_ratio,SiO,2,non_convective,1,61.789271,326.15211,4.951456295916817,89424.45374568975,-2.626250134067277,0.0023645574266075798
published_vector_plot_digitization,2,8,left,figure2_mg_si_o_1_1_3,false,gas_mixing_ratio,SiO,2,non_convective,2,61.889656,326.044554,4.94714132196804,88540.36785014014,-2.6471820140537123,0.002253294652029007
published_vector_plot_digitization,2,8,left,figure2_mg_si_o_1_1_3,false,gas_mixing_ratio,SiO,2,non_convective,3,61.990042,325.940583,4.9428263050350125,87665.01370451543,-2.6674162036300255,0.0021507196169426213
published_vector_plot_digitization,2,8,left,figure2_mg_si_o_1_1_3,false,gas_mixing_ratio,SiO,2,non_convective,4,62.094012,325.833027,4.938357232549538,86767.52958570448,-2.688348083616461,0.0020495188470949985
published_vector_plot_digitization,2,8,left,figure2_mg_si_o_1_1_3,false,gas_mixing_ratio,SiO,2,non_convective,5,62.294783,325.617916,4.929727241667733,85060.36494077378,-2.73021164897556,0.0018611798886216438
published_vector_plot_digitization,2,8,left,figure2_mg_si_o_1_1_3,false,gas_mixing_ratio,SiO,2,non_convective,6,62.398754,325.506775,4.925258126198008,84189.53798335287,-2.7518412193721176,0.0017707562389258909
published_vector_plot_digitization,2,8,left,figure2_mg_si_o_1_1_3,false,gas_mixing_ratio,SiO,2,non_convective,7,62.49914,325.399219,4.9209431092649805,83357.19830732292,-2.772773099358553,0.0016874344087904835
published_vector_plot_digitization,2,8,left,figure2_mg_si_o_1_1_3,false,gas_mixing_ratio,SiO,2,non_convective,8,62.599525,325.288078,4.916628135316203,82533.09572431326,-2.794402669755122,0.001605452017513888
published_vector_plot_digitization,2,8,left,figure2_mg_si_o_1_1_3,false,gas_mixing_ratio,SiO,2,non_convective,9,62.703496,325.173351,4.912159019846478,81688.1423234411,-2.816730125175583,0.0015250001093519779
published_vector_plot_digitization,2,8,left,figure2_mg_si_o_1_1_3,false,gas_mixing_ratio,SiO,2,non_convective,10,62.803881,325.06221,4.9078440458977015,80880.54069506342,-2.8383596955721515,0.001450909433583812
published_vector_plot_digitization,2,8,left,figure2_mg_si_o_1_1_3,false,gas_mixing_ratio,SiO,2,non_convective,11,62.904267,324.947484,4.903529028964674,80080.91541320753,-2.860686956378842,0.001378202532528534
published_vector_plot_digitization,2,8,left,figure2_mg_si_o_1_1_3,false,gas_mixing_ratio,SiO,2,non_convective,12,63.008237,324.832758,4.899059956479199,79261.07467211729,-2.883014217185522,0.0013091390659556218
published_vector_plot_digitization,2,8,left,figure2_mg_si_o_1_1_3,false,gas_mixing_ratio,SiO,2,non_convective,13,63.108623,324.718032,4.894744939546172,78477.46023741853,-2.905341477992213,0.001243536456769377
published_vector_plot_digitization,2,8,left,figure2_mg_si_o_1_1_3,false,gas_mixing_ratio,SiO,2,non_convective,14,63.209008,324.59972,4.890429965597394,77701.60069555562,-2.928366623822808,0.0011793246500247205
published_vector_plot_digitization,2,8,left,figure2_mg_si_o_1_1_3,false,gas_mixing_ratio,SiO,2,non_convective,15,63.312979,324.481409,4.8859608501276695,76906.11094462921,-2.951391575039621,0.001118429014144321
published_vector_plot_digitization,2,8,left,figure2_mg_si_o_1_1_3,false,gas_mixing_ratio,SiO,2,non_convective,16,63.413364,324.363097,4.881645876178892,76145.78638999349,-2.9744167208702157,0.0010606773114717474
published_vector_plot_digitization,2,8,left,figure2_mg_si_o_1_1_3,false,gas_mixing_ratio,SiO,2,non_convective,17,63.51375,324.2412,4.877330859245864,75392.97124581934,-2.9981395571109326,0.0010042930167704315
published_vector_plot_digitization,2,8,left,figure2_mg_si_o_1_1_3,false,gas_mixing_ratio,SiO,2,non_convective,18,63.617721,324.119304,4.87286174377614,74621.11667163979,-3.021862198737868,0.0009509064675900732
published_vector_plot_digitization,2,8,left,figure2_mg_si_o_1_1_3,false,gas_mixing_ratio,SiO,2,non_convective,19,63.818492,323.875511,4.8642317528943355,73152.93459067792,-3.0693076766055203,0.0008524959479428971
published_vector_plot_digitization,2,8,left,figure2_mg_si_o_1_1_3,false,gas_mixing_ratio,SiO,2,non_convective,20,63.918877,323.750029,4.859916778945558,72429.71543774223,-3.093728203256371,0.0008058826330747162
published_vector_plot_digitization,2,8,left,figure2_mg_si_o_1_1_3,false,gas_mixing_ratio,SiO,2,non_convective,21,64.022848,323.624547,4.855447663475833,71688.19794289689,-3.11814872990721,0.0007618180706413832
published_vector_plot_digitization,2,8,left,figure2_mg_si_o_1_1_3,false,gas_mixing_ratio,SiO,2,non_convective,22,64.123233,323.499065,4.851132689527056,70979.45976196334,-3.1425692565580605,0.0007201628983384932
published_vector_plot_digitization,2,8,left,figure2_mg_si_o_1_1_3,false,gas_mixing_ratio,SiO,2,non_convective,23,64.223619,323.369998,4.846817672594028,70277.72149426154,-3.1676874736190217,0.0006796925760802017
published_vector_plot_digitization,2,8,left,figure2_mg_si_o_1_1_3,false,gas_mixing_ratio,SiO,2,non_convective,24,64.327589,323.240931,4.842348600108553,69558.24246514836,-3.192805690679995,0.000641496526750238
published_vector_plot_digitization,2,8,left,figure2_mg_si_o_1_1_3,false,gas_mixing_ratio,SiO,2,non_convective,25,64.427975,323.108279,4.838033583175526,68870.55505902313,-3.2186215981510893,0.000604475080616557
published_vector_plot_digitization,2,8,left,figure2_mg_si_o_1_1_3,false,gas_mixing_ratio,SiO,2,non_convective,26,64.52836,322.979212,4.833718609226748,68189.6732219417,-3.243739815212051,0.0005705059586774803
published_vector_plot_digitization,2,8,left,figure2_mg_si_o_1_1_3,false,gas_mixing_ratio,SiO,2,non_convective,27,64.632331,322.842974,4.8292494937570245,67491.5642295723,-3.27025360770705,0.0005367182864132442
published_vector_plot_digitization,2,8,left,figure2_mg_si_o_1_1_3,false,gas_mixing_ratio,SiO,2,non_convective,28,64.732716,322.710322,4.824934519808247,66824.31564705765,-3.2960695151781447,0.0005057437038538189
published_vector_plot_digitization,2,8,left,figure2_mg_si_o_1_1_3,false,gas_mixing_ratio,SiO,2,non_convective,29,64.833102,322.574084,4.8206195028752195,66163.65720220916,-3.3225833076731437,0.00047579151447594436
published_vector_plot_digitization,2,8,left,figure2_mg_si_o_1_1_3,false,gas_mixing_ratio,SiO,2,non_convective,30,64.937073,322.437847,4.816150387405495,65486.29006025817,-3.3490969055543713,0.00044761341558074725
published_vector_plot_digitization,2,8,left,figure2_mg_si_o_1_1_3,false,gas_mixing_ratio,SiO,2,non_convective,31,65.137844,322.158202,4.80752039652369,64197.837114180875,-3.403519676750832,0.0003948938073346788
published_vector_plot_digitization,2,8,left,figure2_mg_si_o_1_1_3,false,gas_mixing_ratio,SiO,2,non_convective,32,65.241814,322.014794,4.803051324038215,63540.601840526644,-3.4314288500660863,0.0003703148686629162
published_vector_plot_digitization,2,8,left,figure2_mg_si_o_1_1_3,false,gas_mixing_ratio,SiO,2,non_convective,33,65.442585,321.727978,4.794421333156411,62290.43061290618,-3.487247196696584,0.00032565129031677007
published_vector_plot_digitization,2,8,left,figure2_mg_si_o_1_1_3,false,gas_mixing_ratio,SiO,2,non_convective,34,65.546556,321.580985,4.789952217686686,61652.716605861366,-3.515854060421961,0.0003048919371175415
published_vector_plot_digitization,2,8,left,figure2_mg_si_o_1_1_3,false,gas_mixing_ratio,SiO,2,non_convective,35,65.646941,321.430407,4.785637243737908,61043.19320492924,-3.5451586145574594,0.0002849977198712363
published_vector_plot_digitization,2,8,left,figure2_mg_si_o_1_1_3,false,gas_mixing_ratio,SiO,2,non_convective,36,65.747327,321.283414,4.781322226804881,60439.68981397262,-3.5737654782828363,0.0002668299173668249
published_vector_plot_digitization,2,8,left,figure2_mg_si_o_1_1_3,false,gas_mixing_ratio,SiO,2,non_convective,37,65.851298,321.129251,4.776853111335155,59820.923233029505,-3.6037677228284575,0.000249018880966923
published_vector_plot_digitization,2,8,left,figure2_mg_si_o_1_1_3,false,gas_mixing_ratio,SiO,2,non_convective,38,65.951683,320.978672,4.772538137386379,59229.50967360783,-3.633072471577738,0.00023277027968923825
published_vector_plot_digitization,2,8,left,figure2_mg_si_o_1_1_3,false,gas_mixing_ratio,SiO,2,non_convective,39,66.052069,320.820924,4.768223120453351,58643.93726076371,-3.6637724065334925,0.00021688403950719694
published_vector_plot_digitization,2,8,left,figure2_mg_si_o_1_1_3,false,gas_mixing_ratio,SiO,2,non_convective,40,66.156039,320.663175,4.763754047967876,58043.560894731505,-3.6944725361030177,0.00020208192204362735
published_vector_plot_digitization,2,8,left,figure2_mg_si_o_1_1_3,false,gas_mixing_ratio,SiO,2,non_convective,41,66.256425,320.505427,4.759439031034849,57469.71336179579,-3.725172471058772,0.00018829011857834143
published_vector_plot_digitization,2,8,left,figure2_mg_si_o_1_1_3,false,gas_mixing_ratio,SiO,2,non_convective,42,66.35681,320.344093,4.755124057086071,56901.54480301494,-3.7565702910384307,0.00017515789162957982
published_vector_plot_digitization,2,8,left,figure2_mg_si_o_1_1_3,false,gas_mixing_ratio,SiO,2,non_convective,43,66.460781,320.179174,4.750654941616347,56319.00087473693,-3.788665801428211,0.00016268001305024102
published_vector_plot_digitization,2,8,left,figure2_mg_si_o_1_1_3,false,gas_mixing_ratio,SiO,2,non_convective,44,66.661552,319.849336,4.742024950734542,55210.91576974158,-3.852856822207772,0.00014032762590945294
published_vector_plot_digitization,2,8,left,figure2_mg_si_o_1_1_3,false,gas_mixing_ratio,SiO,2,non_convective,45,66.765522,319.677246,4.737555878249067,54645.68549149879,-3.8863479080315795,0.0001299128445060131
published_vector_plot_digitization,2,8,left,figure2_mg_si_o_1_1_3,false,gas_mixing_ratio,SiO,3,convective,0,66.865908,319.505157,4.733240861316039,54105.43104601862,-3.9198387992416155,0.00012027107721129653
published_vector_plot_digitization,2,8,left,figure2_mg_si_o_1_1_3,false,gas_mixing_ratio,SiO,3,convective,1,69.608583,317.242898,4.615349033105025,41242.88461046063,-4.36010558013936,4.364097249726694e-05
published_vector_plot_digitization,2,8,left,figure2_mg_si_o_1_1_3,false,gas_mixing_ratio,SiO,3,convective,2,72.347672,314.683069,4.497611346414955,31449.326291837784,-4.858283584284208,1.3858506048640702e-05
published_vector_plot_digitization,2,8,left,figure2_mg_si_o_1_1_3,false,gas_mixing_ratio,SiO,3,convective,3,74.989961,311.915298,4.384034535136967,24212.215748424824,-5.396929967581671,4.0093136484358716e-06
published_vector_plot_digitization,2,8,left,figure2_mg_si_o_1_1_3,false,gas_mixing_ratio,SiO,3,convective,4,77.427895,309.050726,4.279241770293231,19021.36898514462,-5.954415159635202,1.1106694858243657e-06
published_vector_plot_digitization,2,8,left,figure2_mg_si_o_1_1_3,false,gas_mixing_ratio,SiO,3,convective,5,80.166984,305.433264,4.161504083603163,14504.544126371131,-6.658423122366228,2.1957195950803312e-07
published_vector_plot_digitization,2,8,left,figure2_mg_si_o_1_1_3,false,gas_mixing_ratio,SiO,3,convective,6,82.909659,301.435771,4.043612255392147,11056.362146388929,-7.436390355459917,3.6610835876159684e-08
published_vector_plot_digitization,2,8,left,figure2_mg_si_o_1_1_3,false,gas_mixing_ratio,SiO,3,convective,7,85.548363,297.194484,3.9301895426508566,8515.095883289985,-8.26180326103504,5.4726382175184075e-09
published_vector_plot_digitization,2,8,left,figure2_mg_si_o_1_1_3,false,gas_mixing_ratio,SiO,3,convective,8,87.072071,294.56295,3.864694096861709,7323.085367306689,-8.773936046451286,1.682921867353691e-09
published_vector_plot_digitization,2,8,left,figure2_mg_si_o_1_1_3,false,gas_mixing_ratio,SiO,4,non_convective,0,87.176042,294.380105,3.8602249813919842,7248.113432331032,-8.809520203505471,1.5505286540729875e-09
published_vector_plot_digitization,2,8,left,figure2_mg_si_o_1_1_3,false,gas_mixing_ratio,SiO,4,non_convective,1,92.55742,285.019159,3.628910483423928,4255.106980275192,-10.631289311984059,2.337279704915572e-11
published_vector_plot_digitization,2,8,left,figure2_mg_si_o_1_1_3,false,gas_mixing_ratio,SiO,4,non_convective,2,94.991768,281.226022,3.524271860101139,3344.0430526810064,-11.369486050949025,4.2708463669929806e-12
published_vector_plot_digitization,2,8,left,figure2_mg_si_o_1_1_3,false,gas_mixing_ratio,SiO,4,non_convective,3,97.024574,278.461836,3.436893218541959,2734.5962791746765,-11.907434743836365,1.2375571286632994e-12
published_vector_plot_digitization,2,8,left,figure2_mg_si_o_1_1_3,false,gas_mixing_ratio,SiO,4,non_convective,4,98.853024,276.350156,3.358298666401282,2281.910813550384,-12.31839677598483,4.804002492009708e-13
published_vector_plot_digitization,2,8,left,figure2_mg_si_o_1_1_3,false,gas_mixing_ratio,SiO,4,non_convective,5,100.477118,274.801351,3.2884882036791065,1943.068913410393,-12.61981557533024,2.3998518081254617e-13
published_vector_plot_digitization,2,8,left,figure2_mg_si_o_1_1_3,false,gas_mixing_ratio,SiO,4,non_convective,6,102.101212,273.553703,3.218677740956932,1654.5417900831956,-12.862625071790868,1.3720657650234538e-13
published_vector_plot_digitization,2,8,left,figure2_mg_si_o_1_1_3,false,gas_mixing_ratio,SiO,4,non_convective,7,103.725305,272.589286,3.148867321219007,1408.858320558262,-13.050313912031111,8.906069665511374e-14
published_vector_plot_digitization,2,8,left,figure2_mg_si_o_1_1_3,false,gas_mixing_ratio,SiO,4,non_convective,8,105.349399,271.883002,3.079056858496832,1199.656353710466,-13.187766512763211,6.489832488940564e-14
published_vector_plot_digitization,2,8,left,figure2_mg_si_o_1_1_3,false,gas_mixing_ratio,SiO,4,non_convective,9,107.077463,271.373904,3.004777323289183,1011.0609179738581,-13.286844000186836,5.166019008204926e-14
published_vector_plot_digitization,2,8,left,figure2_mg_si_o_1_1_3,false,gas_mixing_ratio,SiO,4,non_convective,10,108.905913,271.072748,2.9261827711485053,843.6897466192116,-13.345453108457834,4.5138475951957216e-14
published_vector_plot_digitization,2,8,left,figure2_mg_si_o_1_1_3,false,gas_mixing_ratio,SiO,4,non_convective,11,110.935134,270.965192,2.838958228126023,690.1734174947134,-13.366384988444267,4.301451312570106e-14
published_vector_plot_digitization,2,8,left,figure2_mg_si_o_1_1_3,false,gas_mixing_ratio,SiO,4,non_convective,12,113.272681,271.076333,2.738480523199564,547.621541233212,-13.344755418047711,4.5211048809839466e-14
published_vector_plot_digitization,2,8,left,figure2_mg_si_o_1_1_3,false,gas_mixing_ratio,SiO,4,non_convective,13,116.011771,271.445608,2.6207427935252463,417.5829841382195,-13.272889413529208,5.334707183821511e-14
published_vector_plot_digitization,2,8,left,figure2_mg_si_o_1_1_3,false,gas_mixing_ratio,SiO,4,non_convective,14,119.363929,272.133966,2.476652795595421,299.67657436679104,-13.138925459461522,7.262305940041664e-14
published_vector_plot_digitization,2,8,left,figure2_mg_si_o_1_1_3,false,gas_mixing_ratio,SiO,4,non_convective,15,123.730697,273.270473,2.2889505476464804,194.51385794818742,-12.917745533397461,1.2085217380527365e-13
published_vector_plot_digitization,2,8,left,figure2_mg_si_o_1_1_3,false,gas_mixing_ratio,SiO,4,non_convective,16,130.126686,275.188553,2.0140237566750576,103.28179011791765,-12.54446072953355,2.8545606217380006e-13
published_vector_plot_digitization,2,8,left,figure2_mg_si_o_1_1_3,false,gas_mixing_ratio,SiO,4,non_convective,17,141.90764,278.985275,1.5076282832303818,32.183130274393065,-11.80556630015846,1.5647094297006826e-12
published_vector_plot_digitization,2,8,left,figure2_mg_si_o_1_1_3,false,gas_mixing_ratio,SiO,4,non_convective,18,170.542598,288.281687,0.27677608624544797,1.8913682146975594,-9.996356397517255,1.0084249969625647e-10
published_vector_plot_digitization,2,8,left,figure2_mg_si_o_1_1_3,false,gas_mixing_ratio,SiO,4,non_convective,19,184.962255,288.156206,-0.34304205695626955,0.4538976591993429,-10.020776729554312,9.532861217019238e-11
published_vector_plot_digitization,2,8,left,figure2_mg_si_o_1_1_3,false,gas_mixing_ratio,SiO,4,non_convective,20,190.648375,287.890901,-0.5874556612758557,0.25854987891877823,-10.072408739110283,8.464304155921501e-11
published_vector_plot_digitization,2,8,left,figure2_mg_si_o_1_1_3,false,gas_mixing_ratio,SiO,4,non_convective,21,194.610017,287.492944,-0.7577438719087395,0.17468520669450616,-10.149856656137338,7.08179488556367e-11
published_vector_plot_digitization,2,8,left,figure2_mg_si_o_1_1_3,false,gas_mixing_ratio,SiO,4,non_convective,22,197.962175,286.933654,-0.9018338698385646,0.12536206292696295,-10.258702198530283,5.5118552205238984e-11
published_vector_plot_digitization,2,8,left,figure2_mg_si_o_1_1_3,false,gas_mixing_ratio,SiO,4,non_convective,23,201.210362,286.162837,-1.0414547522986641,0.09089609957631856,-10.408713810485962,3.9019903365815954e-11
published_vector_plot_digitization,2,8,left,figure2_mg_si_o_1_1_3,false,gas_mixing_ratio,SiO,4,non_convective,24,204.662906,285.112374,-1.1898597671615159,0.06458627431845446,-10.613148388251906,2.436978017795738e-11
published_vector_plot_digitization,2,8,left,figure2_mg_si_o_1_1_3,false,gas_mixing_ratio,SiO,4,non_convective,25,208.825318,283.595837,-1.3687779256919557,0.042778157419961375,-10.908287390064835,1.2351298280430276e-11
published_vector_plot_digitization,2,8,left,figure2_mg_si_o_1_1_3,false,gas_mixing_ratio,SiO,4,non_convective,26,214.715794,281.19017,-1.6219756194300432,0.023879453344302092,-11.376463344277834,4.202779988704328e-12
published_vector_plot_digitization,2,8,left,figure2_mg_si_o_1_1_3,false,gas_mixing_ratio,SiO,4,non_convective,27,225.98765,276.292793,-2.1064878971046888,0.007825500128244964,-12.329560406388175,4.682088232816356e-13
published_vector_plot_digitization,2,8,left,figure2_mg_si_o_1_1_3,false,gas_mixing_ratio,SiO,4,non_convective,28,229.640964,274.797766,-2.2635228598650956,0.005451012025591776,-12.620513265740362,2.3959995616327496e-13
published_vector_plot_digitization,2,8,left,figure2_mg_si_o_1_1_3,false,gas_mixing_ratio,SiO,4,non_convective,29,246.702911,274.801351,-2.996917857329051,0.0010071221384128554,-12.61981557533024,2.3998518081254617e-13
published_vector_plot_digitization,2,8,right,figure2_mg_si_o_1_1_4,false,gas_mixing_ratio,H2,0,non_convective,0,265.776152,339.331289,5.3161275179212915,207074.92747293352,-0.06140025913906146,0.8681599375897125
published_vector_plot_digitization,2,8,right,figure2_mg_si_o_1_1_4,false,gas_mixing_ratio,H2,0,non_convective,1,265.876537,339.334874,5.311741230449546,204994.03806235414,-0.06070256872893926,0.8695557500632393
published_vector_plot_digitization,2,8,right,figure2_mg_si_o_1_1_4,false,gas_mixing_ratio,H2,0,non_convective,2,265.976923,339.342045,5.3073548992831485,202934.03902645808,-0.05930699329491289,0.8723545020224658
published_vector_plot_digitization,2,8,right,figure2_mg_si_o_1_1_4,false,gas_mixing_ratio,H2,0,non_convective,3,266.077308,339.34563,5.302968611811401,200894.76127318345,-0.05860930288477962,0.8737570584438783
published_vector_plot_digitization,2,8,right,figure2_mg_si_o_1_1_4,false,gas_mixing_ratio,H2,0,non_convective,4,266.174109,339.349215,5.298738925966379,198947.70149267625,-0.057911612474657426,0.8751618698711298
published_vector_plot_digitization,2,8,right,figure2_mg_si_o_1_1_4,false,gas_mixing_ratio,H2,0,non_convective,5,266.274494,339.3528,5.294352638494631,196948.4823194638,-0.057213922064535225,0.8765689399298018
published_vector_plot_digitization,2,8,right,figure2_mg_si_o_1_1_4,false,gas_mixing_ratio,H2,0,non_convective,6,266.37488,339.359971,5.289966307328234,194969.33362063245,-0.05581834663050885,0.8793902645404978
published_vector_plot_digitization,2,8,right,figure2_mg_si_o_1_1_4,false,gas_mixing_ratio,H2,0,non_convective,7,266.676036,339.370726,5.276807401218343,189150.45974567952,-0.05372527540013119,0.8836386929691119
published_vector_plot_digitization,2,8,right,figure2_mg_si_o_1_1_4,false,gas_mixing_ratio,H2,0,non_convective,8,266.776421,339.370726,5.272421113746595,187249.69274556704,-0.05372527540013119,0.8836386929691119
published_vector_plot_digitization,2,8,right,figure2_mg_si_o_1_1_4,false,gas_mixing_ratio,H2,0,non_convective,9,266.873222,339.374312,5.2681914279015745,185434.8801374803,-0.05302739037622701,0.8850597885250705
published_vector_plot_digitization,2,8,right,figure2_mg_si_o_1_1_4,false,gas_mixing_ratio,H2,0,non_convective,10,267.073993,339.381482,5.259418809263431,181726.7288798381,-0.05163200955597155,0.8879080438945219
published_vector_plot_digitization,2,8,right,figure2_mg_si_o_1_1_4,false,gas_mixing_ratio,H2,1,convective,0,267.174378,339.381482,5.255032521791684,179900.56271689275,-0.05163200955597155,0.8879080438945219
published_vector_plot_digitization,2,8,right,figure2_mg_si_o_1_1_4,false,gas_mixing_ratio,H2,1,convective,1,267.274764,339.385067,5.250646190625285,178092.72972205555,-0.050934319145849345,0.889335607030473
published_vector_plot_digitization,2,8,right,figure2_mg_si_o_1_1_4,false,gas_mixing_ratio,H2,1,convective,2,267.475535,339.385067,5.241873571987142,174531.39984061095,-0.050934319145849345,0.889335607030473
published_vector_plot_digitization,2,8,right,figure2_mg_si_o_1_1_4,false,gas_mixing_ratio,H2,1,convective,3,267.572335,339.388652,5.237643929836769,172839.86954163155,-0.050236628735727144,0.8907654653776469
published_vector_plot_digitization,2,8,right,figure2_mg_si_o_1_1_4,false,gas_mixing_ratio,H2,1,convective,4,267.973877,339.388652,5.22009869256048,165996.40881290485,-0.050236628735727144,0.8907654653776469
published_vector_plot_digitization,2,8,right,figure2_mg_si_o_1_1_4,false,gas_mixing_ratio,H2,1,convective,5,268.074262,339.392238,5.215712405088735,164328.3161398403,-0.04953874371181191,0.8921980224333098
published_vector_plot_digitization,2,8,right,figure2_mg_si_o_1_1_4,false,gas_mixing_ratio,H2,1,convective,6,268.472219,339.392238,5.19832381313382,157878.79868003866,-0.04953874371181191,0.8921980224333098
published_vector_plot_digitization,2,8,right,figure2_mg_si_o_1_1_4,false,gas_mixing_ratio,H2,1,convective,7,268.572605,339.395823,5.193937481967422,156292.26389032742,-0.04884105330168971,0.8936324829222673
published_vector_plot_digitization,2,8,right,figure2_mg_si_o_1_1_4,false,gas_mixing_ratio,H2,1,convective,8,269.171332,339.395823,5.167776315069014,147155.43778504033,-0.04884105330168971,0.8936324829222673
published_vector_plot_digitization,2,8,right,figure2_mg_si_o_1_1_4,false,gas_mixing_ratio,H2,1,convective,9,269.271718,339.399408,5.163389983902617,145676.66277856016,-0.048143362891567516,0.895069249711892
published_vector_plot_digitization,2,8,right,figure2_mg_si_o_1_1_4,false,gas_mixing_ratio,H2,1,convective,10,270.271987,339.399408,5.119683579727921,131729.66267995187,-0.048143362891567516,0.895069249711892
published_vector_plot_digitization,2,8,right,figure2_mg_si_o_1_1_4,false,gas_mixing_ratio,H2,1,convective,11,270.372373,339.402993,5.115297248561525,130405.90233704391,-0.04744567248144531,0.8965083265102141
published_vector_plot_digitization,2,8,right,figure2_mg_si_o_1_1_4,false,gas_mixing_ratio,H2,1,convective,12,271.071486,339.402993,5.084749750496719,121548.54108721553,-0.04744567248144531,0.8965083265102141
published_vector_plot_digitization,2,8,right,figure2_mg_si_o_1_1_4,false,gas_mixing_ratio,H2,2,non_convective,0,271.171871,339.402993,5.080363463024972,120327.10363408439,-0.04744567248144531,0.8965083265102141
published_vector_plot_digitization,2,8,right,figure2_mg_si_o_1_1_4,false,gas_mixing_ratio,H2,2,non_convective,1,271.268672,339.402993,5.076133777179951,119160.90068032862,-0.04744567248144531,0.8965083265102141
published_vector_plot_digitization,2,8,right,figure2_mg_si_o_1_1_4,false,gas_mixing_ratio,H2,2,non_convective,2,271.369057,339.410164,5.071747489708203,117963.45655028851,-0.04605009704740788,0.8993938280265008
published_vector_plot_digitization,2,8,right,figure2_mg_si_o_1_1_4,false,gas_mixing_ratio,H2,2,non_convective,3,271.670214,339.420919,5.058588539903662,114442.81713647851,-0.04395702581703021,0.9037388958099204
published_vector_plot_digitization,2,8,right,figure2_mg_si_o_1_1_4,false,gas_mixing_ratio,H2,2,non_convective,4,271.770599,339.420919,5.054202252431915,113292.784879061,-0.04395702581703021,0.9037388958099204
published_vector_plot_digitization,2,8,right,figure2_mg_si_o_1_1_4,false,gas_mixing_ratio,H2,2,non_convective,5,271.870985,339.424504,5.049815921265516,112154.2979755838,-0.04325933540690801,0.9051919115147051
published_vector_plot_digitization,2,8,right,figure2_mg_si_o_1_1_4,false,gas_mixing_ratio,H2,2,non_convective,6,271.967785,339.42809,5.045586279115145,111067.31653064268,-0.042561450383003845,0.9066476696350528
published_vector_plot_digitization,2,8,right,figure2_mg_si_o_1_1_4,false,gas_mixing_ratio,H2,3,convective,0,272.06817,339.431675,5.041199991643397,109951.20457227713,-0.04186375997288164,0.9081053620158877
published_vector_plot_digitization,2,8,right,figure2_mg_si_o_1_1_4,false,gas_mixing_ratio,H2,3,convective,1,282.458068,339.463942,4.587217031737745,38656.010603853996,-0.035584157054195764,0.921331336974708
published_vector_plot_digitization,2,8,right,figure2_mg_si_o_1_1_4,false,gas_mixing_ratio,H2,3,convective,2,298.641641,339.463942,3.8800814686755105,7587.198888502499,-0.035584157054195764,0.921331336974708
published_vector_plot_digitization,2,8,right,figure2_mg_si_o_1_1_4,false,gas_mixing_ratio,H2,4,non_convective,0,298.742027,339.463942,3.8756951375091124,7510.954610653236,-0.035584157054195764,0.921331336974708
published_vector_plot_digitization,2,8,right,figure2_mg_si_o_1_1_4,false,gas_mixing_ratio,H2,4,non_convective,1,456.074756,339.467527,-2.9989034390557254,0.001002528115191211,-0.0348864666440625,0.922812637500958
published_vector_plot_digitization,2,8,right,figure2_mg_si_o_1_1_4,false,gas_mixing_ratio,SiH3,0,non_convective,0,265.776152,328.109627,5.3161275179212915,207074.92747293352,-2.245290346464435,0.005684727527704267
published_vector_plot_digitization,2,8,right,figure2_mg_si_o_1_1_4,false,gas_mixing_ratio,SiH3,0,non_convective,1,265.976923,327.923197,5.3073548992831485,202934.03902645808,-2.281572193928742,0.005229110340625837
published_vector_plot_digitization,2,8,right,figure2_mg_si_o_1_1_4,false,gas_mixing_ratio,SiH3,0,non_convective,2,266.077308,327.826396,5.302968611811401,200894.76127318345,-2.3004110026848106,0.005007131501032449
published_vector_plot_digitization,2,8,right,figure2_mg_si_o_1_1_4,false,gas_mixing_ratio,SiH3,0,non_convective,3,266.174109,327.736766,5.298738925966379,198947.70149267625,-2.317854236006842,0.004810007615688697
published_vector_plot_digitization,2,8,right,figure2_mg_si_o_1_1_4,false,gas_mixing_ratio,SiH3,0,non_convective,4,266.37488,327.550336,5.289966307328234,194969.33362063245,-2.354136083471149,0.004424497117779056
published_vector_plot_digitization,2,8,right,figure2_mg_si_o_1_1_4,false,gas_mixing_ratio,SiH3,0,non_convective,5,266.475265,327.460706,5.285580019856488,193010.09294060414,-2.37157931679318,0.004250310747325443
published_vector_plot_digitization,2,8,right,figure2_mg_si_o_1_1_4,false,gas_mixing_ratio,SiH3,0,non_convective,6,266.57565,327.374662,5.281193732384741,191070.54060833203,-2.3883246650913073,0.004089548234791916
published_vector_plot_digitization,2,8,right,figure2_mg_si_o_1_1_4,false,gas_mixing_ratio,SiH3,0,non_convective,7,266.676036,327.285032,5.276807401218343,189150.45974567952,-2.4057678984133384,0.003928548341504388
published_vector_plot_digitization,2,8,right,figure2_mg_si_o_1_1_4,false,gas_mixing_ratio,SiH3,0,non_convective,8,266.776421,327.198987,5.272421113746595,187249.69274556704,-2.422513441325248,0.003779954382393907
published_vector_plot_digitization,2,8,right,figure2_mg_si_o_1_1_4,false,gas_mixing_ratio,SiH3,0,non_convective,9,266.873222,327.116527,5.2681914279015745,185434.8801374803,-2.438561293827023,0.00364282833654885
published_vector_plot_digitization,2,8,right,figure2_mg_si_o_1_1_4,false,gas_mixing_ratio,SiH3,0,non_convective,10,266.973607,327.034068,5.2638051404298265,183571.45087958133,-2.454608951715028,0.003510678408698722
published_vector_plot_digitization,2,8,right,figure2_mg_si_o_1_1_4,false,gas_mixing_ratio,SiH3,0,non_convective,11,267.073993,326.955194,5.259418809263431,181726.7288798381,-2.4699589191928997,0.003388762096199087
published_vector_plot_digitization,2,8,right,figure2_mg_si_o_1_1_4,false,gas_mixing_ratio,SiH3,1,convective,0,267.174378,326.879905,5.255032521791684,179900.56271689275,-2.484611196260649,0.00327633879062763
published_vector_plot_digitization,2,8,right,figure2_mg_si_o_1_1_4,false,gas_mixing_ratio,SiH3,1,convective,1,267.274764,326.844053,5.250646190625285,178092.72972205555,-2.491588489589468,0.0032241223219556434
published_vector_plot_digitization,2,8,right,figure2_mg_si_o_1_1_4,false,gas_mixing_ratio,SiH3,1,convective,2,267.375149,326.811786,5.246259903153538,176303.08150195229,-2.497868092508154,0.0031778391235198025
published_vector_plot_digitization,2,8,right,figure2_mg_si_o_1_1_4,false,gas_mixing_ratio,SiH3,1,convective,3,267.475535,326.783104,5.241873571987142,174531.39984061095,-2.5034500050167177,0.0031372562631070337
published_vector_plot_digitization,2,8,right,figure2_mg_si_o_1_1_4,false,gas_mixing_ratio,SiH3,1,convective,4,267.572335,326.750838,5.237643929836769,172839.86954163155,-2.509729413321622,0.003092221437470431
published_vector_plot_digitization,2,8,right,figure2_mg_si_o_1_1_4,false,gas_mixing_ratio,SiH3,1,convective,5,268.074262,326.60743,5.215712405088735,164328.3161398403,-2.5376385866368656,0.002899755717169446
published_vector_plot_digitization,2,8,right,figure2_mg_si_o_1_1_4,false,gas_mixing_ratio,SiH3,1,convective,6,268.275033,326.557237,5.206939786450589,161042.23397607193,-2.5474068362199658,0.0028352617816155713
published_vector_plot_digitization,2,8,right,figure2_mg_si_o_1_1_4,false,gas_mixing_ratio,SiH3,1,convective,7,268.371834,326.532141,5.202710100605568,159481.42246087542,-2.5522908637046147,0.002803555360278191
published_vector_plot_digitization,2,8,right,figure2_mg_si_o_1_1_4,false,gas_mixing_ratio,SiH3,1,convective,8,268.572605,326.481948,5.193937481967422,156292.26389032742,-2.5620591132877153,0.0027412010324094943
published_vector_plot_digitization,2,8,right,figure2_mg_si_o_1_1_4,false,gas_mixing_ratio,SiH3,1,convective,9,268.67299,326.460437,5.1895511944956745,154721.6878633115,-2.566245450362242,0.00271490445167731
published_vector_plot_digitization,2,8,right,figure2_mg_si_o_1_1_4,false,gas_mixing_ratio,SiH3,1,convective,10,268.773375,326.43534,5.185164907023929,153166.89450522224,-2.571129672460683,0.002684542770167902
published_vector_plot_digitization,2,8,right,figure2_mg_si_o_1_1_4,false,gas_mixing_ratio,SiH3,1,convective,11,268.974146,326.392318,5.176392288385784,150104.00788935085,-2.579502346609747,0.002633283715297802
published_vector_plot_digitization,2,8,right,figure2_mg_si_o_1_1_4,false,gas_mixing_ratio,SiH3,1,convective,12,269.070947,326.370807,5.172162602540762,148649.2089946357,-2.5836886836842727,0.002608022394806764
published_vector_plot_digitization,2,8,right,figure2_mg_si_o_1_1_4,false,gas_mixing_ratio,SiH3,1,convective,13,269.171332,326.352881,5.167776315069014,147155.43778504033,-2.5871773303486774,0.002587156316398265
published_vector_plot_digitization,2,8,right,figure2_mg_si_o_1_1_4,false,gas_mixing_ratio,SiH3,1,convective,14,269.271718,326.33137,5.163389983902617,145676.66277856016,-2.5913636674232143,0.002562337500070404
published_vector_plot_digitization,2,8,right,figure2_mg_si_o_1_1_4,false,gas_mixing_ratio,SiH3,1,convective,15,269.372103,326.313444,5.159003696430871,144212.762592073,-2.5948523140876185,0.0025418369340890826
published_vector_plot_digitization,2,8,right,figure2_mg_si_o_1_1_4,false,gas_mixing_ratio,SiH3,1,convective,16,269.472489,326.291932,5.154617365264474,142763.55872882105,-2.5990388457759375,0.002517451742443178
published_vector_plot_digitization,2,8,right,figure2_mg_si_o_1_1_4,false,gas_mixing_ratio,SiH3,1,convective,17,269.67326,326.25608,5.145844746626328,139908.70817722377,-2.606016139104746,0.0024773299942227687
published_vector_plot_digitization,2,8,right,figure2_mg_si_o_1_1_4,false,gas_mixing_ratio,SiH3,1,convective,18,269.77006,326.238155,5.1416151044759575,138552.7354457335,-2.609504591155368,0.0024575106514401978
published_vector_plot_digitization,2,8,right,figure2_mg_si_o_1_1_4,false,gas_mixing_ratio,SiH3,1,convective,19,269.870445,326.220229,5.1372288170042095,137160.42338017118,-2.6129932378197718,0.002437848776586374
published_vector_plot_digitization,2,8,right,figure2_mg_si_o_1_1_4,false,gas_mixing_ratio,SiH3,1,convective,20,269.970831,326.205888,5.132842485837814,135782.08895348804,-2.615784194074054,0.0024222323828818858
published_vector_plot_digitization,2,8,right,figure2_mg_si_o_1_1_4,false,gas_mixing_ratio,SiH3,1,convective,21,270.171602,326.170036,5.124069867199668,133066.8472279563,-2.622761487402873,0.0023836281879497756
published_vector_plot_digitization,2,8,right,figure2_mg_si_o_1_1_4,false,gas_mixing_ratio,SiH3,1,convective,22,270.372373,326.141354,5.115297248561525,130405.90233704391,-2.6283433999114365,0.002353187864740348
published_vector_plot_digitization,2,8,right,figure2_mg_si_o_1_1_4,false,gas_mixing_ratio,SiH3,1,convective,23,270.472758,326.123428,5.110910961089777,129095.45754026457,-2.6318320465758407,0.0023343606481514997
published_vector_plot_digitization,2,8,right,figure2_mg_si_o_1_1_4,false,gas_mixing_ratio,SiH3,1,convective,24,270.569559,326.109087,5.106681275244754,127844.27223493386,-2.6346230028301223,0.00231940717963454
published_vector_plot_digitization,2,8,right,figure2_mg_si_o_1_1_4,false,gas_mixing_ratio,SiH3,1,convective,25,270.870715,326.066065,5.093522369134863,124028.75067595007,-2.642995676979186,0.002275120077485091
published_vector_plot_digitization,2,8,right,figure2_mg_si_o_1_1_4,false,gas_mixing_ratio,SiH3,1,convective,26,270.9711,326.048139,5.089136081663118,122782.38967494135,-2.64648432364359,0.0022569174600458857
published_vector_plot_digitization,2,8,right,figure2_mg_si_o_1_1_4,false,gas_mixing_ratio,SiH3,1,convective,27,271.071486,326.033798,5.084749750496719,121548.54108721553,-2.649275279897872,0.0022424600778025304
published_vector_plot_digitization,2,8,right,figure2_mg_si_o_1_1_4,false,gas_mixing_ratio,SiH3,2,non_convective,0,271.171871,326.019458,5.080363463024972,120327.10363408439,-2.6520660415383714,0.002228096305231578
published_vector_plot_digitization,2,8,right,figure2_mg_si_o_1_1_4,false,gas_mixing_ratio,SiH3,2,non_convective,1,271.268672,325.933413,5.076133777179951,119160.90068032862,-2.668811584450281,0.0021438204805520195
published_vector_plot_digitization,2,8,right,figure2_mg_si_o_1_1_4,false,gas_mixing_ratio,SiH3,2,non_convective,2,271.469443,325.582064,5.0673611585418055,116778.0337494037,-2.737188942304368,0.001831517436855362
published_vector_plot_digitization,2,8,right,figure2_mg_si_o_1_1_4,false,gas_mixing_ratio,SiH3,2,non_convective,3,271.569828,325.399219,5.06297487107006,115604.53497394631,-2.772773099358553,0.0016874344087904835
published_vector_plot_digitization,2,8,right,figure2_mg_si_o_1_1_4,false,gas_mixing_ratio,SiH3,2,non_convective,4,271.670214,325.212789,5.058588539903662,114442.81713647851,-2.8090549468228714,0.0015521906147887695
published_vector_plot_digitization,2,8,right,figure2_mg_si_o_1_1_4,false,gas_mixing_ratio,SiH3,2,non_convective,5,271.770599,325.022773,5.054202252431915,113292.784879061,-2.846034679311093,0.001425493760437271
published_vector_plot_digitization,2,8,right,figure2_mg_si_o_1_1_4,false,gas_mixing_ratio,SiH3,2,non_convective,6,271.870985,324.825587,5.049815921265516,112154.2979755838,-2.8844097926195595,0.0013049389895907063
published_vector_plot_digitization,2,8,right,figure2_mg_si_o_1_1_4,false,gas_mixing_ratio,SiH3,2,non_convective,7,271.967785,324.624816,5.045586279115145,111067.31653064268,-2.9234825963381486,0.0011926620589366723
published_vector_plot_digitization,2,8,right,figure2_mg_si_o_1_1_4,false,gas_mixing_ratio,SiH3,3,convective,0,272.06817,324.416875,5.041199991643397,109951.20457227713,-2.9639507808769925,0.001086548756534534
published_vector_plot_digitization,2,8,right,figure2_mg_si_o_1_1_4,false,gas_mixing_ratio,SiH3,3,convective,1,273.867939,322.355388,4.96255971454285,91740.20674989966,-3.3651445634423656,0.00043137546113742974
published_vector_plot_digitization,2,8,right,figure2_mg_si_o_1_1_4,false,gas_mixing_ratio,SiH3,3,convective,2,275.965278,319.584031,4.870917220348434,74287.75266019427,-3.904488831763744,0.00012459802782562455
published_vector_plot_digitization,2,8,right,figure2_mg_si_o_1_1_4,false,gas_mixing_ratio,SiH3,3,convective,3,278.46416,315.894865,4.761729445183081,57773.60198941172,-4.6224513811523975,2.385330815998454e-05
published_vector_plot_digitization,2,8,right,figure2_mg_si_o_1_1_4,false,gas_mixing_ratio,SiH3,3,convective,4,281.260612,311.359592,4.639539452923863,43605.31748912379,-5.505078014178261,3.125517866529294e-06
published_vector_plot_digitization,2,8,right,figure2_mg_si_o_1_1_4,false,gas_mixing_ratio,SiH3,3,convective,5,284.15745,306.236348,4.512963129498246,32580.903946542054,-6.502131907491851,3.146792399271553e-07
published_vector_plot_digitization,2,8,right,figure2_mg_si_o_1_1_4,false,gas_mixing_ratio,SiH3,3,convective,6,287.054288,300.650613,4.386386806072629,24343.712260289514,-7.589192923669878,2.5751769496212137e-08
published_vector_plot_digitization,2,8,right,figure2_mg_si_o_1_1_4,false,gas_mixing_ratio,SiH3,3,convective,7,289.051242,296.402156,4.29913059934996,19912.72056560152,-8.416001210065257,3.837061763786261e-09
published_vector_plot_digitization,2,8,right,figure2_mg_si_o_1_1_4,false,gas_mixing_ratio,SiH3,3,convective,8,290.148312,293.512488,4.251194509330243,17831.772278544446,-8.978370429603437,1.0510649900353452e-09
published_vector_plot_digitization,2,8,right,figure2_mg_si_o_1_1_4,false,gas_mixing_ratio,SiH3,3,convective,9,290.947811,290.780569,4.216260680099039,16453.590340715153,-9.510039519572093,3.0900142371455224e-10
published_vector_plot_digitization,2,8,right,figure2_mg_si_o_1_1_4,false,gas_mixing_ratio,SiH3,3,convective,10,291.948081,286.453238,4.172554232229693,14878.33154638541,-10.35219777344534,4.444288328499245e-11
published_vector_plot_digitization,2,8,right,figure2_mg_si_o_1_1_4,false,gas_mixing_ratio,SiH3,3,convective,11,293.844649,276.970395,4.0896843566734224,12293.749417150832,-12.197689718164648,6.343227414950233e-13
published_vector_plot_digitization,2,8,right,figure2_mg_si_o_1_1_4,false,gas_mixing_ratio,SiH3,3,convective,12,294.644148,273.324251,4.054750527442222,11343.590165997675,-12.907279593404239,1.2379993213054883e-13
published_vector_plot_digitization,2,8,right,figure2_mg_si_o_1_1_4,false,gas_mixing_ratio,SiH3,3,convective,13,297.540986,264.744877,3.9281742040166048,8475.673218054026,-14.57694401869677,2.648841556819127e-15
published_vector_plot_digitization,2,8,right,figure2_mg_si_o_1_1_4,false,gas_mixing_ratio,SiH3,3,convective,14,298.641641,261.306675,3.8800814686755105,7587.198888502499,-15.246065514783734,5.674589958527837e-16
published_vector_plot_digitization,2,8,right,figure2_mg_si_o_1_1_4,false,gas_mixing_ratio,SiH3,4,non_convective,0,298.742027,260.987592,3.8756951375091124,7510.954610653236,-15.308163464332917,4.918543715059861e-16
published_vector_plot_digitization,2,8,right,figure2_mg_si_o_1_1_4,false,gas_mixing_ratio,SiH3,4,non_convective,1,303.16771975095895,247.155907,3.682316040359811,4811.893873139685,-18.0,1e-18
published_vector_plot_digitization,2,8,right,figure2_mg_si_o_1_1_4,false,gas_mixing_ratio,CH4,0,non_convective,0,265.776152,322.566914,5.3161275179212915,207074.92747293352,-3.323978688493399,0.0004742652576240508
published_vector_plot_digitization,2,8,right,figure2_mg_si_o_1_1_4,false,gas_mixing_ratio,CH4,0,non_convective,1,265.876537,322.574084,5.311741230449546,204994.03806235414,-3.3225833076731437,0.00047579151447594436
published_vector_plot_digitization,2,8,right,figure2_mg_si_o_1_1_4,false,gas_mixing_ratio,CH4,0,non_convective,2,265.976923,322.58484,5.3073548992831485,202934.03902645808,-3.320490041828995,0.00047809032841288746
published_vector_plot_digitization,2,8,right,figure2_mg_si_o_1_1_4,false,gas_mixing_ratio,CH4,0,non_convective,3,266.077308,322.59201,5.302968611811401,200894.76127318345,-3.3190946610087395,0.000479628894917252
published_vector_plot_digitization,2,8,right,figure2_mg_si_o_1_1_4,false,gas_mixing_ratio,CH4,0,non_convective,4,266.174109,322.599181,5.298738925966379,198947.70149267625,-3.3176990855747133,0.00048117262838029174
published_vector_plot_digitization,2,8,right,figure2_mg_si_o_1_1_4,false,gas_mixing_ratio,CH4,0,non_convective,5,266.274494,322.606351,5.294352638494631,196948.4823194638,-3.316303704754458,0.0004827211141890313
published_vector_plot_digitization,2,8,right,figure2_mg_si_o_1_1_4,false,gas_mixing_ratio,CH4,0,non_convective,6,266.37488,322.617107,5.289966307328234,194969.33362063245,-3.314210438910309,0.0004850534088836449
published_vector_plot_digitization,2,8,right,figure2_mg_si_o_1_1_4,false,gas_mixing_ratio,CH4,0,non_convective,7,266.776421,322.645788,5.272421113746595,187249.69274556704,-3.3086287210155274,0.0004913277334529284
published_vector_plot_digitization,2,8,right,figure2_mg_si_o_1_1_4,false,gas_mixing_ratio,CH4,0,non_convective,8,266.873222,322.649374,5.2681914279015745,185434.8801374803,-3.307930835991612,0.0004921179021769735
published_vector_plot_digitization,2,8,right,figure2_mg_si_o_1_1_4,false,gas_mixing_ratio,CH4,0,non_convective,9,267.073993,322.663714,5.259418809263431,181726.7288798381,-3.305140074351112,0.0004952904174800007
published_vector_plot_digitization,2,8,right,figure2_mg_si_o_1_1_4,false,gas_mixing_ratio,CH4,1,convective,0,267.174378,322.670885,5.255032521791684,179900.56271689275,-3.3037444989170863,0.0004968845591163557
published_vector_plot_digitization,2,8,right,figure2_mg_si_o_1_1_4,false,gas_mixing_ratio,CH4,1,convective,1,267.274764,322.670885,5.250646190625285,178092.72972205555,-3.3037444989170863,0.0004968845591163557
published_vector_plot_digitization,2,8,right,figure2_mg_si_o_1_1_4,false,gas_mixing_ratio,CH4,1,convective,2,267.375149,322.67447,5.246259903153538,176303.08150195229,-3.3030468085069637,0.0004976834414829428
published_vector_plot_digitization,2,8,right,figure2_mg_si_o_1_1_4,false,gas_mixing_ratio,CH4,1,convective,3,267.475535,322.67447,5.241873571987142,174531.39984061095,-3.3030468085069637,0.0004976834414829428
published_vector_plot_digitization,2,8,right,figure2_mg_si_o_1_1_4,false,gas_mixing_ratio,CH4,1,convective,4,267.572335,322.678055,5.237643929836769,172839.86954163155,-3.3023491180968416,0.0004984836082787272
published_vector_plot_digitization,2,8,right,figure2_mg_si_o_1_1_4,false,gas_mixing_ratio,CH4,1,convective,5,267.773106,322.678055,5.228871311198626,169383.58138734102,-3.3023491180968416,0.0004984836082787272
published_vector_plot_digitization,2,8,right,figure2_mg_si_o_1_1_4,false,gas_mixing_ratio,CH4,1,convective,6,267.873491,322.68164,5.224485023726878,167681.4511239792,-3.3016514276867084,0.0004992850615688051
published_vector_plot_digitization,2,8,right,figure2_mg_si_o_1_1_4,false,gas_mixing_ratio,CH4,1,convective,7,267.973877,322.68164,5.22009869256048,165996.40881290485,-3.3016514276867084,0.0004992850615688051
published_vector_plot_digitization,2,8,right,figure2_mg_si_o_1_1_4,false,gas_mixing_ratio,CH4,1,convective,8,268.074262,322.685226,5.215712405088735,164328.3161398403,-3.3009535426628043,0.000500088027518347
published_vector_plot_digitization,2,8,right,figure2_mg_si_o_1_1_4,false,gas_mixing_ratio,CH4,1,convective,9,268.174648,322.685226,5.211326073922336,162676.96971036217,-3.3009535426628043,0.000500088027518347
published_vector_plot_digitization,2,8,right,figure2_mg_si_o_1_1_4,false,gas_mixing_ratio,CH4,1,convective,10,268.275033,322.688811,5.206939786450589,161042.23397607193,-3.3002558522526817,0.000500892060365808
published_vector_plot_digitization,2,8,right,figure2_mg_si_o_1_1_4,false,gas_mixing_ratio,CH4,1,convective,11,268.472219,322.688811,5.19832381313382,157878.79868003866,-3.3002558522526817,0.000500892060365808
published_vector_plot_digitization,2,8,right,figure2_mg_si_o_1_1_4,false,gas_mixing_ratio,CH4,1,convective,12,268.572605,322.692396,5.193937481967422,156292.26389032742,-3.2995581618425596,0.0005016973859233199
published_vector_plot_digitization,2,8,right,figure2_mg_si_o_1_1_4,false,gas_mixing_ratio,CH4,1,convective,13,268.773375,322.692396,5.185164907023929,153166.89450522224,-3.2995581618425596,0.0005016973859233199
published_vector_plot_digitization,2,8,right,figure2_mg_si_o_1_1_4,false,gas_mixing_ratio,CH4,1,convective,14,268.873761,322.695981,5.1807785758575315,151627.7099611528,-3.2988604714324263,0.0005025040062692931
published_vector_plot_digitization,2,8,right,figure2_mg_si_o_1_1_4,false,gas_mixing_ratio,CH4,1,convective,15,268.974146,322.695981,5.176392288385784,150104.00788935085,-3.2988604714324263,0.0005025040062692931
published_vector_plot_digitization,2,8,right,figure2_mg_si_o_1_1_4,false,gas_mixing_ratio,CH4,1,convective,16,269.070947,322.699566,5.172162602540762,148649.2089946357,-3.298162781022304,0.00050331192348544
published_vector_plot_digitization,2,8,right,figure2_mg_si_o_1_1_4,false,gas_mixing_ratio,CH4,1,convective,17,269.271718,322.699566,5.163389983902617,145676.66277856016,-3.298162781022304,0.00050331192348544
published_vector_plot_digitization,2,8,right,figure2_mg_si_o_1_1_4,false,gas_mixing_ratio,CH4,1,convective,18,269.372103,322.703152,5.159003696430871,144212.762592073,-3.2974648959984005,0.0005041213655610493
published_vector_plot_digitization,2,8,right,figure2_mg_si_o_1_1_4,false,gas_mixing_ratio,CH4,1,convective,19,269.572874,322.703152,5.150231077792726,141328.93223298687,-3.2974648959984005,0.0005041213655610493
published_vector_plot_digitization,2,8,right,figure2_mg_si_o_1_1_4,false,gas_mixing_ratio,CH4,1,convective,20,269.67326,322.706737,5.145844746626328,139908.70817722377,-3.296767205588278,0.0005049318831393833
published_vector_plot_digitization,2,8,right,figure2_mg_si_o_1_1_4,false,gas_mixing_ratio,CH4,1,convective,21,269.870445,322.706737,5.1372288170042095,137160.42338017118,-3.296767205588278,0.0005049318831393833
published_vector_plot_digitization,2,8,right,figure2_mg_si_o_1_1_4,false,gas_mixing_ratio,CH4,1,convective,22,269.970831,322.710322,5.132842485837814,135782.08895348804,-3.2960695151781447,0.0005057437038538189
published_vector_plot_digitization,2,8,right,figure2_mg_si_o_1_1_4,false,gas_mixing_ratio,CH4,1,convective,23,270.171602,322.710322,5.124069867199668,133066.8472279563,-3.2960695151781447,0.0005057437038538189
published_vector_plot_digitization,2,8,right,figure2_mg_si_o_1_1_4,false,gas_mixing_ratio,CH4,1,convective,24,270.271987,322.713907,5.119683579727921,131729.66267995187,-3.2953718247680226,0.0005065568297994903
published_vector_plot_digitization,2,8,right,figure2_mg_si_o_1_1_4,false,gas_mixing_ratio,CH4,1,convective,25,270.472758,322.713907,5.110910961089777,129095.45754026457,-3.2953718247680226,0.0005065568297994903
published_vector_plot_digitization,2,8,right,figure2_mg_si_o_1_1_4,false,gas_mixing_ratio,CH4,1,convective,26,270.569559,322.717492,5.106681275244754,127844.27223493386,-3.2946741343579005,0.0005073712630749386
published_vector_plot_digitization,2,8,right,figure2_mg_si_o_1_1_4,false,gas_mixing_ratio,CH4,1,convective,27,270.770329,322.717492,5.097908700301261,125287.77606194034,-3.2946741343579005,0.0005073712630749386
published_vector_plot_digitization,2,8,right,figure2_mg_si_o_1_1_4,false,gas_mixing_ratio,CH4,1,convective,28,270.870715,322.721078,5.093522369134863,124028.75067595007,-3.293976249333996,0.0005081872335082326
published_vector_plot_digitization,2,8,right,figure2_mg_si_o_1_1_4,false,gas_mixing_ratio,CH4,1,convective,29,271.071486,322.721078,5.084749750496719,121548.54108721553,-3.293976249333996,0.0005081872335082326
published_vector_plot_digitization,2,8,right,figure2_mg_si_o_1_1_4,false,gas_mixing_ratio,CH4,2,non_convective,0,271.171871,322.724663,5.080363463024972,120327.10363408439,-3.2932785589238627,0.0005090042881184676
published_vector_plot_digitization,2,8,right,figure2_mg_si_o_1_1_4,false,gas_mixing_ratio,CH4,2,non_convective,1,271.268672,322.728248,5.076133777179951,119160.90068032862,-3.2925808685137405,0.0005098226563749052
published_vector_plot_digitization,2,8,right,figure2_mg_si_o_1_1_4,false,gas_mixing_ratio,CH4,2,non_convective,2,271.469443,322.735418,5.0673611585418055,116778.0337494037,-3.291185487693496,0.0005114633422780536
published_vector_plot_digitization,2,8,right,figure2_mg_si_o_1_1_4,false,gas_mixing_ratio,CH4,2,non_convective,3,271.569828,322.742589,5.06297487107006,115604.53497394631,-3.289789912259459,0.0005131095380868675
published_vector_plot_digitization,2,8,right,figure2_mg_si_o_1_1_4,false,gas_mixing_ratio,CH4,2,non_convective,4,271.870985,322.753344,5.049815921265516,112154.2979755838,-3.2876968410290814,0.0005155884251481658
published_vector_plot_digitization,2,8,right,figure2_mg_si_o_1_1_4,false,gas_mixing_ratio,CH4,2,non_convective,5,271.967785,322.756929,5.045586279115145,111067.31653064268,-3.286999150618959,0.0005164173792657978
published_vector_plot_digitization,2,8,right,figure2_mg_si_o_1_1_4,false,gas_mixing_ratio,CH4,3,convective,0,272.06817,322.760515,5.041199991643397,109951.20457227713,-3.2863012655950548,0.0005172478979478492
published_vector_plot_digitization,2,8,right,figure2_mg_si_o_1_1_4,false,gas_mixing_ratio,CH4,3,convective,1,292.048466,322.846559,4.168167944757945,14728.819662258215,-3.2695559172969277,0.0005375812127549333
published_vector_plot_digitization,2,8,right,figure2_mg_si_o_1_1_4,false,gas_mixing_ratio,CH4,3,convective,2,298.641641,322.850145,3.8800814686755105,7587.198888502499,-3.2688580322730236,0.0005384457677800713
published_vector_plot_digitization,2,8,right,figure2_mg_si_o_1_1_4,false,gas_mixing_ratio,CH4,4,non_convective,0,298.742027,322.850145,3.8756951375091124,7510.954610653236,-3.2688580322730236,0.0005384457677800713
published_vector_plot_digitization,2,8,right,figure2_mg_si_o_1_1_4,false,gas_mixing_ratio,CH4,4,non_convective,1,366.667145,322.756929,0.9077308589781099,8.085946415186225,-3.286999150618959,0.0005164173792657978
published_vector_plot_digitization,2,8,right,figure2_mg_si_o_1_1_4,false,gas_mixing_ratio,CH4,4,non_convective,2,372.962748,322.523892,0.6326466873788421,4.291871270781915,-3.332351362642463,0.0004652095669739768
published_vector_plot_digitization,2,8,right,figure2_mg_si_o_1_1_4,false,gas_mixing_ratio,CH4,4,non_convective,3,377.157427,322.154617,0.44936165529536254,2.8142433938188827,-3.4042173671609652,0.0003942599230760044
published_vector_plot_digitization,2,8,right,figure2_mg_si_o_1_1_4,false,gas_mixing_ratio,CH4,4,non_convective,4,380.552608,321.634763,0.3010104087484331,1.9999098009545107,-3.5053881204287376,0.0003123286899507646
published_vector_plot_digitization,2,8,right,figure2_mg_si_o_1_1_4,false,gas_mixing_ratio,CH4,4,non_convective,5,383.750602,320.921309,0.1612751792129252,1.4496901204019688,-3.6442361019810834,0.00022686311867969614
published_vector_plot_digitization,2,8,right,figure2_mg_si_o_1_1_4,false,gas_mixing_ratio,CH4,4,non_convective,6,387.045397,319.953306,0.017310263832396103,1.04066335946566,-3.8326228272452414,0.00014702025536436815
published_vector_plot_digitization,2,8,right,figure2_mg_si_o_1_1_4,false,gas_mixing_ratio,CH4,4,non_convective,7,390.942505,318.565836,-0.15297250746256805,0.7031168285172571,-4.10264361199721,7.895077327250375e-05
published_vector_plot_digitization,2,8,right,figure2_mg_si_o_1_1_4,false,gas_mixing_ratio,CH4,4,non_convective,8,396.137454,316.457741,-0.37996398741539394,0.416903952563474,-4.512907953735549,3.069672519216966e-05
published_vector_plot_digitization,2,8,right,figure2_mg_si_o_1_1_4,false,gas_mixing_ratio,CH4,4,non_convective,9,405.129124,312.528366,-0.7728518638021358,0.16871284003419035,-5.277618485195515,5.2769322069206015e-06
published_vector_plot_digitization,2,8,right,figure2_mg_si_o_1_1_4,false,gas_mixing_ratio,CH4,4,non_convective,10,437.693457,297.929449,-2.1957390069380285,0.006371783237507301,-8.118768942408167,7.607309007782444e-09
published_vector_plot_digitization,2,8,right,figure2_mg_si_o_1_1_4,false,gas_mixing_ratio,CH4,4,non_convective,11,456.074756,289.676329,-2.9989034390557254,0.001002528115191211,-9.724939842717466,1.8839100254758912e-10
published_vector_plot_digitization,2,8,right,figure2_mg_si_o_1_1_4,false,gas_mixing_ratio,Mg(OH)2,0,non_convective,0,265.776152,327.858663,5.3161275179212915,207074.92747293352,-2.294131399766125,0.005080057175318927
published_vector_plot_digitization,2,8,right,figure2_mg_si_o_1_1_4,false,gas_mixing_ratio,Mg(OH)2,0,non_convective,1,265.876537,327.7045,5.311741230449546,204994.03806235414,-2.324133644311746,0.004740960704592971
published_vector_plot_digitization,2,8,right,figure2_mg_si_o_1_1_4,false,gas_mixing_ratio,Mg(OH)2,0,non_convective,2,265.976923,327.546751,5.3073548992831485,202934.03902645808,-2.3548337738812823,0.004417394906948149
published_vector_plot_digitization,2,8,right,figure2_mg_si_o_1_1_4,false,gas_mixing_ratio,Mg(OH)2,0,non_convective,3,266.077308,327.385417,5.302968611811401,200894.76127318345,-2.3862315938609293,0.004109305279737097
published_vector_plot_digitization,2,8,right,figure2_mg_si_o_1_1_4,false,gas_mixing_ratio,Mg(OH)2,0,non_convective,4,266.174109,327.216913,5.298738925966379,198947.70149267625,-2.4190247946608436,0.0038104406827475616
published_vector_plot_digitization,2,8,right,figure2_mg_si_o_1_1_4,false,gas_mixing_ratio,Mg(OH)2,0,non_convective,5,266.274494,327.041238,5.294352638494631,196948.4823194638,-2.4532135708947727,0.003521976299256665
published_vector_plot_digitization,2,8,right,figure2_mg_si_o_1_1_4,false,gas_mixing_ratio,Mg(OH)2,0,non_convective,6,266.37488,326.861979,5.289966307328234,194969.33362063245,-2.4880998429250534,0.0032501256943619824
published_vector_plot_digitization,2,8,right,figure2_mg_si_o_1_1_4,false,gas_mixing_ratio,Mg(OH)2,0,non_convective,7,266.475265,326.679134,5.285580019856488,193010.09294060414,-2.5236839999792493,0.0029944426513223753
published_vector_plot_digitization,2,8,right,figure2_mg_si_o_1_1_4,false,gas_mixing_ratio,Mg(OH)2,0,non_convective,8,266.57565,326.489118,5.281193732384741,191070.54060833203,-2.56066373246746,0.0027500226291654792
published_vector_plot_digitization,2,8,right,figure2_mg_si_o_1_1_4,false,gas_mixing_ratio,Mg(OH)2,0,non_convective,9,266.676036,326.288347,5.276807401218343,189150.45974567952,-2.59973653618606,0.002513410724321741
published_vector_plot_digitization,2,8,right,figure2_mg_si_o_1_1_4,false,gas_mixing_ratio,Mg(OH)2,0,non_convective,10,266.776421,326.083991,5.272421113746595,187249.69274556704,-2.639507030314771,0.002293469503696718
published_vector_plot_digitization,2,8,right,figure2_mg_si_o_1_1_4,false,gas_mixing_ratio,Mg(OH)2,0,non_convective,11,266.873222,325.872465,5.2681914279015745,185434.8801374803,-2.6806729052637484,0.002086061436838438
published_vector_plot_digitization,2,8,right,figure2_mg_si_o_1_1_4,false,gas_mixing_ratio,Mg(OH)2,0,non_convective,12,266.973607,325.653768,5.2638051404298265,183571.45087958133,-2.723234355646741,0.0018913227404251682
published_vector_plot_digitization,2,8,right,figure2_mg_si_o_1_1_4,false,gas_mixing_ratio,Mg(OH)2,0,non_convective,13,267.073993,325.4279,5.259418809263431,181726.7288798381,-2.767191381463771,0.0017092619250520347
published_vector_plot_digitization,2,8,right,figure2_mg_si_o_1_1_4,false,gas_mixing_ratio,Mg(OH)2,1,convective,0,267.174378,325.194863,5.255032521791684,179900.56271689275,-2.812543593487275,0.0015397719595128011
published_vector_plot_digitization,2,8,right,figure2_mg_si_o_1_1_4,false,gas_mixing_ratio,Mg(OH)2,1,convective,1,267.475535,324.839928,5.241873571987142,174531.39984061095,-2.881618836365278,0.001313352072152808
published_vector_plot_digitization,2,8,right,figure2_mg_si_o_1_1_4,false,gas_mixing_ratio,Mg(OH)2,1,convective,2,267.572335,324.718032,5.237643929836769,172839.86954163155,-2.905341477992213,0.001243536456769377
published_vector_plot_digitization,2,8,right,figure2_mg_si_o_1_1_4,false,gas_mixing_ratio,Mg(OH)2,1,convective,3,267.773106,324.474238,5.228871311198626,169383.58138734102,-2.9527871504736476,0.0011148407878127826
published_vector_plot_digitization,2,8,right,figure2_mg_si_o_1_1_4,false,gas_mixing_ratio,Mg(OH)2,1,convective,4,267.873491,324.348756,5.224485023726878,167681.4511239792,-2.9772076771244973,0.0010538828151730262
published_vector_plot_digitization,2,8,right,figure2_mg_si_o_1_1_4,false,gas_mixing_ratio,Mg(OH)2,1,convective,5,267.973877,324.219689,5.22009869256048,165996.40881290485,-3.0023258941854594,0.000994658746214558
published_vector_plot_digitization,2,8,right,figure2_mg_si_o_1_1_4,false,gas_mixing_ratio,Mg(OH)2,1,convective,6,268.074262,324.094207,5.215712405088735,164328.3161398403,-3.02674642083631,0.0009402721635738216
published_vector_plot_digitization,2,8,right,figure2_mg_si_o_1_1_4,false,gas_mixing_ratio,Mg(OH)2,1,convective,7,268.174648,323.96514,5.211326073922336,162676.96971036217,-3.051864637897271,0.0008874325663686243
published_vector_plot_digitization,2,8,right,figure2_mg_si_o_1_1_4,false,gas_mixing_ratio,Mg(OH)2,1,convective,8,268.275033,323.832488,5.206939786450589,161042.23397607193,-3.077680545368366,0.0008362178900873257
published_vector_plot_digitization,2,8,right,figure2_mg_si_o_1_1_4,false,gas_mixing_ratio,Mg(OH)2,1,convective,9,268.371834,323.699836,5.202710100605568,159481.42246087542,-3.103496452839461,0.0007879588671886061
published_vector_plot_digitization,2,8,right,figure2_mg_si_o_1_1_4,false,gas_mixing_ratio,Mg(OH)2,1,convective,10,268.572605,323.434531,5.193937481967422,156292.26389032742,-3.155128462395432,0.0006996350164347792
published_vector_plot_digitization,2,8,right,figure2_mg_si_o_1_1_4,false,gas_mixing_ratio,Mg(OH)2,1,convective,11,268.773375,323.162057,5.185164907023929,153166.89450522224,-3.2081556581578665,0.0006192190971716906
published_vector_plot_digitization,2,8,right,figure2_mg_si_o_1_1_4,false,gas_mixing_ratio,Mg(OH)2,1,convective,12,268.974146,322.882411,5.176392288385784,150104.00788935085,-3.2625786239681194,0.00054628764190102
published_vector_plot_digitization,2,8,right,figure2_mg_si_o_1_1_4,false,gas_mixing_ratio,Mg(OH)2,1,convective,13,269.070947,322.742589,5.172162602540762,148649.2089946357,-3.289789912259459,0.0005131095380868675
published_vector_plot_digitization,2,8,right,figure2_mg_si_o_1_1_4,false,gas_mixing_ratio,Mg(OH)2,1,convective,14,269.171332,322.599181,5.167776315069014,147155.43778504033,-3.3176990855747133,0.00048117262838029174
published_vector_plot_digitization,2,8,right,figure2_mg_si_o_1_1_4,false,gas_mixing_ratio,Mg(OH)2,1,convective,15,269.271718,322.459358,5.163389983902617,145676.66277856016,-3.3449105684798344,0.0004519490017971921
published_vector_plot_digitization,2,8,right,figure2_mg_si_o_1_1_4,false,gas_mixing_ratio,Mg(OH)2,1,convective,16,269.372103,322.312365,5.159003696430871,144212.762592073,-3.373517432205211,0.00042313852496100244
published_vector_plot_digitization,2,8,right,figure2_mg_si_o_1_1_4,false,gas_mixing_ratio,Mg(OH)2,1,convective,17,269.472489,322.168957,5.154617365264474,142763.55872882105,-3.401426605520465,0.0003968015815562097
published_vector_plot_digitization,2,8,right,figure2_mg_si_o_1_1_4,false,gas_mixing_ratio,Mg(OH)2,1,convective,18,269.67326,321.874971,5.145844746626328,139908.70817722377,-3.4586403329712074,0.00034782409757229296
published_vector_plot_digitization,2,8,right,figure2_mg_si_o_1_1_4,false,gas_mixing_ratio,Mg(OH)2,1,convective,19,269.77006,321.727978,5.1416151044759575,138552.7354457335,-3.487247196696584,0.00032565129031677007
published_vector_plot_digitization,2,8,right,figure2_mg_si_o_1_1_4,false,gas_mixing_ratio,Mg(OH)2,1,convective,20,270.171602,321.125665,5.124069867199668,133066.8472279563,-3.6044656078523616,0.0002486190439958167
published_vector_plot_digitization,2,8,right,figure2_mg_si_o_1_1_4,false,gas_mixing_ratio,Mg(OH)2,1,convective,21,270.271987,320.971502,5.119683579727921,131729.66267995187,-3.6344678523979934,0.00023202359290840278
published_vector_plot_digitization,2,8,right,figure2_mg_si_o_1_1_4,false,gas_mixing_ratio,Mg(OH)2,1,convective,22,270.372373,320.820924,5.115297248561525,130405.90233704391,-3.6637724065334925,0.00021688403950719694
published_vector_plot_digitization,2,8,right,figure2_mg_si_o_1_1_4,false,gas_mixing_ratio,Mg(OH)2,1,convective,23,270.472758,320.66676,5.110910961089777,129095.45754026457,-3.6937748456928956,0.00020240682584907803
published_vector_plot_digitization,2,8,right,figure2_mg_si_o_1_1_4,false,gas_mixing_ratio,Mg(OH)2,1,convective,24,270.569559,320.509012,5.106681275244754,127844.27223493386,-3.7244747806486496,0.00018859284816165217
published_vector_plot_digitization,2,8,right,figure2_mg_si_o_1_1_4,false,gas_mixing_ratio,Mg(OH)2,1,convective,25,270.669944,320.354848,5.102294987773009,126559.56917820252,-3.7544772198080527,0.00017600409813913693
published_vector_plot_digitization,2,8,right,figure2_mg_si_o_1_1_4,false,gas_mixing_ratio,Mg(OH)2,1,convective,26,271.071486,319.723854,5.084749750496719,121548.54108721553,-3.8772773488586116,0.00013265470285685343
published_vector_plot_digitization,2,8,right,figure2_mg_si_o_1_1_4,false,gas_mixing_ratio,Mg(OH)2,2,non_convective,0,271.171871,319.56252,5.080363463024972,120327.10363408439,-3.90867516883827,0.00012340274807085694
published_vector_plot_digitization,2,8,right,figure2_mg_si_o_1_1_4,false,gas_mixing_ratio,Mg(OH)2,2,non_convective,1,271.268672,319.336653,5.076133777179951,119160.90068032862,-3.9526320000415187,0.00011152391325697008
published_vector_plot_digitization,2,8,right,figure2_mg_si_o_1_1_4,false,gas_mixing_ratio,Mg(OH)2,2,non_convective,2,271.469443,319.078519,5.0673611585418055,116778.0337494037,-4.002868434163464,9.934169500955446e-05
published_vector_plot_digitization,2,8,right,figure2_mg_si_o_1_1_4,false,gas_mixing_ratio,Mg(OH)2,2,non_convective,3,271.569828,318.945866,5.06297487107006,115604.53497394631,-4.0286845362483295,9.360853829496804e-05
published_vector_plot_digitization,2,8,right,figure2_mg_si_o_1_1_4,false,gas_mixing_ratio,Mg(OH)2,2,non_convective,4,271.670214,318.816799,5.058588539903662,114442.81713647851,-4.053802753309302,8.834810663476044e-05
published_vector_plot_digitization,2,8,right,figure2_mg_si_o_1_1_4,false,gas_mixing_ratio,Mg(OH)2,2,non_convective,5,271.770599,318.684147,5.054202252431915,113292.784879061,-4.079618660780397,8.324944353308954e-05
published_vector_plot_digitization,2,8,right,figure2_mg_si_o_1_1_4,false,gas_mixing_ratio,Mg(OH)2,2,non_convective,6,271.870985,318.55508,5.049815921265516,112154.2979755838,-4.104736877841369,7.857115225290545e-05
published_vector_plot_digitization,2,8,right,figure2_mg_si_o_1_1_4,false,gas_mixing_ratio,Mg(OH)2,2,non_convective,7,271.967785,318.422428,5.045586279115145,111067.31653064268,-4.130552785312453,7.403672757639657e-05
published_vector_plot_digitization,2,8,right,figure2_mg_si_o_1_1_4,false,gas_mixing_ratio,Mg(OH)2,3,convective,0,272.06817,318.289776,5.041199991643397,109951.20457227713,-4.156368692783548,6.976398936568629e-05
published_vector_plot_digitization,2,8,right,figure2_mg_si_o_1_1_4,false,gas_mixing_ratio,Mg(OH)2,3,convective,1,280.461114,312.704041,4.674473238460413,47257.77154210236,-5.243429708961575,5.709134716663331e-06
published_vector_plot_digitization,2,8,right,figure2_mg_si_o_1_1_4,false,gas_mixing_ratio,Mg(OH)2,3,convective,2,283.856294,310.097603,4.526122035608136,33583.19688863574,-5.750678466893173,1.7755035014549226e-06
published_vector_plot_digitization,2,8,right,figure2_mg_si_o_1_1_4,false,gas_mixing_ratio,Mg(OH)2,3,convective,3,287.154674,307.28681,4.3820004749062305,24099.08063948557,-6.2976975243397,5.038514069980008e-07
published_vector_plot_digitization,2,8,right,figure2_mg_si_o_1_1_4,false,gas_mixing_ratio,Mg(OH)2,3,convective,4,289.352399,305.45119,4.285971649545419,19318.42203528039,-6.654934475701824,2.2134286360623647e-07
published_vector_plot_digitization,2,8,right,figure2_mg_si_o_1_1_4,false,gas_mixing_ratio,Mg(OH)2,3,convective,5,289.951127,305.00304,4.2598104389523614,18189.06768089089,-6.74215064231198,1.8107119079376164e-07
published_vector_plot_digitization,2,8,right,figure2_mg_si_o_1_1_4,false,gas_mixing_ratio,Mg(OH)2,3,convective,6,290.750625,304.407898,4.224876653415809,16783.27278614455,-6.857973478033732,1.386840519366278e-07
published_vector_plot_digitization,2,8,right,figure2_mg_si_o_1_1_4,false,gas_mixing_ratio,Mg(OH)2,3,convective,7,291.449738,304.131838,4.194329155351003,15643.328141330203,-6.91169855882007,1.225466493038996e-07
published_vector_plot_digitization,2,8,right,figure2_mg_si_o_1_1_4,false,gas_mixing_ratio,Mg(OH)2,3,convective,8,292.446423,304.013526,4.150779352803033,14150.746559548686,-6.934723704650664,1.162187755053703e-07
published_vector_plot_digitization,2,8,right,figure2_mg_si_o_1_1_4,false,gas_mixing_ratio,Mg(OH)2,3,convective,9,294.543762,303.848607,4.059136858608617,11458.739822100932,-6.966819215040445,1.0793959518466708e-07
published_vector_plot_digitization,2,8,right,figure2_mg_si_o_1_1_4,false,gas_mixing_ratio,Mg(OH)2,3,convective,10,297.641371,299.872625,3.923787916544857,8390.501445390742,-7.740600111059596,1.8171881200854267e-08
published_vector_plot_digitization,2,8,right,figure2_mg_si_o_1_1_4,false,gas_mixing_ratio,Mg(OH)2,3,convective,11,298.641641,298.510251,3.8800814686755105,7587.198888502499,-8.005736868326917,9.86877236737158e-09
published_vector_plot_digitization,2,8,right,figure2_mg_si_o_1_1_4,false,gas_mixing_ratio,Mg(OH)2,4,non_convective,0,298.742027,298.374013,3.8756951375091124,7510.954610653236,-8.032250660821916,9.284303719275298e-09
published_vector_plot_digitization,2,8,right,figure2_mg_si_o_1_1_4,false,gas_mixing_ratio,Mg(OH)2,4,non_convective,1,304.636088,290.379027,3.618156203186133,4151.033164660253,-9.588185127009282,2.58115968337017e-10
published_vector_plot_digitization,2,8,right,figure2_mg_si_o_1_1_4,false,gas_mixing_ratio,Mg(OH)2,4,non_convective,2,307.432541,286.962335,3.4959661672322615,3133.0416420084357,-10.253120480635499,5.5831528714611005e-11
published_vector_plot_digitization,2,8,right,figure2_mg_si_o_1_1_4,false,gas_mixing_ratio,Mg(OH)2,4,non_convective,3,309.730651,284.48138,3.395551054399702,2486.2858275999533,-10.735948517302464,1.836756065553752e-11
published_vector_plot_digitization,2,8,right,figure2_mg_si_o_1_1_4,false,gas_mixing_ratio,Mg(OH)2,4,non_convective,4,311.827991,282.523863,3.303908516510638,2013.300106505916,-11.116908304905307,7.639970736514036e-12
published_vector_plot_digitization,2,8,right,figure2_mg_si_o_1_1_4,false,gas_mixing_ratio,Mg(OH)2,4,non_convective,5,313.824945,280.949962,3.21665230978797,1646.8434233403723,-11.423211131735364,3.773886792735764e-12
published_vector_plot_digitization,2,8,right,figure2_mg_si_o_1_1_4,false,gas_mixing_ratio,Mg(OH)2,4,non_convective,6,315.821899,279.648536,3.1293961030653037,1347.0884207651934,-11.676486568189217,2.1062670403735043e-12
published_vector_plot_digitization,2,8,right,figure2_mg_si_o_1_1_4,false,gas_mixing_ratio,Mg(OH)2,4,non_convective,7,317.919238,278.558637,3.0377536088708874,1090.8212980817798,-11.88859593508031,1.2924211751326911e-12
published_vector_plot_digitization,2,8,right,figure2_mg_si_o_1_1_4,false,gas_mixing_ratio,Mg(OH)2,4,non_convective,8,320.116963,277.676678,2.941724783510076,874.4294654497676,-12.06023731204634,8.704877982991685e-13
published_vector_plot_digitization,2,8,right,figure2_mg_si_o_1_1_4,false,gas_mixing_ratio,Mg(OH)2,4,non_convective,9,322.515459,276.963224,2.836923339511119,686.9471712523601,-12.199085293598674,6.322876605601223e-13
published_vector_plot_digitization,2,8,right,figure2_mg_si_o_1_1_4,false,gas_mixing_ratio,Mg(OH)2,4,non_convective,10,325.211527,276.396764,2.7191195910289974,523.7446395169343,-12.309326216811863,4.905392730983066e-13
published_vector_plot_digitization,2,8,right,figure2_mg_si_o_1_1_4,false,gas_mixing_ratio,Mg(OH)2,4,non_convective,11,328.409521,275.962955,2.5793843614934895,379.65083683214584,-12.393751427167738,4.038764896132583e-13
published_vector_plot_digitization,2,8,right,figure2_mg_si_o_1_1_4,false,gas_mixing_ratio,Mg(OH)2,4,non_convective,12,332.503815,275.640287,2.400485616881757,251.46967290008905,-12.456547067127055,3.4950462960949433e-13
published_vector_plot_digitization,2,8,right,figure2_mg_si_o_1_1_4,false,gas_mixing_ratio,Mg(OH)2,4,non_convective,13,338.297491,275.425176,2.147332970030523,140.38896427702406,-12.498410632486143,3.17387170423621e-13
published_vector_plot_digitization,2,8,right,figure2_mg_si_o_1_1_4,false,gas_mixing_ratio,Mg(OH)2,4,non_convective,14,348.189046,275.310449,1.7151249332461798,51.89493033089556,-12.520738087906613,3.014823640462615e-13
published_vector_plot_digitization,2,8,right,figure2_mg_si_o_1_1_4,false,gas_mixing_ratio,Mg(OH)2,4,non_convective,15,380.154651,275.274597,0.318399000703347,2.081608251203199,-12.527715381235422,2.9667750550648255e-13
published_vector_plot_digitization,2,8,right,figure2_mg_si_o_1_1_4,false,gas_mixing_ratio,Mg(OH)2,4,non_convective,16,450.080308,275.098923,-2.736978129871698,0.001832406696075316,-12.561903962855581,2.742180493397013e-13
published_vector_plot_digitization,2,8,right,figure2_mg_si_o_1_1_4,false,gas_mixing_ratio,Mg(OH)2,4,non_convective,17,456.074756,274.973441,-2.9989034390557254,0.001002528115191211,-12.586324489506431,2.592241806799692e-13
published_vector_plot_digitization,2,8,right,figure2_mg_si_o_1_1_4,false,gas_mixing_ratio,SiH4,0,non_convective,0,265.776152,329.149333,5.3161275179212915,207074.92747293352,-2.042949229156432,0.009058384910214318
published_vector_plot_digitization,2,8,right,figure2_mg_si_o_1_1_4,false,gas_mixing_ratio,SiH4,0,non_convective,1,265.876537,329.081215,5.311741230449546,204994.03806235414,-2.0562059307901555,0.008786058067438653
published_vector_plot_digitization,2,8,right,figure2_mg_si_o_1_1_4,false,gas_mixing_ratio,SiH4,0,non_convective,2,266.077308,328.952148,5.302968611811401,200894.76127318345,-2.081324147851117,0.008292316162392356
published_vector_plot_digitization,2,8,right,figure2_mg_si_o_1_1_4,false,gas_mixing_ratio,SiH4,0,non_convective,3,266.174109,328.891199,5.298738925966379,198947.70149267625,-2.093185663278377,0.008068900065909589
published_vector_plot_digitization,2,8,right,figure2_mg_si_o_1_1_4,false,gas_mixing_ratio,SiH4,0,non_convective,4,266.274494,328.826666,5.294352638494631,196948.4823194638,-2.1057446745019672,0.007838903632752995
published_vector_plot_digitization,2,8,right,figure2_mg_si_o_1_1_4,false,gas_mixing_ratio,SiH4,0,non_convective,5,266.37488,328.769303,5.289966307328234,194969.33362063245,-2.1169083049053126,0.007639970736513934
published_vector_plot_digitization,2,8,right,figure2_mg_si_o_1_1_4,false,gas_mixing_ratio,SiH4,0,non_convective,6,266.475265,328.708354,5.285580019856488,193010.09294060414,-2.128769820332562,0.007434130485639978
published_vector_plot_digitization,2,8,right,figure2_mg_si_o_1_1_4,false,gas_mixing_ratio,SiH4,0,non_convective,7,266.57565,328.650991,5.281193732384741,191070.54060833203,-2.139933450735908,0.007245469777738389
published_vector_plot_digitization,2,8,right,figure2_mg_si_o_1_1_4,false,gas_mixing_ratio,SiH4,0,non_convective,8,266.776421,328.543435,5.272421113746595,187249.69274556704,-2.1608653307223427,0.0069045387174372095
published_vector_plot_digitization,2,8,right,figure2_mg_si_o_1_1_4,false,gas_mixing_ratio,SiH4,0,non_convective,9,266.873222,328.493243,5.2681914279015745,185434.8801374803,-2.1706333856916507,0.006750976781147496
published_vector_plot_digitization,2,8,right,figure2_mg_si_o_1_1_4,false,gas_mixing_ratio,SiH4,0,non_convective,10,267.073993,328.400028,5.259418809263431,181726.7288798381,-2.188774309423804,0.006474790048867332
published_vector_plot_digitization,2,8,right,figure2_mg_si_o_1_1_4,false,gas_mixing_ratio,SiH4,1,convective,0,267.174378,328.357005,5.255032521791684,179900.56271689275,-2.1971471781866496,0.006351156608412316
published_vector_plot_digitization,2,8,right,figure2_mg_si_o_1_1_4,false,gas_mixing_ratio,SiH4,1,convective,1,267.475535,328.292472,5.241873571987142,174531.39984061095,-2.2097061894102508,0.006170122842419038
published_vector_plot_digitization,2,8,right,figure2_mg_si_o_1_1_4,false,gas_mixing_ratio,SiH4,1,convective,2,267.572335,328.27096,5.237643929836769,172839.86954163155,-2.2138927210985586,0.006110929577118294
published_vector_plot_digitization,2,8,right,figure2_mg_si_o_1_1_4,false,gas_mixing_ratio,SiH4,1,convective,3,267.67272,328.253035,5.233257642365021,171103.00714769287,-2.217381173149181,0.006062040406805295
published_vector_plot_digitization,2,8,right,figure2_mg_si_o_1_1_4,false,gas_mixing_ratio,SiH4,1,convective,4,267.773106,328.231523,5.228871311198626,169383.58138734102,-2.2215677048375,0.006003884033710435
published_vector_plot_digitization,2,8,right,figure2_mg_si_o_1_1_4,false,gas_mixing_ratio,SiH4,1,convective,5,267.973877,328.195671,5.22009869256048,165996.40881290485,-2.228544998166308,0.005908197463245623
published_vector_plot_digitization,2,8,right,figure2_mg_si_o_1_1_4,false,gas_mixing_ratio,SiH4,1,convective,6,268.074262,328.181331,5.215712405088735,164328.3161398403,-2.231335759806808,0.0058703533091817904
published_vector_plot_digitization,2,8,right,figure2_mg_si_o_1_1_4,false,gas_mixing_ratio,SiH4,1,convective,7,268.174648,328.163405,5.211326073922336,162676.96971036217,-2.234824406471212,0.0058233862077186815
published_vector_plot_digitization,2,8,right,figure2_mg_si_o_1_1_4,false,gas_mixing_ratio,SiH4,1,convective,8,268.275033,328.149064,5.206939786450589,161042.23397607193,-2.237615362725494,0.005786082707769698
published_vector_plot_digitization,2,8,right,figure2_mg_si_o_1_1_4,false,gas_mixing_ratio,SiH4,1,convective,9,268.371834,328.134723,5.202710100605568,159481.42246087542,-2.2404063189797756,0.005749018166917507
published_vector_plot_digitization,2,8,right,figure2_mg_si_o_1_1_4,false,gas_mixing_ratio,SiH4,1,convective,10,268.572605,328.106041,5.193937481967422,156292.26389032742,-2.2459882314883393,0.005675599849403665
published_vector_plot_digitization,2,8,right,figure2_mg_si_o_1_1_4,false,gas_mixing_ratio,SiH4,1,convective,11,268.974146,328.063019,5.176392288385784,150104.00788935085,-2.254360905637403,0.005567229110321301
published_vector_plot_digitization,2,8,right,figure2_mg_si_o_1_1_4,false,gas_mixing_ratio,SiH4,1,convective,12,269.070947,328.052264,5.172162602540762,148649.2089946357,-2.2564539768677805,0.005540462543160891
published_vector_plot_digitization,2,8,right,figure2_mg_si_o_1_1_4,false,gas_mixing_ratio,SiH4,1,convective,13,269.171332,328.041508,5.167776315069014,147155.43778504033,-2.2585472427119293,0.005513822195606464
published_vector_plot_digitization,2,8,right,figure2_mg_si_o_1_1_4,false,gas_mixing_ratio,SiH4,1,convective,14,269.372103,328.027167,5.159003696430871,144212.762592073,-2.2613381989662114,0.005478501703601334
published_vector_plot_digitization,2,8,right,figure2_mg_si_o_1_1_4,false,gas_mixing_ratio,SiH4,1,convective,15,269.472489,328.016412,5.154617365264474,142763.55872882105,-2.2634312701965884,0.005452161727127943
published_vector_plot_digitization,2,8,right,figure2_mg_si_o_1_1_4,false,gas_mixing_ratio,SiH4,1,convective,16,269.572874,328.009241,5.150231077792726,141328.93223298687,-2.264826845630626,0.005434669700342311
published_vector_plot_digitization,2,8,right,figure2_mg_si_o_1_1_4,false,gas_mixing_ratio,SiH4,1,convective,17,269.67326,328.005656,5.145844746626328,139908.70817722377,-2.2655245360407483,0.005425945958642387
published_vector_plot_digitization,2,8,right,figure2_mg_si_o_1_1_4,false,gas_mixing_ratio,SiH4,1,convective,18,269.77006,327.998486,5.1416151044759575,138552.7354457335,-2.2669199168609926,0.0054085404628625025
published_vector_plot_digitization,2,8,right,figure2_mg_si_o_1_1_4,false,gas_mixing_ratio,SiH4,1,convective,19,269.870445,327.991315,5.1372288170042095,137160.42338017118,-2.2683154922950304,0.00539118838502944
published_vector_plot_digitization,2,8,right,figure2_mg_si_o_1_1_4,false,gas_mixing_ratio,SiH4,1,convective,20,269.970831,327.98773,5.132842485837814,135782.08895348804,-2.2690131827051525,0.005382534439616039
published_vector_plot_digitization,2,8,right,figure2_mg_si_o_1_1_4,false,gas_mixing_ratio,SiH4,1,convective,21,270.071216,327.98056,5.128456198366067,134417.61902708083,-2.2704085635253968,0.005365268200477663
published_vector_plot_digitization,2,8,right,figure2_mg_si_o_1_1_4,false,gas_mixing_ratio,SiH4,1,convective,22,270.472758,327.966219,5.110910961089777,129095.45754026457,-2.273199519779679,0.005330899316995829
published_vector_plot_digitization,2,8,right,figure2_mg_si_o_1_1_4,false,gas_mixing_ratio,SiH4,1,convective,23,270.569559,327.962634,5.106681275244754,127844.27223493386,-2.273897210189812,0.005322342147704091
published_vector_plot_digitization,2,8,right,figure2_mg_si_o_1_1_4,false,gas_mixing_ratio,SiH4,1,convective,24,270.669944,327.959048,5.102294987773009,126559.56917820252,-2.274595095213716,0.00531379633320494
published_vector_plot_digitization,2,8,right,figure2_mg_si_o_1_1_4,false,gas_mixing_ratio,SiH4,1,convective,25,270.770329,327.959048,5.097908700301261,125287.77606194034,-2.274595095213716,0.00531379633320494
published_vector_plot_digitization,2,8,right,figure2_mg_si_o_1_1_4,false,gas_mixing_ratio,SiH4,1,convective,26,270.9711,327.951878,5.089136081663118,122782.38967494135,-2.275990476033961,0.00529675059401812
published_vector_plot_digitization,2,8,right,figure2_mg_si_o_1_1_4,false,gas_mixing_ratio,SiH4,1,convective,27,271.071486,327.951878,5.084749750496719,121548.54108721553,-2.275990476033961,0.00529675059401812
published_vector_plot_digitization,2,8,right,figure2_mg_si_o_1_1_4,false,gas_mixing_ratio,SiH4,2,non_convective,0,271.171871,327.948293,5.080363463024972,120327.10363408439,-2.276688166444094,0.005288248240318694
published_vector_plot_digitization,2,8,right,figure2_mg_si_o_1_1_4,false,gas_mixing_ratio,SiH4,2,non_convective,1,271.268672,327.8981,5.076133777179951,119160.90068032862,-2.2864564160271836,0.005170631456537831
published_vector_plot_digitization,2,8,right,figure2_mg_si_o_1_1_4,false,gas_mixing_ratio,SiH4,2,non_convective,2,271.469443,327.625625,5.0673611585418055,116778.0337494037,-2.3394838064033996,0.004576317983464567
published_vector_plot_digitization,2,8,right,figure2_mg_si_o_1_1_4,false,gas_mixing_ratio,SiH4,2,non_convective,3,271.569828,327.482217,5.06297487107006,115604.53497394631,-2.367392979718654,0.004291479282606616
published_vector_plot_digitization,2,8,right,figure2_mg_si_o_1_1_4,false,gas_mixing_ratio,SiH4,2,non_convective,4,271.670214,327.335224,5.058588539903662,114442.81713647851,-2.3959998434440304,0.004017909556879005
published_vector_plot_digitization,2,8,right,figure2_mg_si_o_1_1_4,false,gas_mixing_ratio,SiH4,2,non_convective,5,271.770599,327.184646,5.054202252431915,113292.784879061,-2.4253043975795294,0.0037557407164818175
published_vector_plot_digitization,2,8,right,figure2_mg_si_o_1_1_4,false,gas_mixing_ratio,SiH4,2,non_convective,6,271.870985,327.030483,5.049815921265516,112154.2979755838,-2.4553066421251506,0.0035050430613238715
published_vector_plot_digitization,2,8,right,figure2_mg_si_o_1_1_4,false,gas_mixing_ratio,SiH4,2,non_convective,7,271.967785,326.869149,5.045586279115145,111067.31653064268,-2.486704462104809,0.00326058508714008
published_vector_plot_digitization,2,8,right,figure2_mg_si_o_1_1_4,false,gas_mixing_ratio,SiH4,3,convective,0,272.06817,326.70423,5.041199991643397,109951.20457227713,-2.5187999724945893,0.0030283078860592577
published_vector_plot_digitization,2,8,right,figure2_mg_si_o_1_1_4,false,gas_mixing_ratio,SiH4,3,convective,1,273.867939,324.925973,4.96255971454285,91740.20674989966,-2.864873293453369,0.0013649813153564097
published_vector_plot_digitization,2,8,right,figure2_mg_si_o_1_1_4,false,gas_mixing_ratio,SiH4,3,convective,2,275.965278,322.516721,4.870917220348434,74287.75266019427,-3.333746938076489,0.0004637170473801641
published_vector_plot_digitization,2,8,right,figure2_mg_si_o_1_1_4,false,gas_mixing_ratio,SiH4,3,convective,3,278.56096,319.178904,4.757499803032708,57213.66951688521,-3.9833321296110547,0.00010391251839463678
published_vector_plot_digitization,2,8,right,figure2_mg_si_o_1_1_4,false,gas_mixing_ratio,SiH4,3,convective,4,281.558183,314.969884,4.626537192135346,42319.1749483763,-4.802465432267491,1.575921453449521e-05
published_vector_plot_digitization,2,8,right,figure2_mg_si_o_1_1_4,false,gas_mixing_ratio,SiH4,3,convective,5,284.655793,310.244596,4.491188206376933,30987.618914472616,-5.722071603167796,1.8963932325564693e-06
published_vector_plot_digitization,2,8,right,figure2_mg_si_o_1_1_4,false,gas_mixing_ratio,SiH4,3,convective,6,287.753402,305.121352,4.355839264313173,22690.249131027864,-6.719125496481386,1.9093014550146632e-07
published_vector_plot_digitization,2,8,right,figure2_mg_si_o_1_1_4,false,gas_mixing_ratio,SiH4,3,convective,7,289.252013,302.324899,4.290357980711817,19514.524822957734,-7.263353792287413,5.4531344767043005e-08
published_vector_plot_digitization,2,8,right,figure2_mg_si_o_1_1_4,false,gas_mixing_ratio,SiH4,3,convective,8,290.248698,299.976596,4.246808178163844,17652.57958567718,-7.720365921483294,1.903855918950438e-08
published_vector_plot_digitization,2,8,right,figure2_mg_si_o_1_1_4,false,gas_mixing_ratio,SiH4,3,convective,9,291.048197,297.459788,4.211874348932642,16288.247091910072,-8.21017144609285,6.163516371745947e-09
published_vector_plot_digitization,2,8,right,figure2_mg_si_o_1_1_4,false,gas_mixing_ratio,SiH4,3,convective,10,292.048466,293.444369,4.168167944757945,14728.819662258215,-8.991627325850942,1.0194658306555727e-09
published_vector_plot_digitization,2,8,right,figure2_mg_si_o_1_1_4,false,gas_mixing_ratio,SiH4,3,convective,11,294.04542,284.234001,4.0809117380352795,12047.910649770372,-10.784091880194033,1.6440238734989587e-11
published_vector_plot_digitization,2,8,right,figure2_mg_si_o_1_1_4,false,gas_mixing_ratio,SiH4,3,convective,12,294.644148,281.892869,4.054750527442222,11343.590165997675,-11.239708433955865,5.758263918867042e-12
published_vector_plot_digitization,2,8,right,figure2_mg_si_o_1_1_4,false,gas_mixing_ratio,SiH4,3,convective,13,297.741757,274.184698,3.919401585378459,8306.184725492129,-12.739824748126516,1.8204353149547912e-13
published_vector_plot_digitization,2,8,right,figure2_mg_si_o_1_1_4,false,gas_mixing_ratio,SiH4,3,convective,14,298.641641,271.832809,3.8800814686755105,7587.198888502499,-13.197534762346303,6.34549107569029e-14
published_vector_plot_digitization,2,8,right,figure2_mg_si_o_1_1_4,false,gas_mixing_ratio,SiH4,4,non_convective,0,298.742027,271.567505,3.8756951375091124,7510.954610653236,-13.249166577288491,5.634215093340886e-14
published_vector_plot_digitization,2,8,right,figure2_mg_si_o_1_1_4,false,gas_mixing_ratio,SiH4,4,non_convective,1,304.435317,256.774987,3.6269288218242766,4235.735392807586,-16.127994457399474,7.44741478466471e-17
published_vector_plot_digitization,2,8,right,figure2_mg_si_o_1_1_4,false,gas_mixing_ratio,SiH4,4,non_convective,2,307.23177,250.142375,3.504738785870407,3196.971655918185,-17.418792166319538,3.812482278894835e-18
published_vector_plot_digitization,2,8,right,figure2_mg_si_o_1_1_4,false,gas_mixing_ratio,SiH4,4,non_convective,3,308.63626442988925,247.155907,3.4433698928887693,2775.6831748890986,-18.0,1e-18
published_vector_plot_digitization,2,8,right,figure2_mg_si_o_1_1_4,false,gas_mixing_ratio,CO,0,non_convective,0,265.776152,316.299992,5.3161275179212915,207074.92747293352,-4.543608083305086,2.8601704585425112e-05
published_vector_plot_digitization,2,8,right,figure2_mg_si_o_1_1_4,false,gas_mixing_ratio,CO,0,non_convective,1,265.876537,316.246214,5.311741230449546,204994.03806235414,-4.554074023298299,2.7920679068223995e-05
published_vector_plot_digitization,2,8,right,figure2_mg_si_o_1_1_4,false,gas_mixing_ratio,CO,0,non_convective,2,266.077308,316.131488,5.302968611811401,200894.76127318345,-4.576401284104989,2.652153863711163e-05
published_vector_plot_digitization,2,8,right,figure2_mg_si_o_1_1_4,false,gas_mixing_ratio,CO,0,non_convective,3,266.174109,316.074125,5.298738925966379,198947.70149267625,-4.587564914508334,2.584848450339933e-05
published_vector_plot_digitization,2,8,right,figure2_mg_si_o_1_1_4,false,gas_mixing_ratio,CO,0,non_convective,4,266.274494,316.020347,5.294352638494631,196948.4823194638,-4.598030854501547,2.5233014978664675e-05
published_vector_plot_digitization,2,8,right,figure2_mg_si_o_1_1_4,false,gas_mixing_ratio,CO,0,non_convective,5,266.37488,315.962984,5.289966307328234,194969.33362063245,-4.609194484904893,2.459266053807992e-05
published_vector_plot_digitization,2,8,right,figure2_mg_si_o_1_1_4,false,gas_mixing_ratio,CO,0,non_convective,6,266.475265,315.909206,5.285580019856488,193010.09294060414,-4.6196604248981155,2.4007093013169275e-05
published_vector_plot_digitization,2,8,right,figure2_mg_si_o_1_1_4,false,gas_mixing_ratio,CO,0,non_convective,7,266.676036,315.794479,5.276807401218343,189150.45974567952,-4.641987880318577,2.280405709477365e-05
published_vector_plot_digitization,2,8,right,figure2_mg_si_o_1_1_4,false,gas_mixing_ratio,CO,0,non_convective,8,266.776421,315.740701,5.272421113746595,187249.69274556704,-4.6524538203118,2.2261077401696844e-05
published_vector_plot_digitization,2,8,right,figure2_mg_si_o_1_1_4,false,gas_mixing_ratio,CO,0,non_convective,9,266.873222,315.683338,5.2681914279015745,185434.8801374803,-4.6636174507151456,2.1696143731327662e-05
published_vector_plot_digitization,2,8,right,figure2_mg_si_o_1_1_4,false,gas_mixing_ratio,CO,0,non_convective,10,266.973607,315.62956,5.2638051404298265,183571.45087958133,-4.674083390708358,2.1179544188745666e-05
published_vector_plot_digitization,2,8,right,figure2_mg_si_o_1_1_4,false,gas_mixing_ratio,CO,0,non_convective,11,267.073993,315.572197,5.259418809263431,181726.7288798381,-4.685247021111703,2.064205728191777e-05
published_vector_plot_digitization,2,8,right,figure2_mg_si_o_1_1_4,false,gas_mixing_ratio,CO,1,convective,0,267.174378,315.514834,5.255032521791684,179900.56271689275,-4.696410651515048,2.0118210525814412e-05
published_vector_plot_digitization,2,8,right,figure2_mg_si_o_1_1_4,false,gas_mixing_ratio,CO,1,convective,1,267.274764,315.511249,5.250646190625285,178092.72972205555,-4.697108341925171,2.008591673764161e-05
published_vector_plot_digitization,2,8,right,figure2_mg_si_o_1_1_4,false,gas_mixing_ratio,CO,1,convective,2,267.375149,315.511249,5.246259903153538,176303.08150195229,-4.697108341925171,2.008591673764161e-05
published_vector_plot_digitization,2,8,right,figure2_mg_si_o_1_1_4,false,gas_mixing_ratio,CO,1,convective,3,267.475535,315.507664,5.241873571987142,174531.39984061095,-4.697806032335304,2.0053674787515902e-05
published_vector_plot_digitization,2,8,right,figure2_mg_si_o_1_1_4,false,gas_mixing_ratio,CO,1,convective,4,267.572335,315.504079,5.237643929836769,172839.86954163155,-4.698503722745427,2.0021484592227745e-05
published_vector_plot_digitization,2,8,right,figure2_mg_si_o_1_1_4,false,gas_mixing_ratio,CO,1,convective,5,267.773106,315.496908,5.228871311198626,169383.58138734102,-4.699899298179452,1.9957250190847148e-05
published_vector_plot_digitization,2,8,right,figure2_mg_si_o_1_1_4,false,gas_mixing_ratio,CO,1,convective,6,267.873491,315.496908,5.224485023726878,167681.4511239792,-4.699899298179452,1.9957250190847148e-05
published_vector_plot_digitization,2,8,right,figure2_mg_si_o_1_1_4,false,gas_mixing_ratio,CO,1,convective,7,268.074262,315.489738,5.215712405088735,164328.3161398403,-4.701294678999707,1.989323078545217e-05
published_vector_plot_digitization,2,8,right,figure2_mg_si_o_1_1_4,false,gas_mixing_ratio,CO,1,convective,8,268.174648,315.489738,5.211326073922336,162676.96971036217,-4.701294678999707,1.989323078545217e-05
published_vector_plot_digitization,2,8,right,figure2_mg_si_o_1_1_4,false,gas_mixing_ratio,CO,1,convective,9,268.275033,315.486153,5.206939786450589,161042.23397607193,-4.70199236940983,1.9861298135168305e-05
published_vector_plot_digitization,2,8,right,figure2_mg_si_o_1_1_4,false,gas_mixing_ratio,CO,1,convective,10,268.371834,315.486153,5.202710100605568,159481.42246087542,-4.70199236940983,1.9861298135168305e-05
published_vector_plot_digitization,2,8,right,figure2_mg_si_o_1_1_4,false,gas_mixing_ratio,CO,1,convective,11,268.572605,315.478982,5.193937481967422,156292.26389032742,-4.703387944843867,1.9797577655775847e-05
published_vector_plot_digitization,2,8,right,figure2_mg_si_o_1_1_4,false,gas_mixing_ratio,CO,1,convective,12,268.67299,315.478982,5.1895511944956745,154721.6878633115,-4.703387944843867,1.9797577655775847e-05
published_vector_plot_digitization,2,8,right,figure2_mg_si_o_1_1_4,false,gas_mixing_ratio,CO,1,convective,13,268.773375,315.475397,5.185164907023929,153166.89450522224,-4.704085635253989,1.976579854806997e-05
published_vector_plot_digitization,2,8,right,figure2_mg_si_o_1_1_4,false,gas_mixing_ratio,CO,1,convective,14,268.873761,315.475397,5.1807785758575315,151627.7099611528,-4.704085635253989,1.976579854806997e-05
published_vector_plot_digitization,2,8,right,figure2_mg_si_o_1_1_4,false,gas_mixing_ratio,CO,1,convective,15,268.974146,315.471812,5.176392288385784,150104.00788935085,-4.704783325664112,1.973407045224561e-05
published_vector_plot_digitization,2,8,right,figure2_mg_si_o_1_1_4,false,gas_mixing_ratio,CO,1,convective,16,269.070947,315.468227,5.172162602540762,148649.2089946357,-4.705481016074234,1.9702393286418452e-05
published_vector_plot_digitization,2,8,right,figure2_mg_si_o_1_1_4,false,gas_mixing_ratio,CO,1,convective,17,269.171332,315.468227,5.167776315069014,147155.43778504033,-4.705481016074234,1.9702393286418452e-05
published_vector_plot_digitization,2,8,right,figure2_mg_si_o_1_1_4,false,gas_mixing_ratio,CO,1,convective,18,269.271718,315.464641,5.163389983902617,145676.66277856016,-4.706178901098149,1.967075815407538e-05
published_vector_plot_digitization,2,8,right,figure2_mg_si_o_1_1_4,false,gas_mixing_ratio,CO,1,convective,19,269.372103,315.464641,5.159003696430871,144212.762592073,-4.706178901098149,1.967075815407538e-05
published_vector_plot_digitization,2,8,right,figure2_mg_si_o_1_1_4,false,gas_mixing_ratio,CO,1,convective,20,269.572874,315.457471,5.150231077792726,141328.93223298687,-4.707574281918394,1.960765776556293e-05
published_vector_plot_digitization,2,8,right,figure2_mg_si_o_1_1_4,false,gas_mixing_ratio,CO,1,convective,21,269.67326,315.457471,5.145844746626328,139908.70817722377,-4.707574281918394,1.960765776556293e-05
published_vector_plot_digitization,2,8,right,figure2_mg_si_o_1_1_4,false,gas_mixing_ratio,CO,1,convective,22,269.77006,315.453886,5.1416151044759575,138552.7354457335,-4.708271972328516,1.957618351761064e-05
published_vector_plot_digitization,2,8,right,figure2_mg_si_o_1_1_4,false,gas_mixing_ratio,CO,1,convective,23,269.870445,315.453886,5.1372288170042095,137160.42338017118,-4.708271972328516,1.957618351761064e-05
published_vector_plot_digitization,2,8,right,figure2_mg_si_o_1_1_4,false,gas_mixing_ratio,CO,1,convective,24,270.171602,315.44313,5.124069867199668,133066.8472279563,-4.710365238172676,1.9482054854409986e-05
published_vector_plot_digitization,2,8,right,figure2_mg_si_o_1_1_4,false,gas_mixing_ratio,CO,1,convective,25,270.271987,315.44313,5.119683579727921,131729.66267995187,-4.710365238172676,1.9482054854409986e-05
published_vector_plot_digitization,2,8,right,figure2_mg_si_o_1_1_4,false,gas_mixing_ratio,CO,1,convective,26,270.472758,315.43596,5.110910961089777,129095.45754026457,-4.71176061899292,1.941955979343139e-05
published_vector_plot_digitization,2,8,right,figure2_mg_si_o_1_1_4,false,gas_mixing_ratio,CO,1,convective,27,270.569559,315.432375,5.106681275244754,127844.27223493386,-4.712458309403053,1.9388387480686027e-05
published_vector_plot_digitization,2,8,right,figure2_mg_si_o_1_1_4,false,gas_mixing_ratio,CO,1,convective,28,270.770329,315.425204,5.097908700301261,125287.77606194034,-4.71385388483708,1.932618422808397e-05
published_vector_plot_digitization,2,8,right,figure2_mg_si_o_1_1_4,false,gas_mixing_ratio,CO,1,convective,29,270.870715,315.425204,5.093522369134863,124028.75067595007,-4.71385388483708,1.932618422808397e-05
published_vector_plot_digitization,2,8,right,figure2_mg_si_o_1_1_4,false,gas_mixing_ratio,CO,1,convective,30,271.071486,315.418034,5.084749750496719,121548.54108721553,-4.715249265657335,1.9264189173103747e-05
published_vector_plot_digitization,2,8,right,figure2_mg_si_o_1_1_4,false,gas_mixing_ratio,CO,2,non_convective,0,271.171871,315.414449,5.080363463024972,120327.10363408439,-4.715946956067457,1.9233266261561593e-05
published_vector_plot_digitization,2,8,right,figure2_mg_si_o_1_1_4,false,gas_mixing_ratio,CO,2,non_convective,1,271.268672,315.349915,5.076133777179951,119160.90068032862,-4.728506161904829,1.8685031661652393e-05
published_vector_plot_digitization,2,8,right,figure2_mg_si_o_1_1_4,false,gas_mixing_ratio,CO,2,non_convective,2,271.369057,315.267456,5.071747489708203,117963.45655028851,-4.744553819792834,1.8007199670177326e-05
published_vector_plot_digitization,2,8,right,figure2_mg_si_o_1_1_4,false,gas_mixing_ratio,CO,2,non_convective,3,271.469443,315.181411,5.0673611585418055,116778.0337494037,-4.761299362704731,1.732609284422492e-05
published_vector_plot_digitization,2,8,right,figure2_mg_si_o_1_1_4,false,gas_mixing_ratio,CO,2,non_convective,4,271.569828,315.098951,5.06297487107006,115604.53497394631,-4.777347215206518,1.6697551237283643e-05
published_vector_plot_digitization,2,8,right,figure2_mg_si_o_1_1_4,false,gas_mixing_ratio,CO,2,non_convective,5,271.670214,315.012907,5.058588539903662,114442.81713647851,-4.794092563504646,1.606598793529398e-05
published_vector_plot_digitization,2,8,right,figure2_mg_si_o_1_1_4,false,gas_mixing_ratio,CO,2,non_convective,6,271.770599,314.930447,5.054202252431915,113292.784879061,-4.810140416006422,1.5483159367726414e-05
published_vector_plot_digitization,2,8,right,figure2_mg_si_o_1_1_4,false,gas_mixing_ratio,CO,2,non_convective,7,271.870985,314.844403,5.049815921265516,112154.2979755838,-4.826885764304549,1.4897528869184865e-05
published_vector_plot_digitization,2,8,right,figure2_mg_si_o_1_1_4,false,gas_mixing_ratio,CO,2,non_convective,8,271.967785,314.758358,5.045586279115145,111067.31653064268,-4.843631307216458,1.4334042664306692e-05
published_vector_plot_digitization,2,8,right,figure2_mg_si_o_1_1_4,false,gas_mixing_ratio,CO,3,convective,0,272.06817,314.672313,5.041199991643397,109951.20457227713,-4.860376850128367,1.3791869840048601e-05
published_vector_plot_digitization,2,8,right,figure2_mg_si_o_1_1_4,false,gas_mixing_ratio,CO,3,convective,1,276.564006,313.901496,4.844756009755376,69944.89293845392,-5.010388462084046,9.76363505319821e-06
published_vector_plot_digitization,2,8,right,figure2_mg_si_o_1_1_4,false,gas_mixing_ratio,CO,3,convective,2,280.461114,313.123509,4.674473238460413,47257.77154210236,-5.161795454859982,6.8897671597859226e-06
published_vector_plot_digitization,2,8,right,figure2_mg_si_o_1_1_4,false,gas_mixing_ratio,CO,3,convective,3,283.655523,312.255891,4.53489465424628,34268.46522833377,-5.330645875571731,4.670400503118401e-06
published_vector_plot_digitization,2,8,right,figure2_mg_si_o_1_1_4,false,gas_mixing_ratio,CO,3,convective,4,286.753132,311.183918,4.399545712182519,25092.602807429703,-5.53926659579842,2.8889059555522e-06
published_vector_plot_digitization,2,8,right,figure2_mg_si_o_1_1_4,false,gas_mixing_ratio,CO,3,convective,5,289.750356,309.914758,4.268583057590504,18560.21734397004,-5.786262623947358,1.6358270147987807e-06
published_vector_plot_digitization,2,8,right,figure2_mg_si_o_1_1_4,false,gas_mixing_ratio,CO,3,convective,6,292.747579,308.398221,4.137620446693142,13728.41650416338,-6.081401625760298,8.29083694946096e-07
published_vector_plot_digitization,2,8,right,figure2_mg_si_o_1_1_4,false,gas_mixing_ratio,CO,3,convective,7,295.644417,306.684497,4.011044123267525,10257.561352966484,-6.414915935495477,3.846662330185748e-07
published_vector_plot_digitization,2,8,right,figure2_mg_si_o_1_1_4,false,gas_mixing_ratio,CO,3,convective,8,298.541256,304.709054,3.884467756147258,7664.2163567776015,-6.799364369762733,1.5872145289132976e-07
published_vector_plot_digitization,2,8,right,figure2_mg_si_o_1_1_4,false,gas_mixing_ratio,CO,3,convective,9,298.641641,304.63735,3.8800814686755105,7587.198888502499,-6.81331895642035,1.5370253968825266e-07
published_vector_plot_digitization,2,8,right,figure2_mg_si_o_1_1_4,false,gas_mixing_ratio,CO,4,non_convective,0,298.742027,304.562061,3.8756951375091124,7510.954610653236,-6.827971233488099,1.486034069973322e-07
published_vector_plot_digitization,2,8,right,figure2_mg_si_o_1_1_4,false,gas_mixing_ratio,CO,4,non_convective,1,304.033775,300.811946,3.644474059100565,4410.360187556175,-7.557795298304013,2.7682461315974945e-08
published_vector_plot_digitization,2,8,right,figure2_mg_si_o_1_1_4,false,gas_mixing_ratio,CO,4,non_convective,2,306.733428,299.177097,3.526513665297067,3361.3494553791593,-7.875959445947538,1.3305786604903548e-08
published_vector_plot_digitization,2,8,right,figure2_mg_si_o_1_1_4,false,gas_mixing_ratio,CO,4,non_convective,3,309.031538,298.04059,3.4260985524645076,2667.463911256093,-8.097139372011599,7.995776166460744e-09
published_vector_plot_digitization,2,8,right,figure2_mg_si_o_1_1_4,false,gas_mixing_ratio,CO,4,non_convective,4,311.128878,297.259017,3.3344560145754434,2160.011257360825,-8.249244249811449,5.633207517634129e-09
published_vector_plot_digitization,2,8,right,figure2_mg_si_o_1_1_4,false,gas_mixing_ratio,CO,4,non_convective,5,313.125832,296.75709,3.247199807852775,1766.8505167366066,-8.346926161801036,4.498563323969174e-09
published_vector_plot_digitization,2,8,right,figure2_mg_si_o_1_1_4,false,gas_mixing_ratio,CO,4,non_convective,6,315.122786,296.4882,3.1599436011301067,1445.2520735038606,-8.39925586176713,3.9878988867341355e-09
published_vector_plot_digitization,2,8,right,figure2_mg_si_o_1_1_4,false,gas_mixing_ratio,CO,4,non_convective,7,317.11974,296.445178,3.0726873944074407,1182.1903076583815,-8.407628535916192,3.911753358295161e-09
published_vector_plot_digitization,2,8,right,figure2_mg_si_o_1_1_4,false,gas_mixing_ratio,CO,4,non_convective,8,319.317465,296.617267,2.9766585690466267,947.6731345486693,-8.374137644706156,4.22534675472535e-09
published_vector_plot_digitization,2,8,right,figure2_mg_si_o_1_1_4,false,gas_mixing_ratio,CO,4,non_convective,9,321.715961,297.03315,2.8718571250476717,744.4870109851831,-8.293201081014697,5.090951023184766e-09
published_vector_plot_digitization,2,8,right,figure2_mg_si_o_1_1_4,false,gas_mixing_ratio,CO,4,non_convective,10,324.512413,297.750189,2.7496671327884528,561.9104809578488,-8.15365540905223,7.020120889756488e-09
published_vector_plot_digitization,2,8,right,figure2_mg_si_o_1_1_4,false,gas_mixing_ratio,CO,4,non_convective,11,327.911179,298.85443,2.601159240920149,399.171237961277,-7.9387548912930725,1.1514500651898996e-08
published_vector_plot_digitization,2,8,right,figure2_mg_si_o_1_1_4,false,gas_mixing_ratio,CO,4,non_convective,12,332.403429,300.564568,2.4048719480481524,254.02236088785185,-7.6059384665817875,2.477773098353411e-08
published_vector_plot_digitization,2,8,right,figure2_mg_si_o_1_1_4,false,gas_mixing_ratio,CO,4,non_convective,13,339.09699,303.371776,2.1123991407993197,129.53858262034728,-7.059617099545384,8.717318230910778e-08
published_vector_plot_digitization,2,8,right,figure2_mg_si_o_1_1_4,false,gas_mixing_ratio,CO,4,non_convective,14,352.182954,309.151112,1.5406125198008453,34.72262258332147,-5.934878660469011,1.1617731616420446e-06
published_vector_plot_digitization,2,8,right,figure2_mg_si_o_1_1_4,false,gas_mixing_ratio,CO,4,non_convective,15,369.366797,316.694363,0.7897705088692621,6.162692650401967,-4.466858051301925,3.413044483957868e-05
published_vector_plot_digitization,2,8,right,figure2_mg_si_o_1_1_4,false,gas_mixing_ratio,CO,4,non_convective,16,374.758931,318.82397,0.5541630992943167,3.5823094547666976,-4.052407177875276,8.863246383269743e-05
published_vector_plot_digitization,2,8,right,figure2_mg_si_o_1_1_4,false,gas_mixing_ratio,CO,4,non_convective,17,378.656039,320.125396,0.38388032799935345,2.420362012069154,-3.7991317414214234,0.00015880649426415174
published_vector_plot_digitization,2,8,right,figure2_mg_si_o_1_1_4,false,gas_mixing_ratio,CO,4,non_convective,18,381.950834,321.000184,0.23991541261882435,1.737462390862224,-3.6288859398894298,0.0002350249993265528
published_vector_plot_digitization,2,8,right,figure2_mg_si_o_1_1_4,false,gas_mixing_ratio,CO,4,non_convective,19,385.148829,321.616837,0.10018013938866675,1.2594477050837536,-3.5088767670931524,0.0003098298329828442
published_vector_plot_digitization,2,8,right,figure2_mg_si_o_1_1_4,false,gas_mixing_ratio,CO,4,non_convective,20,388.644394,322.057816,-0.052557350935358266,0.8860182124364175,-3.423056175917023,0.0003775233551855538
published_vector_plot_digitization,2,8,right,figure2_mg_si_o_1_1_4,false,gas_mixing_ratio,CO,4,non_convective,21,392.842659,322.348217,-0.23599907203486475,0.5807656584528216,-3.366540138876403,0.0004299914906137136
published_vector_plot_digitization,2,8,right,figure2_mg_si_o_1_1_4,false,gas_mixing_ratio,CO,4,non_convective,22,398.833521,322.516721,-0.497767692202868,0.31785738620762755,-3.333746938076489,0.0004637170473801641
published_vector_plot_digitization,2,8,right,figure2_mg_si_o_1_1_4,false,gas_mixing_ratio,CO,4,non_convective,23,410.822415,322.588425,-1.0216182231816227,0.09514408126520099,-3.3197923514188727,0.0004788589937416791
published_vector_plot_digitization,2,8,right,figure2_mg_si_o_1_1_4,false,gas_mixing_ratio,CO,4,non_convective,24,456.074756,322.595596,-2.9989034390557254,0.001002528115191211,-3.3183967759848354,0.0004804002492009649
published_vector_plot_digitization,2,8,right,figure2_mg_si_o_1_1_4,false,gas_mixing_ratio,H,0,non_convective,0,265.776152,326.876319,5.3161275179212915,207074.92747293352,-2.4853090812845537,0.003271078139815624
published_vector_plot_digitization,2,8,right,figure2_mg_si_o_1_1_4,false,gas_mixing_ratio,H,0,non_convective,1,266.077308,326.650452,5.302968611811401,200894.76127318345,-2.529265912487813,0.0029562018709023592
published_vector_plot_digitization,2,8,right,figure2_mg_si_o_1_1_4,false,gas_mixing_ratio,H,0,non_convective,2,266.174109,326.571578,5.298738925966379,198947.70149267625,-2.5446158799656846,0.002853541020449091
published_vector_plot_digitization,2,8,right,figure2_mg_si_o_1_1_4,false,gas_mixing_ratio,H,0,non_convective,3,266.274494,326.492703,5.294352638494631,196948.4823194638,-2.5599660420573382,0.0027544440677991534
published_vector_plot_digitization,2,8,right,figure2_mg_si_o_1_1_4,false,gas_mixing_ratio,H,0,non_convective,4,266.37488,326.410244,5.289966307328234,194969.33362063245,-2.576013699945343,0.002654521822994251
published_vector_plot_digitization,2,8,right,figure2_mg_si_o_1_1_4,false,gas_mixing_ratio,H,0,non_convective,5,266.475265,326.33137,5.285580019856488,193010.09294060414,-2.5913636674232143,0.002562337500070404
published_vector_plot_digitization,2,8,right,figure2_mg_si_o_1_1_4,false,gas_mixing_ratio,H,0,non_convective,6,266.57565,326.24891,5.281193732384741,191070.54060833203,-2.60741151992499,0.002469383148255542
published_vector_plot_digitization,2,8,right,figure2_mg_si_o_1_1_4,false,gas_mixing_ratio,H,0,non_convective,7,266.676036,326.162865,5.276807401218343,189150.45974567952,-2.6241570628368995,0.0023759808564513684
published_vector_plot_digitization,2,8,right,figure2_mg_si_o_1_1_4,false,gas_mixing_ratio,H,0,non_convective,8,266.776421,326.080406,5.272421113746595,187249.69274556704,-2.6402047207249044,0.0022897880222727484
published_vector_plot_digitization,2,8,right,figure2_mg_si_o_1_1_4,false,gas_mixing_ratio,H,0,non_convective,9,266.873222,325.994361,5.2681914279015745,185434.8801374803,-2.656950263636802,0.0022031787615037356
published_vector_plot_digitization,2,8,right,figure2_mg_si_o_1_1_4,false,gas_mixing_ratio,H,0,non_convective,10,267.073993,325.815101,5.259418809263431,181726.7288798381,-2.6918367302808646,0.0020331212037893553
published_vector_plot_digitization,2,8,right,figure2_mg_si_o_1_1_4,false,gas_mixing_ratio,H,1,convective,0,267.174378,325.725472,5.255032521791684,179900.56271689275,-2.7092797689891137,0.0019530808915426455
published_vector_plot_digitization,2,8,right,figure2_mg_si_o_1_1_4,false,gas_mixing_ratio,H,1,convective,1,267.475535,325.617916,5.241873571987142,174531.39984061095,-2.73021164897556,0.0018611798886216438
published_vector_plot_digitization,2,8,right,figure2_mg_si_o_1_1_4,false,gas_mixing_ratio,H,1,convective,2,267.572335,325.582064,5.237643929836769,172839.86954163155,-2.737188942304368,0.001831517436855362
published_vector_plot_digitization,2,8,right,figure2_mg_si_o_1_1_4,false,gas_mixing_ratio,H,1,convective,3,267.67272,325.542627,5.233257642365021,171103.00714769287,-2.7448639260433096,0.0017994346290247398
published_vector_plot_digitization,2,8,right,figure2_mg_si_o_1_1_4,false,gas_mixing_ratio,H,1,convective,4,267.973877,325.435071,5.22009869256048,165996.40881290485,-2.7657958060297454,0.0017147633551342588
published_vector_plot_digitization,2,8,right,figure2_mg_si_o_1_1_4,false,gas_mixing_ratio,H,1,convective,5,268.074262,325.395634,5.215712405088735,164328.3161398403,-2.7734707897686866,0.001684725736004506
published_vector_plot_digitization,2,8,right,figure2_mg_si_o_1_1_4,false,gas_mixing_ratio,H,1,convective,6,268.275033,325.32393,5.206939786450589,161042.23397607193,-2.787425376426303,0.001631453213065936
published_vector_plot_digitization,2,8,right,figure2_mg_si_o_1_1_4,false,gas_mixing_ratio,H,1,convective,7,268.371834,325.284492,5.202710100605568,159481.42246087542,-2.7951005547790255,0.0016028742247399172
published_vector_plot_digitization,2,8,right,figure2_mg_si_o_1_1_4,false,gas_mixing_ratio,H,1,convective,8,268.472219,325.24864,5.19832381313382,157878.79868003866,-2.802077848107834,0.001577328505237232
published_vector_plot_digitization,2,8,right,figure2_mg_si_o_1_1_4,false,gas_mixing_ratio,H,1,convective,9,268.572605,325.209203,5.193937481967422,156292.26389032742,-2.809752831846775,0.0015496983411443514
published_vector_plot_digitization,2,8,right,figure2_mg_si_o_1_1_4,false,gas_mixing_ratio,H,1,convective,10,268.67299,325.173351,5.1895511944956745,154721.6878633115,-2.816730125175583,0.0015250001093519779
published_vector_plot_digitization,2,8,right,figure2_mg_si_o_1_1_4,false,gas_mixing_ratio,H,1,convective,11,268.873761,325.094477,5.1807785758575315,151627.7099611528,-2.8320800926534657,0.0014720410033759964
published_vector_plot_digitization,2,8,right,figure2_mg_si_o_1_1_4,false,gas_mixing_ratio,H,1,convective,12,268.974146,325.058625,5.176392288385784,150104.00788935085,-2.839057385982274,0.001448580431118809
published_vector_plot_digitization,2,8,right,figure2_mg_si_o_1_1_4,false,gas_mixing_ratio,H,1,convective,13,269.070947,325.019188,5.172162602540762,148649.2089946357,-2.8467323697212152,0.001423205555257088
published_vector_plot_digitization,2,8,right,figure2_mg_si_o_1_1_4,false,gas_mixing_ratio,H,1,convective,14,269.372103,324.900877,5.159003696430871,144212.762592073,-2.869757320938028,0.0013497168791117356
published_vector_plot_digitization,2,8,right,figure2_mg_si_o_1_1_4,false,gas_mixing_ratio,H,1,convective,15,269.472489,324.865025,5.154617365264474,142763.55872882105,-2.8767346142668364,0.0013282058408345917
published_vector_plot_digitization,2,8,right,figure2_mg_si_o_1_1_4,false,gas_mixing_ratio,H,1,convective,16,269.67326,324.78615,5.145844746626328,139908.70817722377,-2.89208477635849,0.0012820802900276012
published_vector_plot_digitization,2,8,right,figure2_mg_si_o_1_1_4,false,gas_mixing_ratio,H,1,convective,17,269.77006,324.746713,5.1416151044759575,138552.7354457335,-2.899759760097431,0.001259622007763576
published_vector_plot_digitization,2,8,right,figure2_mg_si_o_1_1_4,false,gas_mixing_ratio,H,1,convective,18,269.870445,324.707276,5.1372288170042095,137160.42338017118,-2.907434743836373,0.001237557128663278
published_vector_plot_digitization,2,8,right,figure2_mg_si_o_1_1_4,false,gas_mixing_ratio,H,1,convective,19,269.970831,324.664254,5.132842485837814,135782.08895348804,-2.915807417985425,0.0012139270306563163
published_vector_plot_digitization,2,8,right,figure2_mg_si_o_1_1_4,false,gas_mixing_ratio,H,1,convective,20,270.372373,324.506505,5.115297248561525,130405.90233704391,-2.946507547554962,0.001131077732290185
published_vector_plot_digitization,2,8,right,figure2_mg_si_o_1_1_4,false,gas_mixing_ratio,H,1,convective,21,270.472758,324.463483,5.110910961089777,129095.45754026457,-2.954880221704025,0.0011094807675533624
published_vector_plot_digitization,2,8,right,figure2_mg_si_o_1_1_4,false,gas_mixing_ratio,H,1,convective,22,270.569559,324.424045,5.106681275244754,127844.27223493386,-2.9625554000567482,0.0010900454336743943
published_vector_plot_digitization,2,8,right,figure2_mg_si_o_1_1_4,false,gas_mixing_ratio,H,1,convective,23,270.669944,324.381023,5.102294987773009,126559.56917820252,-2.9709280742058004,0.0010692319456881154
published_vector_plot_digitization,2,8,right,figure2_mg_si_o_1_1_4,false,gas_mixing_ratio,H,1,convective,24,270.770329,324.341586,5.097908700301261,125287.77606194034,-2.978603057944742,0.0010505021414560726
published_vector_plot_digitization,2,8,right,figure2_mg_si_o_1_1_4,false,gas_mixing_ratio,H,1,convective,25,270.870715,324.298564,5.093522369134863,124028.75067595007,-2.9869757320938053,0.0010304436989129189
published_vector_plot_digitization,2,8,right,figure2_mg_si_o_1_1_4,false,gas_mixing_ratio,H,1,convective,26,270.9711,324.259126,5.089136081663118,122782.38967494135,-2.994650910446529,0.0010123928972068051
published_vector_plot_digitization,2,8,right,figure2_mg_si_o_1_1_4,false,gas_mixing_ratio,H,1,convective,27,271.071486,324.216104,5.084749750496719,121548.54108721553,-3.0030235845955926,0.000993062118183762
published_vector_plot_digitization,2,8,right,figure2_mg_si_o_1_1_4,false,gas_mixing_ratio,H,2,non_convective,0,271.171871,324.176667,5.080363463024972,120327.10363408439,-3.0106985683345227,0.0009756665856813714
published_vector_plot_digitization,2,8,right,figure2_mg_si_o_1_1_4,false,gas_mixing_ratio,H,2,non_convective,1,271.268672,324.083452,5.076133777179951,119160.90068032862,-3.028839492066676,0.0009357514482383301
published_vector_plot_digitization,2,8,right,figure2_mg_si_o_1_1_4,false,gas_mixing_ratio,H,2,non_convective,2,271.469443,323.897022,5.0673611585418055,116778.0337494037,-3.065121339530994,0.0008607532287857231
published_vector_plot_digitization,2,8,right,figure2_mg_si_o_1_1_4,false,gas_mixing_ratio,H,2,non_convective,3,271.770599,323.606621,5.054202252431915,113292.784879061,-3.1216373765716146,0.0007557229712945877
published_vector_plot_digitization,2,8,right,figure2_mg_si_o_1_1_4,false,gas_mixing_ratio,H,2,non_convective,4,271.870985,323.506235,5.049815921265516,112154.2979755838,-3.141173875737805,0.000722480490741477
published_vector_plot_digitization,2,8,right,figure2_mg_si_o_1_1_4,false,gas_mixing_ratio,H,2,non_convective,5,271.967785,323.40585,5.045586279115145,111067.31653064268,-3.1607101802902138,0.0006907005784328821
published_vector_plot_digitization,2,8,right,figure2_mg_si_o_1_1_4,false,gas_mixing_ratio,H,3,convective,0,272.06817,323.301879,5.041199991643397,109951.20457227713,-3.180944369866527,0.000659258336290629
published_vector_plot_digitization,2,8,right,figure2_mg_si_o_1_1_4,false,gas_mixing_ratio,H,3,convective,1,275.764507,321.555889,4.87968983898658,75803.60134768435,-3.5207380879066204,0.00030148236404625657
published_vector_plot_digitization,2,8,right,figure2_mg_si_o_1_1_4,false,gas_mixing_ratio,H,3,convective,2,279.460844,319.566105,4.718179686329759,52261.23715180697,-3.907977478428148,0.0001236011528665251
published_vector_plot_digitization,2,8,right,figure2_mg_si_o_1_1_4,false,gas_mixing_ratio,H,3,convective,3,283.056795,317.379136,4.561055864839338,36396.18508197546,-4.33359178764436,4.638827385322437e-05
published_vector_plot_digitization,2,8,right,figure2_mg_si_o_1_1_4,false,gas_mixing_ratio,H,3,convective,4,286.552361,314.994981,4.408318330820663,25604.619764051487,-4.79758121016905,1.593744833201627e-05
published_vector_plot_digitization,2,8,right,figure2_mg_si_o_1_1_4,false,gas_mixing_ratio,H,3,convective,5,289.951127,312.41364,4.2598104389523614,18189.06768089089,-5.299945746002206,5.012498480760103e-06
published_vector_plot_digitization,2,8,right,figure2_mg_si_o_1_1_4,false,gas_mixing_ratio,H,3,convective,6,293.245921,309.631528,4.11584556726648,13057.065035060097,-5.841383085553951,1.4408438410708752e-06
published_vector_plot_digitization,2,8,right,figure2_mg_si_o_1_1_4,false,gas_mixing_ratio,H,3,convective,7,296.443916,306.648645,3.9761102940363218,9464.774996007236,-6.421893228824295,3.785356361575172e-07
published_vector_plot_digitization,2,8,right,figure2_mg_si_o_1_1_4,false,gas_mixing_ratio,H,3,convective,8,298.641641,304.425824,3.8800814686755105,7587.198888502499,-6.854484831369327,1.3980257434030948e-07
published_vector_plot_digitization,2,8,right,figure2_mg_si_o_1_1_4,false,gas_mixing_ratio,H,4,non_convective,0,298.742027,304.318268,3.8756951375091124,7510.954610653236,-6.875416711355762,1.33224251420639e-07
published_vector_plot_digitization,2,8,right,figure2_mg_si_o_1_1_4,false,gas_mixing_ratio,H,4,non_convective,1,304.334932,298.607051,3.631315109296024,4278.7322380242895,-7.986898254184629,1.030627545930259e-08
published_vector_plot_digitization,2,8,right,figure2_mg_si_o_1_1_4,false,gas_mixing_ratio,H,4,non_convective,2,307.23177,295.975517,3.504738785870407,3196.971655918185,-8.499031039600876,3.1693409379610054e-09
published_vector_plot_digitization,2,8,right,figure2_mg_si_o_1_1_4,false,gas_mixing_ratio,H,4,non_convective,3,309.630266,294.089704,3.39993734187145,2511.524053546582,-8.866036240546102,1.361331078811569e-09
published_vector_plot_digitization,2,8,right,figure2_mg_si_o_1_1_4,false,gas_mixing_ratio,H,4,non_convective,4,311.827991,292.641285,3.303908516510638,2013.300106505916,-9.14791854072532,7.113469262870555e-10
published_vector_plot_digitization,2,8,right,figure2_mg_si_o_1_1_4,false,gas_mixing_ratio,H,4,non_convective,5,313.92533,291.522704,3.2122660223162245,1630.29434575608,-9.365609820124977,4.309135790313598e-10
published_vector_plot_digitization,2,8,right,figure2_mg_si_o_1_1_4,false,gas_mixing_ratio,H,4,non_convective,6,316.02267,290.655087,3.120623484427158,1320.1506212642944,-9.534460046222941,2.9210564761957173e-10
published_vector_plot_digitization,2,8,right,figure2_mg_si_o_1_1_4,false,gas_mixing_ratio,H,4,non_convective,7,318.220395,289.988241,3.024594659066347,1058.2655510075774,-9.664237468602309,2.1665191462779943e-10
published_vector_plot_digitization,2,8,right,figure2_mg_si_o_1_1_4,false,gas_mixing_ratio,H,4,non_convective,8,320.618891,289.507824,2.919793215067389,831.3678294504319,-9.757733238131152,1.7468948394520761e-10
published_vector_plot_digitization,2,8,right,figure2_mg_si_o_1_1_4,false,gas_mixing_ratio,H,4,non_convective,9,323.214573,289.213838,2.8063757977516657,640.2886416381613,-9.814946965581905,1.531274443773926e-10
published_vector_plot_digitization,2,8,right,figure2_mg_si_o_1_1_4,false,gas_mixing_ratio,H,4,non_convective,10,326.312182,289.095527,2.671026855687903,468.8423732922517,-9.837971916798718,1.4522055199122346e-10
published_vector_plot_digitization,2,8,right,figure2_mg_si_o_1_1_4,false,gas_mixing_ratio,H,4,non_convective,11,330.209289,289.181572,2.50074412808759,316.7700608959797,-9.821226373886809,1.509293237333097e-10
published_vector_plot_digitization,2,8,right,figure2_mg_si_o_1_1_4,false,gas_mixing_ratio,H,4,non_convective,12,335.501038,289.536506,2.269523005984392,186.00430931158934,-9.752151325622599,1.7694922887770888e-10
published_vector_plot_digitization,2,8,right,figure2_mg_si_o_1_1_4,false,gas_mixing_ratio,H,4,non_convective,13,344.091167,290.364686,1.894180323179289,78.37549977092507,-9.59097608326356,2.5646252673650676e-10
published_vector_plot_digitization,2,8,right,figure2_mg_si_o_1_1_4,false,gas_mixing_ratio,H,4,non_convective,14,365.469689,292.72016,0.9600532801642254,9.121227336353284,-9.132568378633653,7.369391368881331e-10
published_vector_plot_digitization,2,8,right,figure2_mg_si_o_1_1_4,false,gas_mixing_ratio,H,4,non_convective,15,456.074756,302.89136,-2.9989034390557254,0.001002528115191211,-7.153112674460443,7.028899366802995e-08
published_vector_plot_digitization,2,8,right,figure2_mg_si_o_1_1_4,false,gas_mixing_ratio,H2O,0,non_convective,0,265.776152,334.620342,5.3161275179212915,207074.92747293352,-0.9782154737850957,0.10514400758390673
published_vector_plot_digitization,2,8,right,figure2_mg_si_o_1_1_4,false,gas_mixing_ratio,H2O,0,non_convective,1,265.876537,334.602416,5.311741230449546,204994.03806235414,-0.9817041204494997,0.10430277895381598
published_vector_plot_digitization,2,8,right,figure2_mg_si_o_1_1_4,false,gas_mixing_ratio,H2O,0,non_convective,2,265.976923,334.588075,5.3073548992831485,202934.03902645808,-0.9844950767037814,0.10363463527063987
published_vector_plot_digitization,2,8,right,figure2_mg_si_o_1_1_4,false,gas_mixing_ratio,H2O,0,non_convective,3,266.077308,334.570149,5.302968611811401,200894.76127318345,-0.9879837233681855,0.10280548271823119
published_vector_plot_digitization,2,8,right,figure2_mg_si_o_1_1_4,false,gas_mixing_ratio,H2O,0,non_convective,4,266.174109,334.555809,5.298738925966379,198947.70149267625,-0.9907744850086854,0.10214697620236098
published_vector_plot_digitization,2,8,right,figure2_mg_si_o_1_1_4,false,gas_mixing_ratio,H2O,0,non_convective,5,266.37488,334.527127,5.289966307328234,194969.33362063245,-0.9963563975172491,0.10084249969625786
published_vector_plot_digitization,2,8,right,figure2_mg_si_o_1_1_4,false,gas_mixing_ratio,H2O,0,non_convective,6,266.475265,334.516371,5.285580019856488,193010.09294060414,-0.9984496633614086,0.1003576161293623
published_vector_plot_digitization,2,8,right,figure2_mg_si_o_1_1_4,false,gas_mixing_ratio,H2O,0,non_convective,7,266.57565,334.502031,5.281193732384741,191070.54060833203,-1.0012404250019087,0.0997147890894901
published_vector_plot_digitization,2,8,right,figure2_mg_si_o_1_1_4,false,gas_mixing_ratio,H2O,0,non_convective,8,266.776421,334.480519,5.272421113746595,187249.69274556704,-1.0054269566902168,0.09875817216050395
published_vector_plot_digitization,2,8,right,figure2_mg_si_o_1_1_4,false,gas_mixing_ratio,H2O,0,non_convective,9,266.873222,334.469764,5.2681914279015745,185434.8801374803,-1.0075200279205945,0.09828335476114938
published_vector_plot_digitization,2,8,right,figure2_mg_si_o_1_1_4,false,gas_mixing_ratio,H2O,0,non_convective,10,266.973607,334.462594,5.2638051404298265,183571.45087958133,-1.0089154087408387,0.09796807876511714
published_vector_plot_digitization,2,8,right,figure2_mg_si_o_1_1_4,false,gas_mixing_ratio,H2O,0,non_convective,11,267.073993,334.451838,5.259418809263431,181726.7288798381,-1.0110086745849984,0.09749701634979996
published_vector_plot_digitization,2,8,right,figure2_mg_si_o_1_1_4,false,gas_mixing_ratio,H2O,1,convective,0,267.174378,334.444668,5.255032521791684,179900.56271689275,-1.012404055405254,0.09718426279132807
published_vector_plot_digitization,2,8,right,figure2_mg_si_o_1_1_4,false,gas_mixing_ratio,H2O,1,convective,1,267.475535,334.433912,5.241873571987142,174531.39984061095,-1.0144973212494026,0.09671696921837948
published_vector_plot_digitization,2,8,right,figure2_mg_si_o_1_1_4,false,gas_mixing_ratio,H2O,1,convective,2,267.572335,334.430327,5.237643929836769,172839.86954163155,-1.0151950116595359,0.09656171896325895
published_vector_plot_digitization,2,8,right,figure2_mg_si_o_1_1_4,false,gas_mixing_ratio,H2O,1,convective,3,267.67272,334.426742,5.233257642365021,171103.00714769287,-1.015892702069658,0.09640671791613312
published_vector_plot_digitization,2,8,right,figure2_mg_si_o_1_1_4,false,gas_mixing_ratio,H2O,1,convective,4,267.773106,334.426742,5.228871311198626,169383.58138734102,-1.015892702069658,0.09640671791613312
published_vector_plot_digitization,2,8,right,figure2_mg_si_o_1_1_4,false,gas_mixing_ratio,H2O,1,convective,5,268.074262,334.415986,5.215712405088735,164328.3161398403,-1.0179859679138177,0.09594316303206464
published_vector_plot_digitization,2,8,right,figure2_mg_si_o_1_1_4,false,gas_mixing_ratio,H2O,1,convective,6,268.174648,334.415986,5.211326073922336,162676.96971036217,-1.0179859679138177,0.09594316303206464
published_vector_plot_digitization,2,8,right,figure2_mg_si_o_1_1_4,false,gas_mixing_ratio,H2O,1,convective,7,268.275033,334.412401,5.206939786450589,161042.23397607193,-1.0186836583239398,0.09578915489204601
published_vector_plot_digitization,2,8,right,figure2_mg_si_o_1_1_4,false,gas_mixing_ratio,H2O,1,convective,8,268.371834,334.408816,5.202710100605568,159481.42246087542,-1.0193813487340622,0.09563539396617414
published_vector_plot_digitization,2,8,right,figure2_mg_si_o_1_1_4,false,gas_mixing_ratio,H2O,1,convective,9,268.472219,334.408816,5.19832381313382,157878.79868003866,-1.0193813487340622,0.09563539396617414
published_vector_plot_digitization,2,8,right,figure2_mg_si_o_1_1_4,false,gas_mixing_ratio,H2O,1,convective,10,268.572605,334.40523,5.193937481967422,156292.26389032742,-1.020079233757966,0.09548183707078732
published_vector_plot_digitization,2,8,right,figure2_mg_si_o_1_1_4,false,gas_mixing_ratio,H2O,1,convective,11,268.67299,334.40523,5.1895511944956745,154721.6878633115,-1.020079233757966,0.09548183707078732
published_vector_plot_digitization,2,8,right,figure2_mg_si_o_1_1_4,false,gas_mixing_ratio,H2O,1,convective,12,268.773375,334.401645,5.185164907023929,153166.89450522224,-1.0207769241680995,0.09532856945203935
published_vector_plot_digitization,2,8,right,figure2_mg_si_o_1_1_4,false,gas_mixing_ratio,H2O,1,convective,13,268.873761,334.401645,5.1807785758575315,151627.7099611528,-1.0207769241680995,0.09532856945203935
published_vector_plot_digitization,2,8,right,figure2_mg_si_o_1_1_4,false,gas_mixing_ratio,H2O,1,convective,14,268.974146,334.39806,5.176392288385784,150104.00788935085,-1.0214746145782216,0.0951755478587546
published_vector_plot_digitization,2,8,right,figure2_mg_si_o_1_1_4,false,gas_mixing_ratio,H2O,1,convective,15,269.070947,334.39806,5.172162602540762,148649.2089946357,-1.0214746145782216,0.0951755478587546
published_vector_plot_digitization,2,8,right,figure2_mg_si_o_1_1_4,false,gas_mixing_ratio,H2O,1,convective,16,269.171332,334.394475,5.167776315069014,147155.43778504033,-1.0221723049883438,0.09502277189601004
published_vector_plot_digitization,2,8,right,figure2_mg_si_o_1_1_4,false,gas_mixing_ratio,H2O,1,convective,17,269.271718,334.394475,5.163389983902617,145676.66277856016,-1.0221723049883438,0.09502277189601004
published_vector_plot_digitization,2,8,right,figure2_mg_si_o_1_1_4,false,gas_mixing_ratio,H2O,1,convective,18,269.372103,334.39089,5.159003696430871,144212.762592073,-1.0228699953984661,0.09487024116951905
published_vector_plot_digitization,2,8,right,figure2_mg_si_o_1_1_4,false,gas_mixing_ratio,H2O,1,convective,19,269.572874,334.39089,5.150231077792726,141328.93223298687,-1.0228699953984661,0.09487024116951905
published_vector_plot_digitization,2,8,right,figure2_mg_si_o_1_1_4,false,gas_mixing_ratio,H2O,1,convective,20,269.67326,334.387304,5.145844746626328,139908.70817722377,-1.0235678804223813,0.09471791284111818
published_vector_plot_digitization,2,8,right,figure2_mg_si_o_1_1_4,false,gas_mixing_ratio,H2O,1,convective,21,269.970831,334.387304,5.132842485837814,135782.08895348804,-1.0235678804223813,0.09471791284111818
published_vector_plot_digitization,2,8,right,figure2_mg_si_o_1_1_4,false,gas_mixing_ratio,H2O,1,convective,22,270.071216,334.383719,5.128456198366067,134417.61902708083,-1.0242655708325035,0.09456587147493732
published_vector_plot_digitization,2,8,right,figure2_mg_si_o_1_1_4,false,gas_mixing_ratio,H2O,1,convective,23,270.372373,334.383719,5.115297248561525,130405.90233704391,-1.0242655708325035,0.09456587147493732
published_vector_plot_digitization,2,8,right,figure2_mg_si_o_1_1_4,false,gas_mixing_ratio,H2O,1,convective,24,270.472758,334.380134,5.110910961089777,129095.45754026457,-1.0249632612426256,0.09441407416583433
published_vector_plot_digitization,2,8,right,figure2_mg_si_o_1_1_4,false,gas_mixing_ratio,H2O,1,convective,25,270.9711,334.380134,5.089136081663118,122782.38967494135,-1.0249632612426256,0.09441407416583433
published_vector_plot_digitization,2,8,right,figure2_mg_si_o_1_1_4,false,gas_mixing_ratio,H2O,1,convective,26,271.071486,334.376549,5.084749750496719,121548.54108721553,-1.025660951652748,0.0942625205220483
published_vector_plot_digitization,2,8,right,figure2_mg_si_o_1_1_4,false,gas_mixing_ratio,H2O,2,non_convective,0,271.171871,334.376549,5.080363463024972,120327.10363408439,-1.025660951652748,0.0942625205220483
published_vector_plot_digitization,2,8,right,figure2_mg_si_o_1_1_4,false,gas_mixing_ratio,H2O,2,non_convective,1,271.268672,334.365793,5.076133777179951,119160.90068032862,-1.0277542174969074,0.09380927563707454
published_vector_plot_digitization,2,8,right,figure2_mg_si_o_1_1_4,false,gas_mixing_ratio,H2O,2,non_convective,2,271.369057,334.344282,5.071747489708203,117963.45655028851,-1.0319405545714337,0.09290935506902723
published_vector_plot_digitization,2,8,right,figure2_mg_si_o_1_1_4,false,gas_mixing_ratio,H2O,2,non_convective,3,271.469443,334.319186,5.0673611585418055,116778.0337494037,-1.0368245820560933,0.09187035994797331
published_vector_plot_digitization,2,8,right,figure2_mg_si_o_1_1_4,false,gas_mixing_ratio,H2O,2,non_convective,4,271.870985,334.233141,5.049815921265516,112154.2979755838,-1.0535701249680023,0.08839544266991677
published_vector_plot_digitization,2,8,right,figure2_mg_si_o_1_1_4,false,gas_mixing_ratio,H2O,2,non_convective,5,271.967785,334.215215,5.045586279115145,111067.31653064268,-1.0570587716324065,0.08768821475600888
published_vector_plot_digitization,2,8,right,figure2_mg_si_o_1_1_4,false,gas_mixing_ratio,H2O,3,convective,0,272.06817,334.197289,5.041199991643397,109951.20457227713,-1.0605474182968104,0.08698664518043958
published_vector_plot_digitization,2,8,right,figure2_mg_si_o_1_1_4,false,gas_mixing_ratio,H2O,3,convective,1,275.165779,334.014444,4.9058510495796375,80510.22670981617,-1.096131575350995,0.080143522103041
published_vector_plot_digitization,2,8,right,figure2_mg_si_o_1_1_4,false,gas_mixing_ratio,H2O,3,convective,2,280.85907,333.960666,4.6570846902001515,45403.01467989144,-1.1065975153442182,0.07823525179601852
published_vector_plot_digitization,2,8,right,figure2_mg_si_o_1_1_4,false,gas_mixing_ratio,H2O,3,convective,3,298.641641,333.960666,3.8800814686755105,7587.198888502499,-1.1065975153442182,0.07823525179601852
published_vector_plot_digitization,2,8,right,figure2_mg_si_o_1_1_4,false,gas_mixing_ratio,H2O,4,non_convective,0,298.742027,333.960666,3.8756951375091124,7510.954610653236,-1.1065975153442182,0.07823525179601852
published_vector_plot_digitization,2,8,right,figure2_mg_si_o_1_1_4,false,gas_mixing_ratio,H2O,4,non_convective,1,456.074756,333.939155,-2.9989034390557254,0.001002528115191211,-1.1107838524187446,0.07748473419784434
published_vector_plot_digitization,2,8,right,figure2_mg_si_o_1_1_4,false,gas_mixing_ratio,SiO,0,non_convective,0,265.776152,324.287808,5.3161275179212915,207074.92747293352,-2.989068997937965,0.0010254889901569972
published_vector_plot_digitization,2,8,right,figure2_mg_si_o_1_1_4,false,gas_mixing_ratio,SiO,0,non_convective,1,265.876537,324.198178,5.311741230449546,204994.03806235414,-3.0065122312599963,0.0009851168980568995
published_vector_plot_digitization,2,8,right,figure2_mg_si_o_1_1_4,false,gas_mixing_ratio,SiO,0,non_convective,2,266.077308,324.026089,5.302968611811401,200894.76127318345,-3.0400031224700217,0.0009120042822468817
published_vector_plot_digitization,2,8,right,figure2_mg_si_o_1_1_4,false,gas_mixing_ratio,SiO,0,non_convective,3,266.174109,323.943629,5.298738925966379,198947.70149267625,-3.0560509749718086,0.0008789193483120016
published_vector_plot_digitization,2,8,right,figure2_mg_si_o_1_1_4,false,gas_mixing_ratio,SiO,0,non_convective,4,266.37488,323.77871,5.289966307328234,194969.33362063245,-3.088146485361589,0.0008163069886447489
published_vector_plot_digitization,2,8,right,figure2_mg_si_o_1_1_4,false,gas_mixing_ratio,SiO,0,non_convective,5,266.57565,323.628132,5.281193732384741,191070.54060833203,-3.117451039497088,0.0007630429085076771
published_vector_plot_digitization,2,8,right,figure2_mg_si_o_1_1_4,false,gas_mixing_ratio,SiO,0,non_convective,6,266.676036,323.556428,5.276807401218343,189150.45974567952,-3.1314056261547147,0.000738914814552739
published_vector_plot_digitization,2,8,right,figure2_mg_si_o_1_1_4,false,gas_mixing_ratio,SiO,0,non_convective,7,266.776421,323.488309,5.272421113746595,187249.69274556704,-3.144662522402209,0.0007167001206808374
published_vector_plot_digitization,2,8,right,figure2_mg_si_o_1_1_4,false,gas_mixing_ratio,SiO,0,non_convective,8,266.873222,323.420191,5.2681914279015745,185434.8801374803,-3.157919224035932,0.0006951535996380113
published_vector_plot_digitization,2,8,right,figure2_mg_si_o_1_1_4,false,gas_mixing_ratio,SiO,0,non_convective,9,267.073993,323.298294,5.259418809263431,181726.7288798381,-3.181642060276649,0.0006582000936086573
published_vector_plot_digitization,2,8,right,figure2_mg_si_o_1_1_4,false,gas_mixing_ratio,SiO,1,convective,0,267.174378,323.240931,5.255032521791684,179900.56271689275,-3.192805690679995,0.000641496526750238
published_vector_plot_digitization,2,8,right,figure2_mg_si_o_1_1_4,false,gas_mixing_ratio,SiO,1,convective,1,267.475535,323.230175,5.241873571987142,174531.39984061095,-3.1948989565241543,0.0006384120026162799
published_vector_plot_digitization,2,8,right,figure2_mg_si_o_1_1_4,false,gas_mixing_ratio,SiO,1,convective,2,267.572335,323.22659,5.237643929836769,172839.86954163155,-3.195596646934276,0.0006373872225070856
published_vector_plot_digitization,2,8,right,figure2_mg_si_o_1_1_4,false,gas_mixing_ratio,SiO,1,convective,3,267.973877,323.22659,5.22009869256048,165996.40881290485,-3.195596646934276,0.0006373872225070856
published_vector_plot_digitization,2,8,right,figure2_mg_si_o_1_1_4,false,gas_mixing_ratio,SiO,1,convective,4,268.275033,323.237346,5.206939786450589,161042.23397607193,-3.193503381090117,0.0006404667953572861
published_vector_plot_digitization,2,8,right,figure2_mg_si_o_1_1_4,false,gas_mixing_ratio,SiO,1,convective,5,268.371834,323.240931,5.202710100605568,159481.42246087542,-3.192805690679995,0.000641496526750238
published_vector_plot_digitization,2,8,right,figure2_mg_si_o_1_1_4,false,gas_mixing_ratio,SiO,1,convective,6,268.773375,323.269612,5.185164907023929,153166.89450522224,-3.187223972785213,0.0006497944942424417
published_vector_plot_digitization,2,8,right,figure2_mg_si_o_1_1_4,false,gas_mixing_ratio,SiO,1,convective,7,268.873761,323.280368,5.1807785758575315,151627.7099611528,-3.1851307069410533,0.000652934013536237
published_vector_plot_digitization,2,8,right,figure2_mg_si_o_1_1_4,false,gas_mixing_ratio,SiO,1,convective,8,268.974146,323.287538,5.176392288385784,150104.00788935085,-3.183735326120809,0.0006550352532875495
published_vector_plot_digitization,2,8,right,figure2_mg_si_o_1_1_4,false,gas_mixing_ratio,SiO,1,convective,9,269.070947,323.298294,5.172162602540762,148649.2089946357,-3.181642060276649,0.0006582000936086573
published_vector_plot_digitization,2,8,right,figure2_mg_si_o_1_1_4,false,gas_mixing_ratio,SiO,1,convective,10,269.271718,323.319805,5.163389983902617,145676.66277856016,-3.177455723202123,0.0006645754236460789
published_vector_plot_digitization,2,8,right,figure2_mg_si_o_1_1_4,false,gas_mixing_ratio,SiO,1,convective,11,269.372103,323.334146,5.159003696430871,144212.762592073,-3.174664766947841,0.0006688600131575264
published_vector_plot_digitization,2,8,right,figure2_mg_si_o_1_1_4,false,gas_mixing_ratio,SiO,1,convective,12,269.472489,323.344902,5.154617365264474,142763.55872882105,-3.1725715011036817,0.000672091648597288
published_vector_plot_digitization,2,8,right,figure2_mg_si_o_1_1_4,false,gas_mixing_ratio,SiO,1,convective,13,269.67326,323.373583,5.145844746626328,139908.70817722377,-3.1669897832088996,0.0006807853740023106
published_vector_plot_digitization,2,8,right,figure2_mg_si_o_1_1_4,false,gas_mixing_ratio,SiO,1,convective,14,269.77006,323.387924,5.1416151044759575,138552.7354457335,-3.164198826954618,0.0006851744708139166
published_vector_plot_digitization,2,8,right,figure2_mg_si_o_1_1_4,false,gas_mixing_ratio,SiO,1,convective,15,269.970831,323.416605,5.132842485837814,135782.08895348804,-3.1586171090598363,0.0006940374268054389
published_vector_plot_digitization,2,8,right,figure2_mg_si_o_1_1_4,false,gas_mixing_ratio,SiO,1,convective,16,270.071216,323.434531,5.128456198366067,134417.61902708083,-3.155128462395432,0.0006996350164347792
published_vector_plot_digitization,2,8,right,figure2_mg_si_o_1_1_4,false,gas_mixing_ratio,SiO,1,convective,17,270.171602,323.448872,5.124069867199668,133066.8472279563,-3.15233750614115,0.0007041456389263721
published_vector_plot_digitization,2,8,right,figure2_mg_si_o_1_1_4,false,gas_mixing_ratio,SiO,1,convective,18,270.271987,323.466798,5.119683579727921,131729.66267995187,-3.1488488594767463,0.0007098247538757506
published_vector_plot_digitization,2,8,right,figure2_mg_si_o_1_1_4,false,gas_mixing_ratio,SiO,1,convective,19,270.372373,323.481139,5.115297248561525,130405.90233704391,-3.1460579032224643,0.0007144010707048266
published_vector_plot_digitization,2,8,right,figure2_mg_si_o_1_1_4,false,gas_mixing_ratio,SiO,1,convective,20,270.472758,323.499065,5.110910961089777,129095.45754026457,-3.1425692565580605,0.0007201628983384932
published_vector_plot_digitization,2,8,right,figure2_mg_si_o_1_1_4,false,gas_mixing_ratio,SiO,1,convective,21,270.569559,323.516991,5.106681275244754,127844.27223493386,-3.1390806098936452,0.0007259711965879739
published_vector_plot_digitization,2,8,right,figure2_mg_si_o_1_1_4,false,gas_mixing_ratio,SiO,1,convective,22,271.071486,323.606621,5.084749750496719,121548.54108721553,-3.1216373765716146,0.0007557229712945877
published_vector_plot_digitization,2,8,right,figure2_mg_si_o_1_1_4,false,gas_mixing_ratio,SiO,2,non_convective,0,271.171871,323.624547,5.080363463024972,120327.10363408439,-3.11814872990721,0.0007618180706413832
published_vector_plot_digitization,2,8,right,figure2_mg_si_o_1_1_4,false,gas_mixing_ratio,SiO,2,non_convective,1,271.268672,323.556428,5.076133777179951,119160.90068032862,-3.1314056261547147,0.000738914814552739
published_vector_plot_digitization,2,8,right,figure2_mg_si_o_1_1_4,false,gas_mixing_ratio,SiO,2,non_convective,2,271.369057,323.384339,5.071747489708203,117963.45655028851,-3.16489651736474,0.0006840746275056129
published_vector_plot_digitization,2,8,right,figure2_mg_si_o_1_1_4,false,gas_mixing_ratio,SiO,2,non_convective,3,271.569828,323.025819,5.06297487107006,115604.53497394631,-3.234669450652865,0.0005825464356564747
published_vector_plot_digitization,2,8,right,figure2_mg_si_o_1_1_4,false,gas_mixing_ratio,SiO,2,non_convective,4,271.670214,322.842974,5.058588539903662,114442.81713647851,-3.27025360770705,0.0005367182864132442
published_vector_plot_digitization,2,8,right,figure2_mg_si_o_1_1_4,false,gas_mixing_ratio,SiO,2,non_convective,5,271.770599,322.656544,5.054202252431915,113292.784879061,-3.3065354551713675,0.0004937016115211792
published_vector_plot_digitization,2,8,right,figure2_mg_si_o_1_1_4,false,gas_mixing_ratio,SiO,2,non_convective,6,271.870985,322.466529,5.049815921265516,112154.2979755838,-3.3435149930458077,0.00045340364476189986
published_vector_plot_digitization,2,8,right,figure2_mg_si_o_1_1_4,false,gas_mixing_ratio,SiO,2,non_convective,7,271.967785,322.269343,5.045586279115145,111067.31653064268,-3.3818901063542746,0.00041505905567123857
published_vector_plot_digitization,2,8,right,figure2_mg_si_o_1_1_4,false,gas_mixing_ratio,SiO,3,convective,0,272.06817,322.072157,5.041199991643397,109951.20457227713,-3.4202652196627414,0.0003799572890181953
published_vector_plot_digitization,2,8,right,figure2_mg_si_o_1_1_4,false,gas_mixing_ratio,SiO,3,convective,1,274.16551,320.143322,4.949557453754334,89034.32156451057,-3.795643094757019,0.0001600873093196979
published_vector_plot_digitization,2,8,right,figure2_mg_si_o_1_1_4,false,gas_mixing_ratio,SiO,3,convective,2,276.46362,317.708974,4.849142340921775,70654.9089254728,-4.269400766864798,5.3777329637786885e-05
published_vector_plot_digitization,2,8,right,figure2_mg_si_o_1_1_4,false,gas_mixing_ratio,SiO,3,convective,3,278.962502,314.740432,4.739954565756422,54948.338598021124,-4.847119953880862,1.4219359884457986e-05
published_vector_plot_digitization,2,8,right,figure2_mg_si_o_1_1_4,false,gas_mixing_ratio,SiO,3,convective,4,281.558183,311.31657,4.626537192135346,42319.1749483763,-5.5134506883273255,3.0658387682492208e-06
published_vector_plot_digitization,2,8,right,figure2_mg_si_o_1_1_4,false,gas_mixing_ratio,SiO,3,convective,5,284.257836,307.38361,4.508576798331847,32253.496226039966,-6.278858910197424,5.261881820526256e-07
published_vector_plot_digitization,2,8,right,figure2_mg_si_o_1_1_4,false,gas_mixing_ratio,SiO,3,convective,6,286.953903,303.038353,4.390773093544373,24590.82468138933,-7.124505810735077,7.507480092606138e-08
published_vector_plot_digitization,2,8,right,figure2_mg_si_o_1_1_4,false,gas_mixing_ratio,SiO,3,convective,7,288.950857,299.453157,4.303516886821708,20114.85409959341,-7.8222343651612,1.5057942514576886e-08
published_vector_plot_digitization,2,8,right,figure2_mg_si_o_1_1_4,false,gas_mixing_ratio,SiO,3,convective,8,290.051512,296.961446,4.2554241514806135,18006.28631383984,-8.307155667672314,4.929970633697186e-09
published_vector_plot_digitization,2,8,right,figure2_mg_si_o_1_1_4,false,gas_mixing_ratio,SiO,3,convective,9,290.851011,294.56295,4.22049032224941,16614.616536014342,-8.773936046451286,1.682921867353691e-09
published_vector_plot_digitization,2,8,right,figure2_mg_si_o_1_1_4,false,gas_mixing_ratio,SiO,3,convective,10,291.74731,291.063799,4.181326850867836,15181.925322465657,-9.454919057965498,3.508172517487181e-10
published_vector_plot_digitization,2,8,right,figure2_mg_si_o_1_1_4,false,gas_mixing_ratio,SiO,3,convective,11,293.346307,283.710563,4.111459236100082,12925.853700144688,-10.885960129258157,1.3002889465893697e-11
published_vector_plot_digitization,2,8,right,figure2_mg_si_o_1_1_4,false,gas_mixing_ratio,SiO,3,convective,12,294.644148,277.888205,4.054750527442222,11343.590165997675,-12.01907124248358,9.570370642574309e-13
published_vector_plot_digitization,2,8,right,figure2_mg_si_o_1_1_4,false,gas_mixing_ratio,SiO,3,convective,13,297.3438,270.73574,3.936790177333373,8645.501238280931,-13.411039510057638,3.881150555126172e-14
published_vector_plot_digitization,2,8,right,figure2_mg_si_o_1_1_4,false,gas_mixing_ratio,SiO,3,convective,14,298.641641,267.068084,3.8800814686755105,7587.198888502499,-14.124815916985549,7.502121319686814e-15
published_vector_plot_digitization,2,8,right,figure2_mg_si_o_1_1_4,false,gas_mixing_ratio,SiO,4,non_convective,0,298.742027,266.777683,3.8756951375091124,7510.954610653236,-14.181331954026168,6.586702466076467e-15
published_vector_plot_digitization,2,8,right,figure2_mg_si_o_1_1_4,false,gas_mixing_ratio,SiO,4,non_convective,1,304.334932,250.938289,3.631315109296024,4278.7322380242895,-17.26389633226541,5.4463264319801e-18
published_vector_plot_digitization,2,8,right,figure2_mg_si_o_1_1_4,false,gas_mixing_ratio,SiO,4,non_convective,2,305.8056326711008,247.155907,3.567053357756059,3690.2293422831754,-18.0,1e-18
published_vector_plot_digitization,2,8,right,figure2_mg_si_o_1_1_4,false,gas_mixing_ratio,CO2,0,non_convective,0,265.776152,306.788468,5.3161275179212915,207074.92747293352,-6.394681745919163,4.030122563856377e-07
published_vector_plot_digitization,2,8,right,figure2_mg_si_o_1_1_4,false,gas_mixing_ratio,CO2,0,non_convective,1,265.876537,306.713179,5.311741230449546,204994.03806235414,-6.409334022986913,3.8964219122246065e-07
published_vector_plot_digitization,2,8,right,figure2_mg_si_o_1_1_4,false,gas_mixing_ratio,CO2,0,non_convective,2,266.077308,306.569771,5.302968611811401,200894.76127318345,-6.437243196302167,3.6539012308640285e-07
published_vector_plot_digitization,2,8,right,figure2_mg_si_o_1_1_4,false,gas_mixing_ratio,CO2,0,non_convective,3,266.174109,306.501652,5.298738925966379,198947.70149267625,-6.450500092549673,3.544050547560283e-07
published_vector_plot_digitization,2,8,right,figure2_mg_si_o_1_1_4,false,gas_mixing_ratio,CO2,0,non_convective,4,266.274494,306.429948,5.294352638494631,196948.4823194638,-6.464454679207289,3.431984523960436e-07
published_vector_plot_digitization,2,8,right,figure2_mg_si_o_1_1_4,false,gas_mixing_ratio,CO2,0,non_convective,5,266.37488,306.361829,5.289966307328234,194969.33362063245,-6.477711575454794,3.3288055321857235e-07
published_vector_plot_digitization,2,8,right,figure2_mg_si_o_1_1_4,false,gas_mixing_ratio,CO2,0,non_convective,6,266.475265,306.297296,5.285580019856488,193010.09294060414,-6.490270586678384,3.2339210506800875e-07
published_vector_plot_digitization,2,8,right,figure2_mg_si_o_1_1_4,false,gas_mixing_ratio,CO2,0,non_convective,7,266.57565,306.229177,5.281193732384741,191070.54060833203,-6.503527482925889,3.1366966281459446e-07
published_vector_plot_digitization,2,8,right,figure2_mg_si_o_1_1_4,false,gas_mixing_ratio,CO2,0,non_convective,8,266.676036,306.164644,5.276807401218343,189150.45974567952,-6.516086494149478,3.047288030880522e-07
published_vector_plot_digitization,2,8,right,figure2_mg_si_o_1_1_4,false,gas_mixing_ratio,CO2,0,non_convective,9,266.776421,306.103695,5.272421113746595,187249.69274556704,-6.527948009576728,2.9651863377727436e-07
published_vector_plot_digitization,2,8,right,figure2_mg_si_o_1_1_4,false,gas_mixing_ratio,CO2,0,non_convective,10,266.873222,306.039162,5.2681914279015745,185434.8801374803,-6.540507020800328,2.880666480572596e-07
published_vector_plot_digitization,2,8,right,figure2_mg_si_o_1_1_4,false,gas_mixing_ratio,CO2,0,non_convective,11,267.073993,305.917265,5.259418809263431,181726.7288798381,-6.564229857041046,2.727533811456255e-07
published_vector_plot_digitization,2,8,right,figure2_mg_si_o_1_1_4,false,gas_mixing_ratio,CO2,1,convective,0,267.174378,305.856317,5.255032521791684,179900.56271689275,-6.576091177854513,2.654048299924244e-07
published_vector_plot_digitization,2,8,right,figure2_mg_si_o_1_1_4,false,gas_mixing_ratio,CO2,1,convective,1,267.274764,305.852732,5.250646190625285,178092.72972205555,-6.576788868264636,2.649788016759985e-07
published_vector_plot_digitization,2,8,right,figure2_mg_si_o_1_1_4,false,gas_mixing_ratio,CO2,1,convective,2,267.375149,305.845561,5.246259903153538,176303.08150195229,-6.578184443698674,2.641286771696987e-07
published_vector_plot_digitization,2,8,right,figure2_mg_si_o_1_1_4,false,gas_mixing_ratio,CO2,1,convective,3,267.475535,305.841976,5.241873571987142,174531.39984061095,-6.578882134108795,2.637046973361084e-07
published_vector_plot_digitization,2,8,right,figure2_mg_si_o_1_1_4,false,gas_mixing_ratio,CO2,1,convective,4,267.572335,305.838391,5.237643929836769,172839.86954163155,-6.579579824518918,2.632813980757185e-07
published_vector_plot_digitization,2,8,right,figure2_mg_si_o_1_1_4,false,gas_mixing_ratio,CO2,1,convective,5,267.873491,305.827635,5.224485023726878,167681.4511239792,-6.5816730903630765,2.6201545540491334e-07
published_vector_plot_digitization,2,8,right,figure2_mg_si_o_1_1_4,false,gas_mixing_ratio,CO2,1,convective,6,267.973877,305.827635,5.22009869256048,165996.40881290485,-6.5816730903630765,2.6201545540491334e-07
published_vector_plot_digitization,2,8,right,figure2_mg_si_o_1_1_4,false,gas_mixing_ratio,CO2,1,convective,7,268.174648,305.820465,5.211326073922336,162676.96971036217,-6.583068471183322,2.6117495516070177e-07
published_vector_plot_digitization,2,8,right,figure2_mg_si_o_1_1_4,false,gas_mixing_ratio,CO2,1,convective,8,268.275033,305.820465,5.206939786450589,161042.23397607193,-6.583068471183322,2.6117495516070177e-07
published_vector_plot_digitization,2,8,right,figure2_mg_si_o_1_1_4,false,gas_mixing_ratio,CO2,1,convective,9,268.371834,305.81688,5.202710100605568,159481.42246087542,-6.583766161593443,2.607557166470592e-07
published_vector_plot_digitization,2,8,right,figure2_mg_si_o_1_1_4,false,gas_mixing_ratio,CO2,1,convective,10,268.472219,305.81688,5.19832381313382,157878.79868003866,-6.583766161593443,2.607557166470592e-07
published_vector_plot_digitization,2,8,right,figure2_mg_si_o_1_1_4,false,gas_mixing_ratio,CO2,1,convective,11,268.572605,305.813294,5.193937481967422,156292.26389032742,-6.5844640466173585,2.6033703443493284e-07
published_vector_plot_digitization,2,8,right,figure2_mg_si_o_1_1_4,false,gas_mixing_ratio,CO2,1,convective,12,268.773375,305.813294,5.185164907023929,153166.89450522224,-6.5844640466173585,2.6033703443493284e-07
published_vector_plot_digitization,2,8,right,figure2_mg_si_o_1_1_4,false,gas_mixing_ratio,CO2,1,convective,13,268.873761,305.809709,5.1807785758575315,151627.7099611528,-6.585161737027481,2.599191409531647e-07
published_vector_plot_digitization,2,8,right,figure2_mg_si_o_1_1_4,false,gas_mixing_ratio,CO2,1,convective,14,270.770329,305.809709,5.097908700301261,125287.77606194034,-6.585161737027481,2.599191409531647e-07
published_vector_plot_digitization,2,8,right,figure2_mg_si_o_1_1_4,false,gas_mixing_ratio,CO2,1,convective,15,270.870715,305.806124,5.093522369134863,124028.75067595007,-6.585859427437604,2.595019182747745e-07
published_vector_plot_digitization,2,8,right,figure2_mg_si_o_1_1_4,false,gas_mixing_ratio,CO2,1,convective,16,271.071486,305.806124,5.084749750496719,121548.54108721553,-6.585859427437604,2.595019182747745e-07
published_vector_plot_digitization,2,8,right,figure2_mg_si_o_1_1_4,false,gas_mixing_ratio,CO2,2,non_convective,0,271.171871,305.806124,5.080363463024972,120327.10363408439,-6.585859427437604,2.595019182747745e-07
published_vector_plot_digitization,2,8,right,figure2_mg_si_o_1_1_4,false,gas_mixing_ratio,CO2,2,non_convective,1,271.268672,305.738005,5.076133777179951,119160.90068032862,-6.5991163236851085,2.5170026704229884e-07
published_vector_plot_digitization,2,8,right,figure2_mg_si_o_1_1_4,false,gas_mixing_ratio,CO2,2,non_convective,2,271.369057,305.63762,5.071747489708203,117963.45655028851,-6.618652628237506,2.406286706225248e-07
published_vector_plot_digitization,2,8,right,figure2_mg_si_o_1_1_4,false,gas_mixing_ratio,CO2,2,non_convective,3,271.469443,305.533649,5.0673611585418055,116778.0337494037,-6.638886817813819,2.296747129101284e-07
published_vector_plot_digitization,2,8,right,figure2_mg_si_o_1_1_4,false,gas_mixing_ratio,CO2,2,non_convective,4,271.569828,305.433264,5.06297487107006,115604.53497394631,-6.658423122366228,2.1957195950803312e-07
published_vector_plot_digitization,2,8,right,figure2_mg_si_o_1_1_4,false,gas_mixing_ratio,CO2,2,non_convective,5,271.670214,305.329293,5.058588539903662,114442.81713647851,-6.678657311942541,2.0957655059413798e-07
published_vector_plot_digitization,2,8,right,figure2_mg_si_o_1_1_4,false,gas_mixing_ratio,CO2,2,non_convective,6,271.770599,305.228908,5.054202252431915,113292.784879061,-6.69819361649495,2.0035785959116837e-07
published_vector_plot_digitization,2,8,right,figure2_mg_si_o_1_1_4,false,gas_mixing_ratio,CO2,2,non_convective,7,271.870985,305.132107,5.049815921265516,112154.2979755838,-6.717032425251007,1.9185254945649755e-07
published_vector_plot_digitization,2,8,right,figure2_mg_si_o_1_1_4,false,gas_mixing_ratio,CO2,2,non_convective,8,271.967785,305.031722,5.045586279115145,111067.31653064268,-6.736568729803417,1.834134880893861e-07
published_vector_plot_digitization,2,8,right,figure2_mg_si_o_1_1_4,false,gas_mixing_ratio,CO2,3,convective,0,272.06817,304.934922,5.041199991643397,109951.20457227713,-6.755407343945704,1.7562755528972232e-07
published_vector_plot_digitization,2,8,right,figure2_mg_si_o_1_1_4,false,gas_mixing_ratio,CO2,3,convective,1,274.265895,304.476016,4.945171166282586,88139.61847716536,-6.844716776400008,1.429826110535094e-07
published_vector_plot_digitization,2,8,right,figure2_mg_si_o_1_1_4,false,gas_mixing_ratio,CO2,3,convective,2,278.46416,303.8988,4.761729445183081,57773.60198941172,-6.957050965457356,1.1039490613361829e-07
published_vector_plot_digitization,2,8,right,figure2_mg_si_o_1_1_4,false,gas_mixing_ratio,CO2,3,convective,3,282.357682,303.24988,4.591603362904142,39048.410740162064,-7.083339741172319,8.253920068537887e-08
published_vector_plot_digitization,2,8,right,figure2_mg_si_o_1_1_4,false,gas_mixing_ratio,CO2,3,convective,4,285.756448,302.457551,4.443095471035841,27739.298311362585,-7.237537884816318,5.787115033989004e-08
published_vector_plot_digitization,2,8,right,figure2_mg_si_o_1_1_4,false,gas_mixing_ratio,CO2,3,convective,5,289.051242,301.457282,4.29913059934996,19912.72056560152,-7.432204018385379,3.6965448651094716e-08
published_vector_plot_digitization,2,8,right,figure2_mg_si_o_1_1_4,false,gas_mixing_ratio,CO2,3,convective,6,292.249237,300.256241,4.159395326119802,14434.286664401014,-7.6659431502868225,2.1580268791928757e-08
published_vector_plot_digitization,2,8,right,figure2_mg_si_o_1_1_4,false,gas_mixing_ratio,CO2,3,convective,7,295.443646,298.814992,4.019816741905668,10466.867871967834,-7.9464300696457855,1.131279533968123e-08
published_vector_plot_digitization,2,8,right,figure2_mg_si_o_1_1_4,false,gas_mixing_ratio,CO2,3,convective,8,298.541256,297.172973,3.884467756147258,7664.2163567776015,-8.265989598109565,5.420138721493314e-09
published_vector_plot_digitization,2,8,right,figure2_mg_si_o_1_1_4,false,gas_mixing_ratio,CO2,3,convective,9,298.641641,297.11561,3.8800814686755105,7587.198888502499,-8.27715322851291,5.282588377159578e-09
published_vector_plot_digitization,2,8,right,figure2_mg_si_o_1_1_4,false,gas_mixing_ratio,CO2,4,non_convective,0,298.742027,297.058247,3.8756951375091124,7510.954610653236,-8.288316858916255,5.1485287363296664e-09
published_vector_plot_digitization,2,8,right,figure2_mg_si_o_1_1_4,false,gas_mixing_ratio,CO2,4,non_convective,1,303.83659,294.254623,3.6530899887226838,4498.730619451028,-8.833940730156321,1.4657478635732292e-09
published_vector_plot_digitization,2,8,right,figure2_mg_si_o_1_1_4,false,gas_mixing_ratio,CO2,4,non_convective,2,306.633042,292.967538,3.5308999964634644,3395.4707721903233,-9.08442521035588,8.233316102548113e-10
published_vector_plot_digitization,2,8,right,figure2_mg_si_o_1_1_4,false,gas_mixing_ratio,CO2,4,non_convective,3,309.031538,292.107091,3.4260985524645076,2667.463911256093,-9.251880055633592,5.599122178807814e-10
published_vector_plot_digitization,2,8,right,figure2_mg_si_o_1_1_4,false,gas_mixing_ratio,CO2,4,non_convective,4,311.229263,291.562141,3.330069727103696,2138.305372408799,-9.357934836386034,4.385965019476334e-10
published_vector_plot_digitization,2,8,right,figure2_mg_si_o_1_1_4,false,gas_mixing_ratio,CO2,4,non_convective,5,313.326603,291.268155,3.238427189214632,1731.5187120575486,-9.415148563836787,3.844602430514403e-10
published_vector_plot_digitization,2,8,right,figure2_mg_si_o_1_1_4,false,gas_mixing_ratio,CO2,4,non_convective,6,315.423942,291.200037,3.146784695020216,1402.1184207541585,-9.4284052654705,3.729020187983701e-10
published_vector_plot_digitization,2,8,right,figure2_mg_si_o_1_1_4,false,gas_mixing_ratio,CO2,4,non_convective,7,317.621667,291.343445,3.050755869659404,1123.9729764291894,-9.400496092155256,3.976526745949138e-10
published_vector_plot_digitization,2,8,right,figure2_mg_si_o_1_1_4,false,gas_mixing_ratio,CO2,4,non_convective,8,320.016578,291.723475,2.9461110709818237,883.305777327679,-9.326537016406377,4.714796837952986e-10
published_vector_plot_digitization,2,8,right,figure2_mg_si_o_1_1_4,false,gas_mixing_ratio,CO2,4,non_convective,9,322.816616,292.401077,2.823764389706578,666.4451161495135,-9.19466632818285,6.387540574055877e-10
published_vector_plot_digitization,2,8,right,figure2_mg_si_o_1_1_4,false,gas_mixing_ratio,CO2,4,non_convective,10,326.111411,293.433614,2.6797994743260487,478.4091466935907,-8.99372039708132,1.0145643617051737e-09
published_vector_plot_digitization,2,8,right,figure2_mg_si_o_1_1_4,false,gas_mixing_ratio,CO2,4,non_convective,11,330.406475,295.032611,2.4921281547708207,310.54758393062764,-8.682533542766603,2.0771432910605226e-09
published_vector_plot_digitization,2,8,right,figure2_mg_si_o_1_1_4,false,gas_mixing_ratio,CO2,4,non_convective,12,336.601693,297.592441,2.2214302706432982,166.50614677539252,-8.184355344007972,6.541007633929834e-09
published_vector_plot_digitization,2,8,right,figure2_mg_si_o_1_1_4,false,gas_mixing_ratio,CO2,4,non_convective,13,347.787504,302.507744,1.7326701705224687,54.034379733923195,-7.227769635233228,5.918755020978799e-08
published_vector_plot_digitization,2,8,right,figure2_mg_si_o_1_1_4,false,gas_mixing_ratio,CO2,4,non_convective,14,369.965525,312.259476,0.7636092982762044,5.802421828759022,-5.329948185161609,4.677909491953707e-06
published_vector_plot_digitization,2,8,right,figure2_mg_si_o_1_1_4,false,gas_mixing_ratio,CO2,4,non_convective,15,375.160473,314.281527,0.5366178620180282,3.4404706872597757,-4.936429191721396,1.1576327595673972e-05
published_vector_plot_digitization,2,8,right,figure2_mg_si_o_1_1_4,false,gas_mixing_ratio,CO2,4,non_convective,16,378.957196,315.52559,0.370721378194812,2.348125896372201,-4.694317385670889,2.0215412811555622e-05
published_vector_plot_digitization,2,8,right,figure2_mg_si_o_1_1_4,false,gas_mixing_ratio,CO2,4,non_convective,17,382.251991,316.371696,0.22675646281428372,1.6856075304489568,-4.529653496647459,2.9535647987177395e-05
published_vector_plot_digitization,2,8,right,figure2_mg_si_o_1_1_4,false,gas_mixing_ratio,CO2,4,non_convective,18,385.449985,316.966838,0.08702123327877323,1.2218593971591725,-4.413830660925708,3.8562869177974285e-05
published_vector_plot_digitization,2,8,right,figure2_mg_si_o_1_1_4,false,gas_mixing_ratio,CO2,4,non_convective,19,388.945551,317.382721,-0.06571630073990155,0.8595748482685681,-4.332894097234238,4.6462856114471554e-05
published_vector_plot_digitization,2,8,right,figure2_mg_si_o_1_1_4,false,gas_mixing_ratio,CO2,4,non_convective,20,393.240615,317.662366,-0.2533876202951273,0.5579719664271152,-4.278471326037766,5.2665798593822525e-05
published_vector_plot_digitization,2,8,right,figure2_mg_si_o_1_1_4,false,gas_mixing_ratio,CO2,4,non_convective,21,399.532634,317.8237,-0.528315190267671,0.29626804366168685,-4.247073506058119,5.66143458909903e-05
published_vector_plot_digitization,2,8,right,figure2_mg_si_o_1_1_4,false,gas_mixing_ratio,CO2,4,non_convective,22,412.718984,317.884648,-1.104488142432543,0.07861616554724346,-4.235212185244641,5.818188863991935e-05
published_vector_plot_digitization,2,8,right,figure2_mg_si_o_1_1_4,false,gas_mixing_ratio,CO2,4,non_convective,23,456.074756,317.888234,-2.9989034390557254,0.001002528115191211,-4.234514300220736,5.827545858433373e-05
published_vector_plot_digitization,5,11,right,figure5_mg_si_o_1_1_3_sio_on,true,gas_mixing_ratio,CH3,0,non_convective,0,265.743885,317.110246,5.1835696623258585,152605.31593422272,-4.385921487610454,4.1122405606946024e-05
published_vector_plot_digitization,5,11,right,figure5_mg_si_o_1_1_3_sio_on,true,gas_mixing_ratio,CH3,0,non_convective,1,265.944656,316.99552,5.174938341277357,149602.32439306,-4.408248748417145,3.9061710013952265e-05
published_vector_plot_digitization,5,11,right,figure5_mg_si_o_1_1_3_sio_on,true,gas_mixing_ratio,CH3,0,non_convective,2,266.048627,316.938157,5.170468536969295,148070.4979776408,-4.41941237882049,3.80704158905422e-05
published_vector_plot_digitization,5,11,right,figure5_mg_si_o_1_1_3_sio_on,true,gas_mixing_ratio,CH3,0,non_convective,3,266.149012,316.880794,5.166152897940482,146606.3893324193,-4.430576009223835,3.710427847529356e-05
published_vector_plot_digitization,5,11,right,figure5_mg_si_o_1_1_3_sio_on,true,gas_mixing_ratio,CH3,0,non_convective,4,266.249398,316.819845,5.161837215920796,145156.7433014005,-4.442437524651085,3.6104594804602326e-05
published_vector_plot_digitization,5,11,right,figure5_mg_si_o_1_1_3_sio_on,true,gas_mixing_ratio,CH3,0,non_convective,5,266.353368,316.762482,5.157367454603611,143670.45084552246,-4.4536011550544305,3.518834529465717e-05
published_vector_plot_digitization,5,11,right,figure5_mg_si_o_1_1_3_sio_on,true,gas_mixing_ratio,CH3,0,non_convective,6,266.453754,316.701534,5.153051772583922,142249.83541538063,-4.465462475867898,3.4240297082355695e-05
published_vector_plot_digitization,5,11,right,figure5_mg_si_o_1_1_3_sio_on,true,gas_mixing_ratio,CH3,0,non_convective,7,266.554139,316.637,5.148736133555108,140843.280992605,-4.478021681705269,3.326429460225527e-05
published_vector_plot_digitization,5,11,right,figure5_mg_si_o_1_1_3_sio_on,true,gas_mixing_ratio,CH3,0,non_convective,8,266.65811,316.576052,5.144266329247047,139401.14124555205,-4.489883002518737,3.2368084372218446e-05
published_vector_plot_digitization,5,11,right,figure5_mg_si_o_1_1_3_sio_on,true,gas_mixing_ratio,CH3,0,non_convective,9,266.959266,316.382451,5.131319369169734,135306.72088092534,-4.527560425417081,2.967833786177115e-05
published_vector_plot_digitization,5,11,right,figure5_mg_si_o_1_1_3_sio_on,true,gas_mixing_ratio,CH3,0,non_convective,10,267.063237,316.314333,5.126849564861673,133921.27175725673,-4.540817127050804,2.8786102863056115e-05
published_vector_plot_digitization,5,11,right,figure5_mg_si_o_1_1_3_sio_on,true,gas_mixing_ratio,CH3,0,non_convective,11,267.264008,316.178095,5.118218243813174,131285.94779225136,-4.567330919545804,2.7081273326207398e-05
published_vector_plot_digitization,5,11,right,figure5_mg_si_o_1_1_3_sio_on,true,gas_mixing_ratio,CH3,0,non_convective,12,267.367979,316.106391,5.1137484395051125,129941.66866010944,-4.5812855062034314,2.6224939429451793e-05
published_vector_plot_digitization,5,11,right,figure5_mg_si_o_1_1_3_sio_on,true,gas_mixing_ratio,CH3,0,non_convective,13,267.56875,315.962984,5.105117118456611,127384.65595421479,-4.609194484904893,2.459266053807992e-05
published_vector_plot_digitization,5,11,right,figure5_mg_si_o_1_1_3_sio_on,true,gas_mixing_ratio,CH3,0,non_convective,14,267.67272,315.89128,5.100647357139425,126080.33588727689,-4.623149071562519,2.3815018786287526e-05
published_vector_plot_digitization,5,11,right,figure5_mg_si_o_1_1_3_sio_on,true,gas_mixing_ratio,CH3,0,non_convective,15,267.773106,315.815991,5.096331675119739,124833.65176020189,-4.637801348630269,2.302494764579529e-05
published_vector_plot_digitization,5,11,right,figure5_mg_si_o_1_1_3_sio_on,true,gas_mixing_ratio,CH3,0,non_convective,16,267.873491,315.744287,5.092016036090925,123599.30709834817,-4.6517559352878965,2.2296878366976082e-05
published_vector_plot_digitization,5,11,right,figure5_mg_si_o_1_1_3_sio_on,true,gas_mixing_ratio,CH3,0,non_convective,17,267.977462,315.668998,5.087546231782865,122333.73395763095,-4.666408212355646,2.1557172038003727e-05
published_vector_plot_digitization,5,11,right,figure5_mg_si_o_1_1_3_sio_on,true,gas_mixing_ratio,CH3,0,non_convective,18,268.077848,315.590123,5.083230549763176,121124.0962829087,-4.681758374447299,2.0808540761492267e-05
published_vector_plot_digitization,5,11,right,figure5_mg_si_o_1_1_3_sio_on,true,gas_mixing_ratio,CH3,0,non_convective,19,268.178233,315.514834,5.0789149107343645,119926.43139399099,-4.696410651515048,2.0118210525814412e-05
published_vector_plot_digitization,5,11,right,figure5_mg_si_o_1_1_3_sio_on,true,gas_mixing_ratio,CH3,0,non_convective,20,268.282204,315.43596,5.074445106426303,118698.4660113569,-4.71176061899292,1.941955979343139e-05
published_vector_plot_digitization,5,11,right,figure5_mg_si_o_1_1_3_sio_on,true,gas_mixing_ratio,CH3,0,non_convective,21,268.482975,315.278211,5.065813785377801,116362.6988252732,-4.742460748562457,1.8094194377855242e-05
published_vector_plot_digitization,5,11,right,figure5_mg_si_o_1_1_3_sio_on,true,gas_mixing_ratio,CH3,0,non_convective,22,268.586945,315.195752,5.061344024060616,115171.2350497977,-4.758508406450451,1.7437796035515692e-05
published_vector_plot_digitization,5,11,right,figure5_mg_si_o_1_1_3_sio_on,true,gas_mixing_ratio,CH3,0,non_convective,23,268.687331,315.116877,5.05702834204093,114032.42026459142,-4.773858568542114,1.6832221265197554e-05
published_vector_plot_digitization,5,11,right,figure5_mg_si_o_1_1_3_sio_on,true,gas_mixing_ratio,CH3,0,non_convective,24,268.787716,315.034418,5.052712703012117,112904.8772724004,-4.789906226430109,1.6221603190380686e-05
published_vector_plot_digitization,5,11,right,figure5_mg_si_o_1_1_3_sio_on,true,gas_mixing_ratio,CH3,0,non_convective,25,268.891687,314.948373,5.048242898704055,111748.8078454233,-4.806651769342017,1.5608035014138084e-05
published_vector_plot_digitization,5,11,right,figure5_mg_si_o_1_1_3_sio_on,true,gas_mixing_ratio,CH3,0,non_convective,26,269.192843,314.690239,5.035295938626742,108466.57794058272,-4.856888203463952,1.3903104803185189e-05
published_vector_plot_digitization,5,11,right,figure5_mg_si_o_1_1_3_sio_on,true,gas_mixing_ratio,CH3,0,non_convective,27,269.296814,314.600609,5.030826134318682,107355.95369090237,-4.874331436785983,1.3355758675650877e-05
published_vector_plot_digitization,5,11,right,figure5_mg_si_o_1_1_3_sio_on,true,gas_mixing_ratio,CH3,0,non_convective,28,269.3972,314.514564,5.026510452298993,106294.41651722933,-4.891076979697892,1.2850588601103942e-05
published_vector_plot_digitization,5,11,right,figure5_mg_si_o_1_1_3_sio_on,true,gas_mixing_ratio,CH3,0,non_convective,29,269.497585,314.421349,5.022194813270179,105243.38625605477,-4.909217903430045,1.2324862889303695e-05
published_vector_plot_digitization,5,11,right,figure5_mg_si_o_1_1_3_sio_on,true,gas_mixing_ratio,CH3,0,non_convective,30,269.601556,314.33172,5.017725008962119,104165.76530484823,-4.9266609421382945,1.1839655282290826e-05
published_vector_plot_digitization,5,11,right,figure5_mg_si_o_1_1_3_sio_on,true,gas_mixing_ratio,CH3,0,non_convective,31,269.701941,314.234919,5.013409369933307,103135.78296804329,-4.9454997508943634,1.1337054883838695e-05
published_vector_plot_digitization,5,11,right,figure5_mg_si_o_1_1_3_sio_on,true,gas_mixing_ratio,CH3,0,non_convective,32,269.802327,314.141704,5.0090936879136185,102115.97490158361,-4.963640674626516,1.0873248794208507e-05
published_vector_plot_digitization,5,11,right,figure5_mg_si_o_1_1_3_sio_on,true,gas_mixing_ratio,CH3,0,non_convective,33,269.906297,314.044904,5.004623926596433,101070.38652815396,-4.982479288768803,1.0411677590762037e-05
published_vector_plot_digitization,5,11,right,figure5_mg_si_o_1_1_3_sio_on,true,gas_mixing_ratio,CH3,0,non_convective,34,270.006683,313.948104,5.000308244576744,100071.0011306189,-5.0013179029110795,9.969700160978427e-06
published_vector_plot_digitization,5,11,right,figure5_mg_si_o_1_1_3_sio_on,true,gas_mixing_ratio,CH3,0,non_convective,35,270.107068,313.847718,4.995992605547931,99081.50747798434,-5.020854402077271,9.531156440183555e-06
published_vector_plot_digitization,5,11,right,figure5_mg_si_o_1_1_3_sio_on,true,gas_mixing_ratio,CH3,0,non_convective,36,270.211039,313.747333,4.99152280123987,98066.97998952393,-5.040390706629668,9.111907312006413e-06
published_vector_plot_digitization,5,11,right,figure5_mg_si_o_1_1_3_sio_on,true,gas_mixing_ratio,CH3,1,convective,0,270.311424,313.646947,4.987207162211059,97097.30192958371,-5.059927205795859,8.71109588622398e-06
published_vector_plot_digitization,5,11,right,figure5_mg_si_o_1_1_3_sio_on,true,gas_mixing_ratio,CH3,1,convective,1,274.06871,311.961905,4.825678147876133,66938.83472674777,-5.387859603022484,4.093929852616231e-06
published_vector_plot_digitization,5,11,right,figure5_mg_si_o_1_1_3_sio_on,true,gas_mixing_ratio,CH3,1,convective,2,277.722024,310.076092,4.668618980840144,46625.0146032065,-5.754864803967699,1.7584709414149023e-06
published_vector_plot_digitization,5,11,right,figure5_mg_si_o_1_1_3_sio_on,true,gas_mixing_ratio,CH3,1,convective,3,281.174567,308.043286,4.520191134852653,33127.68857739825,-6.1504768686382905,7.071688648558844e-07
published_vector_plot_digitization,5,11,right,figure5_mg_si_o_1_1_3_sio_on,true,gas_mixing_ratio,CH3,1,convective,4,284.526725,305.82405,4.376078927893978,23772.72288535902,-6.582370780773199,2.6159486771874766e-07
published_vector_plot_digitization,5,11,right,figure5_mg_si_o_1_1_3_sio_on,true,gas_mixing_ratio,CH3,1,convective,5,287.875298,303.332339,4.232120843223675,17065.571755601097,-7.0672920832843245,8.56461641111219e-08
published_vector_plot_digitization,5,11,right,figure5_mg_si_o_1_1_3_sio_on,true,gas_mixing_ratio,CH3,1,convective,6,291.123486,300.636272,4.092478397582183,12373.096428842951,-7.59198387992416,2.558680857865958e-08
published_vector_plot_digitization,5,11,right,figure5_mg_si_o_1_1_3_sio_on,true,gas_mixing_ratio,CH3,1,convective,7,294.271287,297.739434,3.957151676951258,9060.489824268188,-8.155748480282595,6.986368993877026e-09
published_vector_plot_digitization,5,11,right,figure5_mg_si_o_1_1_3_sio_on,true,gas_mixing_ratio,CH3,1,convective,8,297.114348,294.864107,3.83492599569514,6837.951178384154,-8.715326743566505,1.9260752758334264e-09
published_vector_plot_digitization,5,11,right,figure5_mg_si_o_1_1_3_sio_on,true,gas_mixing_ratio,CH3,2,non_convective,0,297.214733,294.756551,3.8306103566663268,6770.3380915598855,-8.736258623552942,1.8354450053121958e-09
published_vector_plot_digitization,5,11,right,figure5_mg_si_o_1_1_3_sio_on,true,gas_mixing_ratio,CH3,2,non_convective,1,302.900854,288.869659,3.586159037144971,3856.1954436347514,-9.881928942615748,1.3124146130545574e-10
published_vector_plot_digitization,5,11,right,figure5_mg_si_o_1_1_3_sio_on,true,gas_mixing_ratio,CH3,2,non_convective,2,305.743914,286.248881,3.4639333988797283,2910.270780005112,-10.391968462187844,4.055379839376381e-11
published_vector_plot_digitization,5,11,right,figure5_mg_si_o_1_1_3_sio_on,true,gas_mixing_ratio,CH3,2,non_convective,3,308.077876,284.380994,3.363594329307923,2309.9061189521935,-10.755485016468656,1.755961475327937e-11
published_vector_plot_digitization,5,11,right,figure5_mg_si_o_1_1_3_sio_on,true,gas_mixing_ratio,CH3,2,non_convective,4,310.211068,282.939746,3.2718865377937423,1870.193476548848,-11.035971741213835,9.205094657535887e-12
published_vector_plot_digitization,5,11,right,figure5_mg_si_o_1_1_3_sio_on,true,gas_mixing_ratio,CH3,2,non_convective,5,312.344259,281.767387,3.1801787892704367,1514.184475836074,-11.264128960606717,5.443409907194686e-12
published_vector_plot_digitization,5,11,right,figure5_mg_si_o_1_1_3_sio_on,true,gas_mixing_ratio,CH3,2,non_convective,6,314.477451,280.853162,3.088470997756258,1225.9450311706737,-11.44204974587765,3.6136846763709185e-12
published_vector_plot_digitization,5,11,right,figure5_mg_si_o_1_1_3_sio_on,true,gas_mixing_ratio,CH3,2,non_convective,7,316.607057,280.18273,2.996917371521325,992.9271170256633,-11.572525053280932,2.675931221469593e-12
published_vector_plot_digitization,5,11,right,figure5_mg_si_o_1_1_3_sio_on,true,gas_mixing_ratio,CH3,2,non_convective,8,318.944604,279.677218,2.896424179661145,787.8148805311301,-11.670904655680653,2.133513249838983e-12
published_vector_plot_digitization,5,11,right,figure5_mg_si_o_1_1_3_sio_on,true,gas_mixing_ratio,CH3,2,non_convective,9,321.583308,279.34738,2.7829839847327795,606.7139556793436,-11.735095676460215,1.8403665181893214e-12
published_vector_plot_digitization,5,11,right,figure5_mg_si_o_1_1_3_sio_on,true,gas_mixing_ratio,CH3,2,non_convective,10,324.62714,279.200387,2.652126982428162,448.8766168148057,-11.76370254018559,1.7230483324392756e-12
published_vector_plot_digitization,5,11,right,figure5_mg_si_o_1_1_3_sio_on,true,gas_mixing_ratio,CH3,2,non_convective,11,328.384425,279.250579,2.4905980110841104,309.4553611988445,-11.753934485216272,1.7622418664756148e-12
published_vector_plot_digitization,5,11,right,figure5_mg_si_o_1_1_3_sio_on,true,gas_mixing_ratio,CH3,2,non_convective,12,333.461062,279.555321,2.272348942275876,187.21857799866015,-11.69462749192137,2.0200983228607062e-12
published_vector_plot_digitization,5,11,right,figure5_mg_si_o_1_1_3_sio_on,true,gas_mixing_ratio,CH3,2,non_convective,13,341.380759,280.279531,1.9318742352024012,85.48191349680505,-11.553686244524865,2.7945620397836346e-12
published_vector_plot_digitization,5,11,right,figure5_mg_si_o_1_1_3_sio_on,true,gas_mixing_ratio,CH3,2,non_convective,14,359.959243,282.262144,1.1331689441073953,13.588419444216049,-11.167842429437375,6.794501057368505e-12
published_vector_plot_digitization,5,11,right,figure5_mg_si_o_1_1_3_sio_on,true,gas_mixing_ratio,CH3,2,non_convective,15,374.074159,283.678296,0.5263563488191281,3.3601320788823363,-10.892239732176844,1.2816229267150273e-11
published_vector_plot_digitization,5,11,right,figure5_mg_si_o_1_1_3_sio_on,true,gas_mixing_ratio,CH3,2,non_convective,16,379.555923,284.015304,0.2906905156255198,1.952947262016337,-10.826653330577027,1.4905504137322573e-11
published_vector_plot_digitization,5,11,right,figure5_mg_si_o_1_1_3_sio_on,true,gas_mixing_ratio,CH3,2,non_convective,17,383.513979,284.043986,0.12053022323296858,1.3198671601333245,-10.821071418068463,1.50983184766867e-11
published_vector_plot_digitization,5,11,right,figure5_mg_si_o_1_1_3_sio_on,true,gas_mixing_ratio,CH3,2,non_convective,18,386.866137,283.8468,-0.023581983725707203,0.9471483701625488,-10.859446531376939,1.3821445596115477e-11
published_vector_plot_digitization,5,11,right,figure5_mg_si_o_1_1_3_sio_on,true,gas_mixing_ratio,CH3,2,non_convective,19,390.114325,283.427332,-0.16322442936719914,0.6867134769508269,-10.941080785478533,1.1452998781704531e-11
published_vector_plot_digitization,5,11,right,figure5_mg_si_o_1_1_3_sio_on,true,gas_mixing_ratio,CH3,2,non_convective,20,393.566868,282.753316,-0.3116522753546871,0.4879189936975369,-11.072253588678155,8.46732854399406e-12
published_vector_plot_digitization,5,11,right,figure5_mg_si_o_1_1_3_sio_on,true,gas_mixing_ratio,CH3,2,non_convective,21,397.72928,281.695683,-0.4905980110841126,0.32314838435047566,-11.278083547264345,5.271284454993178e-12
published_vector_plot_digitization,5,11,right,figure5_mg_si_o_1_1_3_sio_on,true,gas_mixing_ratio,CH3,2,non_convective,22,403.515786,279.971204,-0.7393649696342814,0.18223635923131898,-11.6136909282299,2.4339355372906606e-12
published_vector_plot_digitization,5,11,right,figure5_mg_si_o_1_1_3_sio_on,true,gas_mixing_ratio,CH3,2,non_convective,23,414.378929,276.457712,-1.2063809969926877,0.06217545942185061,-12.297464895998395,5.041213655610555e-13
published_vector_plot_digitization,5,11,right,figure5_mg_si_o_1_1_3_sio_on,true,gas_mixing_ratio,CH3,2,non_convective,24,456.006637,262.67622,-2.995992605547933,0.0010092700701209993,-14.979533182082388,1.0482546990735363e-15
published_vector_plot_digitization,5,11,right,figure5_mg_si_o_1_1_3_sio_on,true,gas_mixing_ratio,H2,0,non_convective,0,265.743885,339.381482,5.1835696623258585,152605.31593422272,-0.05163200955597155,0.8879080438945219
published_vector_plot_digitization,5,11,right,figure5_mg_si_o_1_1_3_sio_on,true,gas_mixing_ratio,H2,0,non_convective,1,265.844271,339.388652,5.17925398030617,151096.35243294627,-0.050236628735727144,0.8907654653776469
published_vector_plot_digitization,5,11,right,figure5_mg_si_o_1_1_3_sio_on,true,gas_mixing_ratio,H2,0,non_convective,2,265.944656,339.392238,5.174938341277357,149602.32439306,-0.04953874371181191,0.8921980224333098
published_vector_plot_digitization,5,11,right,figure5_mg_si_o_1_1_3_sio_on,true,gas_mixing_ratio,H2,0,non_convective,3,266.048627,339.395823,5.170468536969295,148070.4979776408,-0.04884105330168971,0.8936324829222673
published_vector_plot_digitization,5,11,right,figure5_mg_si_o_1_1_3_sio_on,true,gas_mixing_ratio,H2,0,non_convective,4,266.149012,339.402993,5.166152897940482,146606.3893324193,-0.04744567248144531,0.8965083265102141
published_vector_plot_digitization,5,11,right,figure5_mg_si_o_1_1_3_sio_on,true,gas_mixing_ratio,H2,0,non_convective,5,266.249398,339.406578,5.161837215920796,145156.7433014005,-0.04674798207131205,0.8979497170312482
published_vector_plot_digitization,5,11,right,figure5_mg_si_o_1_1_3_sio_on,true,gas_mixing_ratio,H2,0,non_convective,6,266.353368,339.410164,5.157367454603611,143670.45084552246,-0.04605009704740788,0.8993938280265008
published_vector_plot_digitization,5,11,right,figure5_mg_si_o_1_1_3_sio_on,true,gas_mixing_ratio,H2,0,non_convective,7,266.554139,339.417334,5.148736133555108,140843.280992605,-0.04465471622716347,0.9022882124885682
published_vector_plot_digitization,5,11,right,figure5_mg_si_o_1_1_3_sio_on,true,gas_mixing_ratio,H2,0,non_convective,8,266.65811,339.420919,5.144266329247047,139401.14124555205,-0.04395702581703021,0.9037388958099204
published_vector_plot_digitization,5,11,right,figure5_mg_si_o_1_1_3_sio_on,true,gas_mixing_ratio,H2,0,non_convective,9,266.758495,339.424504,5.139950690218236,138022.7544714217,-0.04325933540690801,0.9051919115147051
published_vector_plot_digitization,5,11,right,figure5_mg_si_o_1_1_3_sio_on,true,gas_mixing_ratio,H2,0,non_convective,10,266.858881,339.424504,5.135635008198547,136657.98354212596,-0.04325933540690801,0.9051919115147051
published_vector_plot_digitization,5,11,right,figure5_mg_si_o_1_1_3_sio_on,true,gas_mixing_ratio,H2,0,non_convective,11,266.959266,339.42809,5.131319369169734,135306.72088092534,-0.042561450383003845,0.9066476696350528
published_vector_plot_digitization,5,11,right,figure5_mg_si_o_1_1_3_sio_on,true,gas_mixing_ratio,H2,0,non_convective,12,267.063237,339.43526,5.126849564861673,133921.27175725673,-0.041166069562748375,0.9095653980492451
published_vector_plot_digitization,5,11,right,figure5_mg_si_o_1_1_3_sio_on,true,gas_mixing_ratio,H2,0,non_convective,13,267.163623,339.44243,5.122533882841987,132597.05634648292,-0.03977068874250397,0.9124925161518059
published_vector_plot_digitization,5,11,right,figure5_mg_si_o_1_1_3_sio_on,true,gas_mixing_ratio,H2,0,non_convective,14,267.264008,339.446016,5.118218243813174,131285.94779225136,-0.0390728037185998,0.913960015334296
published_vector_plot_digitization,5,11,right,figure5_mg_si_o_1_1_3_sio_on,true,gas_mixing_ratio,H2,0,non_convective,15,267.367979,339.453186,5.1137484395051125,129941.66866010944,-0.03767742289834434,0.9169012759755437
published_vector_plot_digitization,5,11,right,figure5_mg_si_o_1_1_3_sio_on,true,gas_mixing_ratio,H2,0,non_convective,16,267.468364,339.460356,5.109432800476299,128656.81635625276,-0.03628204207809994,0.9198520020354019
published_vector_plot_digitization,5,11,right,figure5_mg_si_o_1_1_3_sio_on,true,gas_mixing_ratio,H2,0,non_convective,17,267.56875,339.463942,5.105117118456611,127384.65595421479,-0.035584157054195764,0.921331336974708
published_vector_plot_digitization,5,11,right,figure5_mg_si_o_1_1_3_sio_on,true,gas_mixing_ratio,H2,0,non_convective,18,267.67272,339.471112,5.100647357139425,126080.33588727689,-0.034188776233940295,0.9242963196364502
published_vector_plot_digitization,5,11,right,figure5_mg_si_o_1_1_3_sio_on,true,gas_mixing_ratio,H2,0,non_convective,19,267.773106,339.474697,5.096331675119739,124833.65176020189,-0.0334910858238181,0.9257823872103182
published_vector_plot_digitization,5,11,right,figure5_mg_si_o_1_1_3_sio_on,true,gas_mixing_ratio,H2,0,non_convective,20,267.873491,339.481868,5.092016036090925,123599.30709834817,-0.03209551038978067,0.9287621102123851
published_vector_plot_digitization,5,11,right,figure5_mg_si_o_1_1_3_sio_on,true,gas_mixing_ratio,H2,0,non_convective,21,267.977462,339.485453,5.087546231782865,122333.73395763095,-0.03139781997965846,0.9302553578068002
published_vector_plot_digitization,5,11,right,figure5_mg_si_o_1_1_3_sio_on,true,gas_mixing_ratio,H2,0,non_convective,22,268.077848,339.489038,5.083230549763176,121124.0962829087,-0.03070012956953626,0.93175100621877
published_vector_plot_digitization,5,11,right,figure5_mg_si_o_1_1_3_sio_on,true,gas_mixing_ratio,H2,0,non_convective,23,268.178233,339.496208,5.0789149107343645,119926.43139399099,-0.029304748749280796,0.9347495209415742
published_vector_plot_digitization,5,11,right,figure5_mg_si_o_1_1_3_sio_on,true,gas_mixing_ratio,H2,0,non_convective,24,268.282204,339.499793,5.074445106426303,118698.4660113569,-0.028607058339158598,0.9362523949909984
published_vector_plot_digitization,5,11,right,figure5_mg_si_o_1_1_3_sio_on,true,gas_mixing_ratio,H2,0,non_convective,25,268.482975,339.506964,5.065813785377801,116362.6988252732,-0.027211482905132225,0.9392658167579422
published_vector_plot_digitization,5,11,right,figure5_mg_si_o_1_1_3_sio_on,true,gas_mixing_ratio,H2,0,non_convective,26,268.586945,339.510549,5.061344024060616,115171.2350497977,-0.02651379249499896,0.9407759520293861
published_vector_plot_digitization,5,11,right,figure5_mg_si_o_1_1_3_sio_on,true,gas_mixing_ratio,H2,0,non_convective,27,268.787716,339.517719,5.052712703012117,112904.8772724004,-0.025118411674754558,0.9438035103836783
published_vector_plot_digitization,5,11,right,figure5_mg_si_o_1_1_3_sio_on,true,gas_mixing_ratio,H2,0,non_convective,28,268.891687,339.521305,5.048242898704055,111748.8078454233,-0.024420526650850385,0.9453213648925134
published_vector_plot_digitization,5,11,right,figure5_mg_si_o_1_1_3_sio_on,true,gas_mixing_ratio,H2,0,non_convective,29,269.192843,339.53206,5.035295938626742,108466.57794058272,-0.022327455420472722,0.9498883135189963
published_vector_plot_digitization,5,11,right,figure5_mg_si_o_1_1_3_sio_on,true,gas_mixing_ratio,H2,0,non_convective,30,269.296814,339.535645,5.030826134318682,107355.95369090237,-0.02162976501035052,0.951415527456267
published_vector_plot_digitization,5,11,right,figure5_mg_si_o_1_1_3_sio_on,true,gas_mixing_ratio,H2,0,non_convective,31,269.497585,339.542816,5.022194813270179,105243.38625605477,-0.020234189576313084,0.9544777532782851
published_vector_plot_digitization,5,11,right,figure5_mg_si_o_1_1_3_sio_on,true,gas_mixing_ratio,H2,0,non_convective,32,269.601556,339.542816,5.017725008962119,104165.76530484823,-0.020234189576313084,0.9544777532782851
published_vector_plot_digitization,5,11,right,figure5_mg_si_o_1_1_3_sio_on,true,gas_mixing_ratio,H2,0,non_convective,33,269.802327,339.549986,5.0090936879136185,102115.97490158361,-0.018838808756068685,0.9575494060875327
published_vector_plot_digitization,5,11,right,figure5_mg_si_o_1_1_3_sio_on,true,gas_mixing_ratio,H2,0,non_convective,34,269.906297,339.549986,5.004623926596433,101070.38652815396,-0.018838808756068685,0.9575494060875327
published_vector_plot_digitization,5,11,right,figure5_mg_si_o_1_1_3_sio_on,true,gas_mixing_ratio,H2,0,non_convective,35,270.107068,339.557157,4.995992605547931,99081.50747798434,-0.01744323332203125,0.9606313744100585
published_vector_plot_digitization,5,11,right,figure5_mg_si_o_1_1_3_sio_on,true,gas_mixing_ratio,H2,0,non_convective,36,270.211039,339.557157,4.99152280123987,98066.97998952393,-0.01744323332203125,0.9606313744100585
published_vector_plot_digitization,5,11,right,figure5_mg_si_o_1_1_3_sio_on,true,gas_mixing_ratio,H2,1,convective,0,270.311424,339.560742,4.987207162211059,97097.30192958371,-0.01674554291190905,0.9621758608540948
published_vector_plot_digitization,5,11,right,figure5_mg_si_o_1_1_3_sio_on,true,gas_mixing_ratio,H2,1,convective,1,285.032238,339.585838,4.354346481488915,22612.39074353585,-0.011861515427249546,0.9730574555881242
published_vector_plot_digitization,5,11,right,figure5_mg_si_o_1_1_3_sio_on,true,gas_mixing_ratio,H2,1,convective,2,297.114348,339.585838,3.83492599569514,6837.951178384154,-0.011861515427249546,0.9730574555881242
published_vector_plot_digitization,5,11,right,figure5_mg_si_o_1_1_3_sio_on,true,gas_mixing_ratio,H2,2,non_convective,0,297.214733,339.585838,3.8306103566663268,6770.3380915598855,-0.011861515427249546,0.9730574555881242
published_vector_plot_digitization,5,11,right,figure5_mg_si_o_1_1_3_sio_on,true,gas_mixing_ratio,H2,2,non_convective,1,456.006637,339.585838,-2.995992605547933,0.0010092700701209993,-0.011861515427249546,0.9730574555881242
published_vector_plot_digitization,5,11,right,figure5_mg_si_o_1_1_3_sio_on,true,gas_mixing_ratio,SiH3,0,non_convective,0,265.743885,330.038462,5.1835696623258585,152605.31593422272,-1.8699124713701571,0.013492347828272551
published_vector_plot_digitization,5,11,right,figure5_mg_si_o_1_1_3_sio_on,true,gas_mixing_ratio,SiH3,0,non_convective,1,265.844271,329.991854,5.17925398030617,151096.35243294627,-1.8789830305431248,0.013213472629966836
published_vector_plot_digitization,5,11,right,figure5_mg_si_o_1_1_3_sio_on,true,gas_mixing_ratio,SiH3,0,non_convective,2,265.944656,329.948832,5.174938341277357,149602.32439306,-1.8873557046921885,0.012961172638292025
published_vector_plot_digitization,5,11,right,figure5_mg_si_o_1_1_3_sio_on,true,gas_mixing_ratio,SiH3,0,non_convective,3,266.048627,329.90581,5.170468536969295,148070.4979776408,-1.895728378841252,0.01271369009980169
published_vector_plot_digitization,5,11,right,figure5_mg_si_o_1_1_3_sio_on,true,gas_mixing_ratio,SiH3,0,non_convective,4,266.249398,329.819765,5.161837215920796,145156.7433014005,-1.91247392175315,0.012232805716409187
published_vector_plot_digitization,5,11,right,figure5_mg_si_o_1_1_3_sio_on,true,gas_mixing_ratio,SiH3,0,non_convective,5,266.353368,329.776743,5.157367454603611,143670.45084552246,-1.9208465959022136,0.011999230723154945
published_vector_plot_digitization,5,11,right,figure5_mg_si_o_1_1_3_sio_on,true,gas_mixing_ratio,SiH3,0,non_convective,6,266.554139,329.697868,5.148736133555108,140843.280992605,-1.936196757993867,0.011582524886341355
published_vector_plot_digitization,5,11,right,figure5_mg_si_o_1_1_3_sio_on,true,gas_mixing_ratio,SiH3,0,non_convective,7,266.65811,329.658431,5.144266329247047,139401.14124555205,-1.9438717417328084,0.011379633058699299
published_vector_plot_digitization,5,11,right,figure5_mg_si_o_1_1_3_sio_on,true,gas_mixing_ratio,SiH3,0,non_convective,8,266.858881,329.586727,5.135635008198547,136657.98354212596,-1.9578263283904356,0.011019798962147626
published_vector_plot_digitization,5,11,right,figure5_mg_si_o_1_1_3_sio_on,true,gas_mixing_ratio,SiH3,0,non_convective,9,266.959266,329.54729,5.131319369169734,135306.72088092534,-1.9655013121293772,0.010826764440433382
published_vector_plot_digitization,5,11,right,figure5_mg_si_o_1_1_3_sio_on,true,gas_mixing_ratio,SiH3,0,non_convective,10,267.063237,329.439734,5.126849564861673,133921.27175725673,-1.9864331921158123,0.010317317793971726
published_vector_plot_digitization,5,11,right,figure5_mg_si_o_1_1_3_sio_on,true,gas_mixing_ratio,SiH3,0,non_convective,11,267.163623,329.332178,5.122533882841987,132597.05634648292,-2.007365072102248,0.009831842841640745
published_vector_plot_digitization,5,11,right,figure5_mg_si_o_1_1_3_sio_on,true,gas_mixing_ratio,SiH3,0,non_convective,12,267.264008,329.221037,5.118218243813174,131285.94779225136,-2.0289946424988052,0.009354172134788964
published_vector_plot_digitization,5,11,right,figure5_mg_si_o_1_1_3_sio_on,true,gas_mixing_ratio,SiH3,0,non_convective,13,267.367979,329.106311,5.1137484395051125,129941.66866010944,-2.051321903305496,0.008885422775169577
published_vector_plot_digitization,5,11,right,figure5_mg_si_o_1_1_3_sio_on,true,gas_mixing_ratio,SiH3,0,non_convective,14,267.468364,328.99517,5.109432800476299,128656.81635625276,-2.0729514737020645,0.00845373298455185
published_vector_plot_digitization,5,11,right,figure5_mg_si_o_1_1_3_sio_on,true,gas_mixing_ratio,SiH3,0,non_convective,15,267.56875,328.876859,5.105117118456611,127384.65595421479,-2.095976424918866,0.008017215825645385
published_vector_plot_digitization,5,11,right,figure5_mg_si_o_1_1_3_sio_on,true,gas_mixing_ratio,SiH3,0,non_convective,16,267.67272,328.758547,5.100647357139425,126080.33588727689,-2.119001570749461,0.007603235270090184
published_vector_plot_digitization,5,11,right,figure5_mg_si_o_1_1_3_sio_on,true,gas_mixing_ratio,SiH3,0,non_convective,17,267.773106,328.640236,5.096331675119739,124833.65176020189,-2.142026521966274,0.0072106344315418435
published_vector_plot_digitization,5,11,right,figure5_mg_si_o_1_1_3_sio_on,true,gas_mixing_ratio,SiH3,0,non_convective,18,267.873491,328.518339,5.092016036090925,123599.30709834817,-2.165749358206991,0.006827326018724586
published_vector_plot_digitization,5,11,right,figure5_mg_si_o_1_1_3_sio_on,true,gas_mixing_ratio,SiH3,0,non_convective,19,267.977462,328.392857,5.087546231782865,122333.73395763095,-2.1901698848578417,0.006454017150586892
published_vector_plot_digitization,5,11,right,figure5_mg_si_o_1_1_3_sio_on,true,gas_mixing_ratio,SiH3,0,non_convective,20,268.077848,328.267375,5.083230549763176,121124.0962829087,-2.2145904115086807,0.006101120301832651
published_vector_plot_digitization,5,11,right,figure5_mg_si_o_1_1_3_sio_on,true,gas_mixing_ratio,SiH3,0,non_convective,21,268.178233,328.138308,5.0789149107343645,119926.43139399099,-2.2397086285696535,0.005758261338504292
published_vector_plot_digitization,5,11,right,figure5_mg_si_o_1_1_3_sio_on,true,gas_mixing_ratio,SiH3,0,non_convective,22,268.282204,328.009241,5.074445106426303,118698.4660113569,-2.264826845630626,0.005434669700342311
published_vector_plot_digitization,5,11,right,figure5_mg_si_o_1_1_3_sio_on,true,gas_mixing_ratio,SiH3,0,non_convective,23,268.382589,327.873004,5.07012946739749,117524.78555079679,-2.291340443511843,0.005112808852429564
published_vector_plot_digitization,5,11,right,figure5_mg_si_o_1_1_3_sio_on,true,gas_mixing_ratio,SiH3,0,non_convective,24,268.482975,327.740352,5.065813785377801,116362.6988252732,-2.3171563509829376,0.004817743221317076
published_vector_plot_digitization,5,11,right,figure5_mg_si_o_1_1_3_sio_on,true,gas_mixing_ratio,SiH3,0,non_convective,25,268.586945,327.600529,5.061344024060616,115171.2350497977,-2.344367833888059,0.004525141521700534
published_vector_plot_digitization,5,11,right,figure5_mg_si_o_1_1_3_sio_on,true,gas_mixing_ratio,SiH3,0,non_convective,26,268.687331,327.460706,5.05702834204093,114032.42026459142,-2.37157931679318,0.004250310747325443
published_vector_plot_digitization,5,11,right,figure5_mg_si_o_1_1_3_sio_on,true,gas_mixing_ratio,SiH3,0,non_convective,27,268.787716,327.317298,5.052712703012117,112904.8772724004,-2.399488490108435,0.003985763354446449
published_vector_plot_digitization,5,11,right,figure5_mg_si_o_1_1_3_sio_on,true,gas_mixing_ratio,SiH3,0,non_convective,28,268.891687,327.170305,5.048242898704055,111748.8078454233,-2.4280953538338115,0.0037316821586894497
published_vector_plot_digitization,5,11,right,figure5_mg_si_o_1_1_3_sio_on,true,gas_mixing_ratio,SiH3,0,non_convective,29,268.992072,327.023312,5.043927259675242,110643.84502099632,-2.456702217559188,0.0034937979240403615
published_vector_plot_digitization,5,11,right,figure5_mg_si_o_1_1_3_sio_on,true,gas_mixing_ratio,SiH3,0,non_convective,30,269.092458,326.872734,5.0396115776555535,109549.79713180264,-2.486006771694687,0.0032658273992286343
published_vector_plot_digitization,5,11,right,figure5_mg_si_o_1_1_3_sio_on,true,gas_mixing_ratio,SiH3,0,non_convective,31,269.192843,326.714986,5.035295938626742,108466.57794058272,-2.5167067066504303,0.0030429393289540087
published_vector_plot_digitization,5,11,right,figure5_mg_si_o_1_1_3_sio_on,true,gas_mixing_ratio,SiH3,0,non_convective,32,269.296814,326.560822,5.030826134318682,107355.95369090237,-2.546709145809844,0.0028398202662785203
published_vector_plot_digitization,5,11,right,figure5_mg_si_o_1_1_3_sio_on,true,gas_mixing_ratio,SiH3,0,non_convective,33,269.3972,326.399488,5.026510452298993,106294.41651722933,-2.5781069657894915,0.002641758017913995
published_vector_plot_digitization,5,11,right,figure5_mg_si_o_1_1_3_sio_on,true,gas_mixing_ratio,SiH3,0,non_convective,34,269.497585,326.234569,5.022194813270179,105243.38625605477,-2.610202476179272,0.0024535647513882902
published_vector_plot_digitization,5,11,right,figure5_mg_si_o_1_1_3_sio_on,true,gas_mixing_ratio,SiH3,0,non_convective,35,269.601556,326.066065,5.017725008962119,104165.76530484823,-2.642995676979186,0.002275120077485091
published_vector_plot_digitization,5,11,right,figure5_mg_si_o_1_1_3_sio_on,true,gas_mixing_ratio,SiH3,0,non_convective,36,269.701941,325.897561,5.013409369933307,103135.78296804329,-2.675788877779089,0.002109653459949279
published_vector_plot_digitization,5,11,right,figure5_mg_si_o_1_1_3_sio_on,true,gas_mixing_ratio,SiH3,0,non_convective,37,269.802327,325.721886,5.0090936879136185,102115.97490158361,-2.709977654013029,0.001949944928739423
published_vector_plot_digitization,5,11,right,figure5_mg_si_o_1_1_3_sio_on,true,gas_mixing_ratio,SiH3,0,non_convective,38,269.906297,325.542627,5.004623926596433,101070.38652815396,-2.7448639260433096,0.0017994346290247398
published_vector_plot_digitization,5,11,right,figure5_mg_si_o_1_1_3_sio_on,true,gas_mixing_ratio,SiH3,0,non_convective,39,270.107068,325.176937,4.995992605547931,99081.50747798434,-2.8160322401516793,0.0015274526625227234
published_vector_plot_digitization,5,11,right,figure5_mg_si_o_1_1_3_sio_on,true,gas_mixing_ratio,SiH3,0,non_convective,40,270.211039,324.986921,4.99152280123987,98066.97998952393,-2.853011972639901,0.001402775032295726
published_vector_plot_digitization,5,11,right,figure5_mg_si_o_1_1_3_sio_on,true,gas_mixing_ratio,SiH3,1,convective,0,270.311424,324.793321,4.987207162211059,97097.30192958371,-2.8906892009244634,0.001286206793386748
published_vector_plot_digitization,5,11,right,figure5_mg_si_o_1_1_3_sio_on,true,gas_mixing_ratio,SiH3,1,convective,1,272.545001,322.527477,4.891183731668065,77836.57751068982,-3.3316536722323407,0.00046595752283817957
published_vector_plot_digitization,5,11,right,figure5_mg_si_o_1_1_3_sio_on,true,gas_mixing_ratio,SiH3,1,convective,2,275.08332,319.612713,4.78205917576851,60542.33624518882,-3.89890691925518,0.0001262098006445736
published_vector_plot_digitization,5,11,right,figure5_mg_si_o_1_1_3_sio_on,true,gas_mixing_ratio,SiH3,1,convective,3,278.026766,315.876939,4.6555178554835805,45239.506161681114,-4.625940027816801,2.3662464323919596e-05
published_vector_plot_digitization,5,11,right,figure5_mg_si_o_1_1_3_sio_on,true,gas_mixing_ratio,SiH3,1,convective,4,281.174567,311.528096,4.520191134852653,33127.68857739825,-5.472284813378359,3.370661857824805e-06
published_vector_plot_digitization,5,11,right,figure5_mg_si_o_1_1_3_sio_on,true,gas_mixing_ratio,SiH3,1,convective,5,284.322369,306.802808,4.384864371230853,24258.523908789546,-6.391890984278664,4.0561033815635683e-07
published_vector_plot_digitization,5,11,right,figure5_mg_si_o_1_1_3_sio_on,true,gas_mixing_ratio,SiH3,1,convective,6,286.656332,302.984575,4.284525258668169,19254.190246399736,-7.1349717507282895,7.328722022517226e-08
published_vector_plot_digitization,5,11,right,figure5_mg_si_o_1_1_3_sio_on,true,gas_mixing_ratio,SiH3,1,convective,7,289.703748,296.255163,4.153514177066055,14240.137312507277,-8.444608073790633,3.592459875907334e-09
published_vector_plot_digitization,5,11,right,figure5_mg_si_o_1_1_3_sio_on,true,gas_mixing_ratio,SiH3,1,convective,8,292.647194,289.203083,4.026972856781126,10640.765118203613,-9.817040036812282,1.5239122606433108e-10
published_vector_plot_digitization,5,11,right,figure5_mg_si_o_1_1_3_sio_on,true,gas_mixing_ratio,SiH3,1,convective,9,295.490254,281.813994,3.904747218515886,8030.585651856023,-11.255058596047531,5.558292584014999e-12
published_vector_plot_digitization,5,11,right,figure5_mg_si_o_1_1_3_sio_on,true,gas_mixing_ratio,SiH3,1,convective,10,296.60525,278.382962,3.8568125643885747,7191.38540572206,-11.922784711314238,1.1945801355953985e-12
published_vector_plot_digitization,5,11,right,figure5_mg_si_o_1_1_3_sio_on,true,gas_mixing_ratio,SiH3,1,convective,11,297.114348,276.619046,3.83492599569514,6837.951178384154,-12.266067076018736,5.419171857817505e-13
published_vector_plot_digitization,5,11,right,figure5_mg_si_o_1_1_3_sio_on,true,gas_mixing_ratio,SiH3,2,non_convective,0,297.214733,276.256941,3.8306103566663268,6770.3380915598855,-12.336537699716994,4.6074677099853e-13
published_vector_plot_digitization,5,11,right,figure5_mg_si_o_1_1_3_sio_on,true,gas_mixing_ratio,SiH3,2,non_convective,1,298.028573,272.865346,3.7956226626163314,6246.2974648864065,-12.996588831244773,1.0078854338808114e-13
published_vector_plot_digitization,5,11,right,figure5_mg_si_o_1_1_3_sio_on,true,gas_mixing_ratio,SiH3,2,non_convective,2,299.043183,267.423019,3.752003690508709,5649.417755034718,-14.055740674107545,8.795475554381987e-15
published_vector_plot_digitization,5,11,right,figure5_mg_si_o_1_1_3_sio_on,true,gas_mixing_ratio,SiH3,2,non_convective,3,302.090599,250.515236,3.6209926089065942,4178.2325581027035,-17.346228276777133,4.5057980550858086e-18
published_vector_plot_digitization,5,11,right,figure5_mg_si_o_1_1_3_sio_on,true,gas_mixing_ratio,SiH3,2,non_convective,4,303.2474820842686,247.155907,3.571257192357879,3726.1230465102353,-18.0,1e-18
published_vector_plot_digitization,5,11,right,figure5_mg_si_o_1_1_3_sio_on,true,gas_mixing_ratio,CH4,0,non_convective,0,265.743885,322.563329,5.1835696623258585,152605.31593422272,-3.324676378903521,0.0004735039661688407
published_vector_plot_digitization,5,11,right,figure5_mg_si_o_1_1_3_sio_on,true,gas_mixing_ratio,CH4,0,non_convective,1,265.844271,322.574084,5.17925398030617,151096.35243294627,-3.3225833076731437,0.00047579151447594436
published_vector_plot_digitization,5,11,right,figure5_mg_si_o_1_1_3_sio_on,true,gas_mixing_ratio,CH4,0,non_convective,2,265.944656,322.581255,5.174938341277357,149602.32439306,-3.321187732239117,0.00047732289694708135
published_vector_plot_digitization,5,11,right,figure5_mg_si_o_1_1_3_sio_on,true,gas_mixing_ratio,CH4,0,non_convective,3,266.048627,322.59201,5.170468536969295,148070.4979776408,-3.3190946610087395,0.000479628894917252
published_vector_plot_digitization,5,11,right,figure5_mg_si_o_1_1_3_sio_on,true,gas_mixing_ratio,CH4,0,non_convective,4,266.249398,322.606351,5.161837215920796,145156.7433014005,-3.316303704754458,0.0004827211141890313
published_vector_plot_digitization,5,11,right,figure5_mg_si_o_1_1_3_sio_on,true,gas_mixing_ratio,CH4,0,non_convective,5,266.353368,322.617107,5.157367454603611,143670.45084552246,-3.314210438910309,0.0004850534088836449
published_vector_plot_digitization,5,11,right,figure5_mg_si_o_1_1_3_sio_on,true,gas_mixing_ratio,CH4,0,non_convective,6,266.554139,322.631448,5.148736133555108,140843.280992605,-3.3114194826560275,0.0004881806005826584
published_vector_plot_digitization,5,11,right,figure5_mg_si_o_1_1_3_sio_on,true,gas_mixing_ratio,CH4,0,non_convective,7,266.65811,322.638618,5.144266329247047,139401.14124555205,-3.310024101835772,0.0004897516390988118
published_vector_plot_digitization,5,11,right,figure5_mg_si_o_1_1_3_sio_on,true,gas_mixing_ratio,CH4,0,non_convective,8,266.959266,322.660129,5.131319369169734,135306.72088092534,-3.3058377647612454,0.0004944953763998889
published_vector_plot_digitization,5,11,right,figure5_mg_si_o_1_1_3_sio_on,true,gas_mixing_ratio,CH4,0,non_convective,9,267.063237,322.6673,5.126849564861673,133921.27175725673,-3.3044421893272085,0.0004960869591171987
published_vector_plot_digitization,5,11,right,figure5_mg_si_o_1_1_3_sio_on,true,gas_mixing_ratio,CH4,0,non_convective,10,267.264008,322.68164,5.118218243813174,131285.94779225136,-3.3016514276867084,0.0004992850615688051
published_vector_plot_digitization,5,11,right,figure5_mg_si_o_1_1_3_sio_on,true,gas_mixing_ratio,CH4,0,non_convective,11,267.367979,322.685226,5.1137484395051125,129941.66866010944,-3.3009535426628043,0.000500088027518347
published_vector_plot_digitization,5,11,right,figure5_mg_si_o_1_1_3_sio_on,true,gas_mixing_ratio,CH4,0,non_convective,12,267.56875,322.699566,5.105117118456611,127384.65595421479,-3.298162781022304,0.00050331192348544
published_vector_plot_digitization,5,11,right,figure5_mg_si_o_1_1_3_sio_on,true,gas_mixing_ratio,CH4,0,non_convective,13,267.67272,322.703152,5.100647357139425,126080.33588727689,-3.2974648959984005,0.0005041213655610493
published_vector_plot_digitization,5,11,right,figure5_mg_si_o_1_1_3_sio_on,true,gas_mixing_ratio,CH4,0,non_convective,14,267.773106,322.710322,5.096331675119739,124833.65176020189,-3.2960695151781447,0.0005057437038538189
published_vector_plot_digitization,5,11,right,figure5_mg_si_o_1_1_3_sio_on,true,gas_mixing_ratio,CH4,0,non_convective,15,267.873491,322.713907,5.092016036090925,123599.30709834817,-3.2953718247680226,0.0005065568297994903
published_vector_plot_digitization,5,11,right,figure5_mg_si_o_1_1_3_sio_on,true,gas_mixing_ratio,CH4,0,non_convective,16,267.977462,322.721078,5.087546231782865,122333.73395763095,-3.293976249333996,0.0005081872335082326
published_vector_plot_digitization,5,11,right,figure5_mg_si_o_1_1_3_sio_on,true,gas_mixing_ratio,CH4,0,non_convective,17,268.077848,322.724663,5.083230549763176,121124.0962829087,-3.2932785589238627,0.0005090042881184676
published_vector_plot_digitization,5,11,right,figure5_mg_si_o_1_1_3_sio_on,true,gas_mixing_ratio,CH4,0,non_convective,18,268.178233,322.731833,5.0789149107343645,119926.43139399099,-3.2918831781036184,0.000510642340389616
published_vector_plot_digitization,5,11,right,figure5_mg_si_o_1_1_3_sio_on,true,gas_mixing_ratio,CH4,0,non_convective,19,268.282204,322.735418,5.074445106426303,118698.4660113569,-3.291185487693496,0.0005114633422780536
published_vector_plot_digitization,5,11,right,figure5_mg_si_o_1_1_3_sio_on,true,gas_mixing_ratio,CH4,0,non_convective,20,268.482975,322.742589,5.065813785377801,116362.6988252732,-3.289789912259459,0.0005131095380868675
published_vector_plot_digitization,5,11,right,figure5_mg_si_o_1_1_3_sio_on,true,gas_mixing_ratio,CH4,0,non_convective,21,268.586945,322.746174,5.061344024060616,115171.2350497977,-3.289092221849337,0.0005139345066929236
published_vector_plot_digitization,5,11,right,figure5_mg_si_o_1_1_3_sio_on,true,gas_mixing_ratio,CH4,0,non_convective,22,268.687331,322.749759,5.05702834204093,114032.42026459142,-3.2883945314392147,0.0005147608016691802
published_vector_plot_digitization,5,11,right,figure5_mg_si_o_1_1_3_sio_on,true,gas_mixing_ratio,CH4,0,non_convective,23,268.787716,322.756929,5.052712703012117,112904.8772724004,-3.286999150618959,0.0005164173792657978
published_vector_plot_digitization,5,11,right,figure5_mg_si_o_1_1_3_sio_on,true,gas_mixing_ratio,CH4,0,non_convective,24,268.891687,322.760515,5.048242898704055,111748.8078454233,-3.2863012655950548,0.0005172478979478492
published_vector_plot_digitization,5,11,right,figure5_mg_si_o_1_1_3_sio_on,true,gas_mixing_ratio,CH4,0,non_convective,25,268.992072,322.7641,5.043927259675242,110643.84502099632,-3.2856035751849326,0.0005180795201370342
published_vector_plot_digitization,5,11,right,figure5_mg_si_o_1_1_3_sio_on,true,gas_mixing_ratio,CH4,0,non_convective,26,269.092458,322.7641,5.0396115776555535,109549.79713180264,-3.2856035751849326,0.0005180795201370342
published_vector_plot_digitization,5,11,right,figure5_mg_si_o_1_1_3_sio_on,true,gas_mixing_ratio,CH4,0,non_convective,27,269.192843,322.767685,5.035295938626742,108466.57794058272,-3.28490588477481,0.0005189124793939356
published_vector_plot_digitization,5,11,right,figure5_mg_si_o_1_1_3_sio_on,true,gas_mixing_ratio,CH4,0,non_convective,28,269.296814,322.77127,5.030826134318682,107355.95369090237,-3.284208194364677,0.0005197467778682803
published_vector_plot_digitization,5,11,right,figure5_mg_si_o_1_1_3_sio_on,true,gas_mixing_ratio,CH4,0,non_convective,29,269.497585,322.778441,5.022194813270179,105243.38625605477,-3.282812618930651,0.0005214196347411768
published_vector_plot_digitization,5,11,right,figure5_mg_si_o_1_1_3_sio_on,true,gas_mixing_ratio,CH4,0,non_convective,30,269.601556,322.782026,5.017725008962119,104165.76530484823,-3.282114928520529,0.0005222579641763429
published_vector_plot_digitization,5,11,right,figure5_mg_si_o_1_1_3_sio_on,true,gas_mixing_ratio,CH4,0,non_convective,31,269.701941,322.785611,5.013409369933307,103135.78296804329,-3.2814172381103957,0.000523097641463032
published_vector_plot_digitization,5,11,right,figure5_mg_si_o_1_1_3_sio_on,true,gas_mixing_ratio,CH4,0,non_convective,32,269.802327,322.785611,5.0090936879136185,102115.97490158361,-3.2814172381103957,0.000523097641463032
published_vector_plot_digitization,5,11,right,figure5_mg_si_o_1_1_3_sio_on,true,gas_mixing_ratio,CH4,0,non_convective,33,269.906297,322.789196,5.004623926596433,101070.38652815396,-3.280719547700273,0.0005239386687682703
published_vector_plot_digitization,5,11,right,figure5_mg_si_o_1_1_3_sio_on,true,gas_mixing_ratio,CH4,0,non_convective,34,270.006683,322.792781,5.000308244576744,100071.0011306189,-3.280021857290151,0.0005247810482626064
published_vector_plot_digitization,5,11,right,figure5_mg_si_o_1_1_3_sio_on,true,gas_mixing_ratio,CH4,0,non_convective,35,270.107068,322.792781,4.995992605547931,99081.50747798434,-3.280021857290151,0.0005247810482626064
published_vector_plot_digitization,5,11,right,figure5_mg_si_o_1_1_3_sio_on,true,gas_mixing_ratio,CH4,0,non_convective,36,270.211039,322.796367,4.99152280123987,98066.97998952393,-3.279323972266247,0.0005256250176603603
published_vector_plot_digitization,5,11,right,figure5_mg_si_o_1_1_3_sio_on,true,gas_mixing_ratio,CH4,1,convective,0,270.311424,322.799952,4.987207162211059,97097.30192958371,-3.2786262818561136,0.0005264701084371779
published_vector_plot_digitization,5,11,right,figure5_mg_si_o_1_1_3_sio_on,true,gas_mixing_ratio,CH4,1,convective,1,295.389869,322.85373,3.9090628575446993,8110.7844067166725,-3.2681603418629015,0.0005393114715363073
published_vector_plot_digitization,5,11,right,figure5_mg_si_o_1_1_3_sio_on,true,gas_mixing_ratio,CH4,1,convective,2,297.114348,322.85373,3.83492599569514,6837.951178384154,-3.2681603418629015,0.0005393114715363073
published_vector_plot_digitization,5,11,right,figure5_mg_si_o_1_1_3_sio_on,true,gas_mixing_ratio,CH4,2,non_convective,0,297.214733,322.85373,3.8306103566663268,6770.3380915598855,-3.2681603418629015,0.0005393114715363073
published_vector_plot_digitization,5,11,right,figure5_mg_si_o_1_1_3_sio_on,true,gas_mixing_ratio,CH4,2,non_convective,1,372.145324,322.749759,0.6092786540055588,4.067041968677827,-3.2883945314392147,0.0005147608016691802
published_vector_plot_digitization,5,11,right,figure5_mg_si_o_1_1_3_sio_on,true,gas_mixing_ratio,CH4,2,non_convective,2,378.437342,322.513136,0.3387792920412025,2.1816209328140164,-3.3344446284866223,0.0004629726879312347
published_vector_plot_digitization,5,11,right,figure5_mg_si_o_1_1_3_sio_on,true,gas_mixing_ratio,CH4,2,non_convective,3,382.599754,322.140276,0.15983355631177698,1.4448859110023737,-3.4070083234152473,0.000391734369300976
published_vector_plot_digitization,5,11,right,figure5_mg_si_o_1_1_3_sio_on,true,gas_mixing_ratio,CH4,2,non_convective,4,386.052298,321.616837,0.011405667333413324,1.0266104184346974,-3.5088767670931524,0.0003098298329828442
published_vector_plot_digitization,5,11,right,figure5_mg_si_o_1_1_3_sio_on,true,gas_mixing_ratio,CH4,2,non_convective,5,389.300485,320.896213,-0.12823673531720112,0.7443261287384579,-3.649120129465743,0.00022432613332143853
published_vector_plot_digitization,5,11,right,figure5_mg_si_o_1_1_3_sio_on,true,gas_mixing_ratio,CH4,2,non_convective,6,392.652643,319.924625,-0.2723489422758787,0.5341350258557943,-3.8382045451400226,0.0001451427859328501
published_vector_plot_digitization,5,11,right,figure5_mg_si_o_1_1_3_sio_on,true,gas_mixing_ratio,CH4,2,non_convective,7,396.610699,318.533569,-0.44250923466842984,0.36098633763215754,-4.108923214915896,7.781741233233386e-05
published_vector_plot_digitization,5,11,right,figure5_mg_si_o_1_1_3_sio_on,true,gas_mixing_ratio,CH4,2,non_convective,8,401.891693,316.425474,-0.6695437898044112,0.2140209119139621,-4.519187556654236,3.025606491891487e-05
published_vector_plot_digitization,5,11,right,figure5_mg_si_o_1_1_3_sio_on,true,gas_mixing_ratio,CH4,2,non_convective,9,411.030357,312.499685,-1.0624229553132576,0.08661179607446069,-5.283200203090297,5.209545037131417e-06
published_vector_plot_digitization,5,11,right,figure5_mg_si_o_1_1_3_sio_on,true,gas_mixing_ratio,CH4,2,non_convective,10,444.125298,297.897182,-2.4852034408026578,0.0032718739139198007,-8.125048545326853,7.498103910329306e-09
published_vector_plot_digitization,5,11,right,figure5_mg_si_o_1_1_3_sio_on,true,gas_mixing_ratio,CH4,2,non_convective,11,456.006637,292.648456,-2.995992605547933,0.0010092700701209993,-9.14652296529128,7.136364673584686e-10
published_vector_plot_digitization,5,11,right,figure5_mg_si_o_1_1_3_sio_on,true,gas_mixing_ratio,Mg(OH)2,0,non_convective,0,265.743885,326.815371,5.1835696623258585,152605.31593422272,-2.4971704020980208,0.0031829483980848733
published_vector_plot_digitization,5,11,right,figure5_mg_si_o_1_1_3_sio_on,true,gas_mixing_ratio,Mg(OH)2,0,non_convective,1,265.844271,326.650452,5.17925398030617,151096.35243294627,-2.529265912487813,0.0029562018709023592
published_vector_plot_digitization,5,11,right,figure5_mg_si_o_1_1_3_sio_on,true,gas_mixing_ratio,Mg(OH)2,0,non_convective,2,265.944656,326.481948,5.174938341277357,149602.32439306,-2.5620591132877153,0.0027412010324094943
published_vector_plot_digitization,5,11,right,figure5_mg_si_o_1_1_3_sio_on,true,gas_mixing_ratio,Mg(OH)2,0,non_convective,3,266.048627,326.306273,5.170468536969295,148070.4979776408,-2.5962478895216563,0.0025336820256397293
published_vector_plot_digitization,5,11,right,figure5_mg_si_o_1_1_3_sio_on,true,gas_mixing_ratio,Mg(OH)2,0,non_convective,4,266.149012,326.130599,5.166152897940482,146606.3893324193,-2.6304364711418033,0.0023418740208560464
published_vector_plot_digitization,5,11,right,figure5_mg_si_o_1_1_3_sio_on,true,gas_mixing_ratio,Mg(OH)2,0,non_convective,5,266.249398,325.947754,5.161837215920796,145156.7433014005,-2.666020628195999,0.0021576419226616377
published_vector_plot_digitization,5,11,right,figure5_mg_si_o_1_1_3_sio_on,true,gas_mixing_ratio,Mg(OH)2,0,non_convective,6,266.353368,325.757738,5.157367454603611,143670.45084552246,-2.70300036068421,0.001981525380135529
published_vector_plot_digitization,5,11,right,figure5_mg_si_o_1_1_3_sio_on,true,gas_mixing_ratio,Mg(OH)2,0,non_convective,7,266.453754,325.567723,5.153051772583922,142249.83541538063,-2.73997989855865,0.0018197850859215119
published_vector_plot_digitization,5,11,right,figure5_mg_si_o_1_1_3_sio_on,true,gas_mixing_ratio,Mg(OH)2,0,non_convective,8,266.554139,325.370537,5.148736133555108,140843.280992605,-2.778355011867117,0.0016658848864874783
published_vector_plot_digitization,5,11,right,figure5_mg_si_o_1_1_3_sio_on,true,gas_mixing_ratio,Mg(OH)2,0,non_convective,9,266.65811,325.166181,5.144266329247047,139401.14124555205,-2.8181255059958388,0.0015201081728730323
published_vector_plot_digitization,5,11,right,figure5_mg_si_o_1_1_3_sio_on,true,gas_mixing_ratio,Mg(OH)2,0,non_convective,10,266.758495,324.95824,5.139950690218236,138022.7544714217,-2.858593690534683,0.001384861396954084
published_vector_plot_digitization,5,11,right,figure5_mg_si_o_1_1_3_sio_on,true,gas_mixing_ratio,Mg(OH)2,0,non_convective,11,266.858881,324.746713,5.135635008198547,136657.98354212596,-2.899759760097431,0.001259622007763576
published_vector_plot_digitization,5,11,right,figure5_mg_si_o_1_1_3_sio_on,true,gas_mixing_ratio,Mg(OH)2,0,non_convective,12,266.959266,324.531601,5.131319369169734,135306.72088092534,-2.941623520070302,0.0011438694993633504
published_vector_plot_digitization,5,11,right,figure5_mg_si_o_1_1_3_sio_on,true,gas_mixing_ratio,Mg(OH)2,0,non_convective,13,267.063237,324.424045,5.126849564861673,133921.27175725673,-2.9625554000567482,0.0010900454336743943
published_vector_plot_digitization,5,11,right,figure5_mg_si_o_1_1_3_sio_on,true,gas_mixing_ratio,Mg(OH)2,0,non_convective,14,267.163623,324.31649,5.122533882841987,132597.05634648292,-2.9834870854294016,0.001038754491299437
published_vector_plot_digitization,5,11,right,figure5_mg_si_o_1_1_3_sio_on,true,gas_mixing_ratio,Mg(OH)2,0,non_convective,15,267.264008,324.205349,5.118218243813174,131285.94779225136,-3.005116655825959,0.0009882875951034375
published_vector_plot_digitization,5,11,right,figure5_mg_si_o_1_1_3_sio_on,true,gas_mixing_ratio,Mg(OH)2,0,non_convective,16,267.367979,324.094207,5.1137484395051125,129941.66866010944,-3.02674642083631,0.0009402721635738216
published_vector_plot_digitization,5,11,right,figure5_mg_si_o_1_1_3_sio_on,true,gas_mixing_ratio,Mg(OH)2,0,non_convective,17,267.56875,323.871925,5.105117118456611,127384.65595421479,-3.070005561629436,0.0008511271384920315
published_vector_plot_digitization,5,11,right,figure5_mg_si_o_1_1_3_sio_on,true,gas_mixing_ratio,Mg(OH)2,0,non_convective,18,267.67272,323.757199,5.100647357139425,126080.33588727689,-3.0923328224361155,0.0008084760844624781
published_vector_plot_digitization,5,11,right,figure5_mg_si_o_1_1_3_sio_on,true,gas_mixing_ratio,Mg(OH)2,0,non_convective,19,267.873491,323.527747,5.092016036090925,123599.30709834817,-3.136987344049497,0.0007294787679795602
published_vector_plot_digitization,5,11,right,figure5_mg_si_o_1_1_3_sio_on,true,gas_mixing_ratio,Mg(OH)2,0,non_convective,20,267.977462,323.409435,5.087546231782865,122333.73395763095,-3.1600124898800916,0.0006918110748300382
published_vector_plot_digitization,5,11,right,figure5_mg_si_o_1_1_3_sio_on,true,gas_mixing_ratio,Mg(OH)2,0,non_convective,21,268.077848,323.291124,5.083230549763176,121124.0962829087,-3.1830374410968933,0.0006560887015972095
published_vector_plot_digitization,5,11,right,figure5_mg_si_o_1_1_3_sio_on,true,gas_mixing_ratio,Mg(OH)2,0,non_convective,22,268.178233,323.169227,5.0789149107343645,119926.43139399099,-3.206760277337622,0.000621211837256868
published_vector_plot_digitization,5,11,right,figure5_mg_si_o_1_1_3_sio_on,true,gas_mixing_ratio,Mg(OH)2,0,non_convective,23,268.282204,323.050916,5.074445106426303,118698.4660113569,-3.2297852285544346,0.0005891349279466153
published_vector_plot_digitization,5,11,right,figure5_mg_si_o_1_1_3_sio_on,true,gas_mixing_ratio,Mg(OH)2,0,non_convective,24,268.382589,322.925434,5.07012946739749,117524.78555079679,-3.254205755205274,0.000556921834192361
published_vector_plot_digitization,5,11,right,figure5_mg_si_o_1_1_3_sio_on,true,gas_mixing_ratio,Mg(OH)2,0,non_convective,25,268.482975,322.803537,5.065813785377801,116362.6988252732,-3.277928591445991,0.00052731655793626
published_vector_plot_digitization,5,11,right,figure5_mg_si_o_1_1_3_sio_on,true,gas_mixing_ratio,Mg(OH)2,0,non_convective,26,268.586945,322.678055,5.061344024060616,115171.2350497977,-3.3023491180968416,0.0004984836082787272
published_vector_plot_digitization,5,11,right,figure5_mg_si_o_1_1_3_sio_on,true,gas_mixing_ratio,Mg(OH)2,0,non_convective,27,268.687331,322.552573,5.05702834204093,114032.42026459142,-3.3267696447476807,0.00047122720495460375
published_vector_plot_digitization,5,11,right,figure5_mg_si_o_1_1_3_sio_on,true,gas_mixing_ratio,Mg(OH)2,0,non_convective,28,268.787716,322.423506,5.052712703012117,112904.8772724004,-3.3518878618086534,0.0004447460895217012
published_vector_plot_digitization,5,11,right,figure5_mg_si_o_1_1_3_sio_on,true,gas_mixing_ratio,Mg(OH)2,0,non_convective,29,268.891687,322.294439,5.048242898704055,111748.8078454233,-3.3770060788696146,0.00041975310861754164
published_vector_plot_digitization,5,11,right,figure5_mg_si_o_1_1_3_sio_on,true,gas_mixing_ratio,Mg(OH)2,0,non_convective,30,269.092458,322.029135,5.0396115776555535,109549.79713180264,-3.4286378938118047,0.0003727023286046352
published_vector_plot_digitization,5,11,right,figure5_mg_si_o_1_1_3_sio_on,true,gas_mixing_ratio,Mg(OH)2,0,non_convective,31,269.192843,321.892897,5.035295938626742,108466.57794058272,-3.4551516863068037,0.00035062938801659475
published_vector_plot_digitization,5,11,right,figure5_mg_si_o_1_1_3_sio_on,true,gas_mixing_ratio,Mg(OH)2,0,non_convective,32,269.296814,321.75666,5.030826134318682,107355.95369090237,-3.4816652841880202,0.0003298638441376285
published_vector_plot_digitization,5,11,right,figure5_mg_si_o_1_1_3_sio_on,true,gas_mixing_ratio,Mg(OH)2,0,non_convective,33,269.3972,321.620422,5.026510452298993,106294.41651722933,-3.508179076683019,0.0003103279720086505
published_vector_plot_digitization,5,11,right,figure5_mg_si_o_1_1_3_sio_on,true,gas_mixing_ratio,Mg(OH)2,0,non_convective,34,269.497585,321.4806,5.022194813270179,105243.38625605477,-3.53539036497437,0.0002914805867082742
published_vector_plot_digitization,5,11,right,figure5_mg_si_o_1_1_3_sio_on,true,gas_mixing_ratio,Mg(OH)2,0,non_convective,35,269.601556,321.337192,5.017725008962119,104165.76530484823,-3.563299538289613,0.0002733382827986121
published_vector_plot_digitization,5,11,right,figure5_mg_si_o_1_1_3_sio_on,true,gas_mixing_ratio,Mg(OH)2,0,non_convective,36,269.701941,321.193784,5.013409369933307,103135.78296804329,-3.5912087116048674,0.0002563251902538155
published_vector_plot_digitization,5,11,right,figure5_mg_si_o_1_1_3_sio_on,true,gas_mixing_ratio,Mg(OH)2,0,non_convective,37,269.802327,321.046791,5.0090936879136185,102115.97490158361,-3.619815575330244,0.00023998518081254372
published_vector_plot_digitization,5,11,right,figure5_mg_si_o_1_1_3_sio_on,true,gas_mixing_ratio,Mg(OH)2,0,non_convective,38,269.906297,320.899798,5.004623926596433,101070.38652815396,-3.648422439055621,0.00022468680098354854
published_vector_plot_digitization,5,11,right,figure5_mg_si_o_1_1_3_sio_on,true,gas_mixing_ratio,Mg(OH)2,0,non_convective,39,270.006683,320.74922,5.000308244576744,100071.0011306189,-3.6777269931911194,0.0002100259736969916
published_vector_plot_digitization,5,11,right,figure5_mg_si_o_1_1_3_sio_on,true,gas_mixing_ratio,Mg(OH)2,0,non_convective,40,270.107068,320.595056,4.995992605547931,99081.50747798434,-3.7077294323505225,0.0001960065423830294
published_vector_plot_digitization,5,11,right,figure5_mg_si_o_1_1_3_sio_on,true,gas_mixing_ratio,Mg(OH)2,0,non_convective,41,270.211039,320.440893,4.99152280123987,98066.97998952393,-3.7377316768961437,0.0001829230032677221
published_vector_plot_digitization,5,11,right,figure5_mg_si_o_1_1_3_sio_on,true,gas_mixing_ratio,Mg(OH)2,1,convective,0,270.311424,320.283144,4.987207162211059,97097.30192958371,-3.76843180646568,0.00017043869235525938
published_vector_plot_digitization,5,11,right,figure5_mg_si_o_1_1_3_sio_on,true,gas_mixing_ratio,Mg(OH)2,1,convective,1,273.358841,317.9205,4.856196037618069,71811.83719415081,-4.228234891915832,5.912417694726742e-05
published_vector_plot_digitization,5,11,right,figure5_mg_si_o_1_1_3_sio_on,true,gas_mixing_ratio,Mg(OH)2,1,convective,2,276.302286,315.357085,4.729654760324015,53660.50559499321,-4.727110781084585,1.8745162900748606e-05
published_vector_plot_digitization,5,11,right,figure5_mg_si_o_1_1_3_sio_on,true,gas_mixing_ratio,Mg(OH)2,1,convective,3,279.245732,312.496099,4.6031134400390865,40097.14398321619,-5.283898088114201,5.2011803352244804e-06
published_vector_plot_digitization,5,11,right,figure5_mg_si_o_1_1_3_sio_on,true,gas_mixing_ratio,Mg(OH)2,1,convective,4,282.088792,309.423587,4.480887801773845,30261.315382401815,-5.881851270092795,1.3126493562407577e-06
published_vector_plot_digitization,5,11,right,figure5_mg_si_o_1_1_3_sio_on,true,gas_mixing_ratio,Mg(OH)2,1,convective,5,284.931853,306.028406,4.358662120517729,22838.2130758878,-6.542600286644477,2.866815298359376e-07
published_vector_plot_digitization,5,11,right,figure5_mg_si_o_1_1_3_sio_on,true,gas_mixing_ratio,Mg(OH)2,1,convective,6,287.065044,303.497258,4.266954371994423,18490.743406484376,-7.035196572894543,9.221539419985254e-08
published_vector_plot_digitization,5,11,right,figure5_mg_si_o_1_1_3_sio_on,true,gas_mixing_ratio,Mg(OH)2,1,convective,7,288.789523,301.840898,4.192817510144867,15588.973189925226,-7.357547057612606,4.38988296856884e-08
published_vector_plot_digitization,5,11,right,figure5_mg_si_o_1_1_3_sio_on,true,gas_mixing_ratio,Mg(OH)2,1,convective,8,291.732969,298.097953,4.066276189859935,11648.665915761469,-8.085975741608253,8.203973679950054e-09
published_vector_plot_digitization,5,11,right,figure5_mg_si_o_1_1_3_sio_on,true,gas_mixing_ratio,Mg(OH)2,1,convective,9,294.981156,293.408517,3.9266337872093207,8445.66375944867,-8.998604619179751,1.003218150238397e-09
published_vector_plot_digitization,5,11,right,figure5_mg_si_o_1_1_3_sio_on,true,gas_mixing_ratio,Mg(OH)2,1,convective,10,296.304093,291.597993,3.8697595674567635,7408.999533828498,-9.350957543057225,4.4569981820446437e-10
published_vector_plot_digitization,5,11,right,figure5_mg_si_o_1_1_3_sio_on,true,gas_mixing_ratio,Mg(OH)2,1,convective,11,297.114348,290.798495,3.83492599569514,6837.951178384154,-9.506550872907688,3.114935993495142e-10
published_vector_plot_digitization,5,11,right,figure5_mg_si_o_1_1_3_sio_on,true,gas_mixing_ratio,Mg(OH)2,2,non_convective,0,297.214733,290.680183,3.8306103566663268,6770.3380915598855,-9.529576018738284,2.9540917601415663e-10
published_vector_plot_digitization,5,11,right,figure5_mg_si_o_1_1_3_sio_on,true,gas_mixing_ratio,Mg(OH)2,2,non_convective,1,297.928187,290.027678,3.7999383446360198,6308.677758923029,-9.656562484863379,2.205146844283877e-10
published_vector_plot_digitization,5,11,right,figure5_mg_si_o_1_1_3_sio_on,true,gas_mixing_ratio,Mg(OH)2,2,non_convective,2,298.53767,289.762373,3.7737361369137714,5939.311958531396,-9.70819449441934,1.9579676210083225e-10
published_vector_plot_digitization,5,11,right,figure5_mg_si_o_1_1_3_sio_on,true,gas_mixing_ratio,Mg(OH)2,2,non_convective,3,299.44831,289.658403,3.7345869261233346,5427.338712454164,-9.728428489381871,1.8688373733451376e-10
published_vector_plot_digitization,5,11,right,figure5_mg_si_o_1_1_3_sio_on,true,gas_mixing_ratio,Mg(OH)2,2,non_convective,4,301.886243,289.561602,3.6297780522434686,4263.615695013247,-9.74726729813794,1.7895041169208203e-10
published_vector_plot_digitization,5,11,right,figure5_mg_si_o_1_1_3_sio_on,true,gas_mixing_ratio,Mg(OH)2,2,non_convective,5,305.034045,285.592791,3.4944512886216654,3122.132201699525,-10.519652618723065,3.022368270473034e-11
published_vector_plot_digitization,5,11,right,figure5_mg_si_o_1_1_3_sio_on,true,gas_mixing_ratio,Mg(OH)2,2,non_convective,6,307.471978,282.857286,3.3896424147417994,2452.68861265765,-11.052019593715624,8.871159878349748e-12
published_vector_plot_digitization,5,11,right,figure5_mg_si_o_1_1_3_sio_on,true,gas_mixing_ratio,Mg(OH)2,2,non_convective,7,309.705555,280.681072,3.293618984198805,1966.1605782533834,-11.475540831701469,3.3454856263160092e-12
published_vector_plot_digitization,5,11,right,figure5_mg_si_o_1_1_3_sio_on,true,gas_mixing_ratio,Mg(OH)2,2,non_convective,8,311.734776,279.006786,3.206380996992685,1608.3516057600036,-11.801379963083935,1.5798652145811047e-12
published_vector_plot_digitization,5,11,right,figure5_mg_si_o_1_1_3_sio_on,true,gas_mixing_ratio,Mg(OH)2,2,non_convective,9,313.763997,277.61573,3.119143009786565,1315.6579967892208,-12.072098632859808,8.470350217023351e-13
published_vector_plot_digitization,5,11,right,figure5_mg_si_o_1_1_3_sio_on,true,gas_mixing_ratio,Mg(OH)2,2,non_convective,10,315.796803,276.489979,3.031750900292073,1075.8479589900583,-12.291185293079709,5.114635714724011e-13
published_vector_plot_digitization,5,11,right,figure5_mg_si_o_1_1_3_sio_on,true,gas_mixing_ratio,Mg(OH)2,2,non_convective,11,317.926409,275.564998,2.9401972740571423,871.359306589685,-12.471199344194803,3.3790969769695464e-13
published_vector_plot_digitization,5,11,right,figure5_mg_si_o_1_1_3_sio_on,true,gas_mixing_ratio,Mg(OH)2,2,non_convective,12,320.263956,274.797766,2.8397040821969624,691.3597345160416,-12.620513265740362,2.3959995616327496e-13
published_vector_plot_digitization,5,11,right,figure5_mg_si_o_1_1_3_sio_on,true,gas_mixing_ratio,Mg(OH)2,2,non_convective,13,322.902661,274.177527,2.7262638442777187,532.4316259686378,-12.741220323560553,1.8145948603086569e-13
published_vector_plot_digitization,5,11,right,figure5_mg_si_o_1_1_3_sio_on,true,gas_mixing_ratio,Mg(OH)2,2,non_convective,14,325.950077,273.700696,2.5952527626756043,393.779191245533,-12.83401820806549,1.4654863982418104e-13
published_vector_plot_digitization,5,11,right,figure5_mg_si_o_1_1_3_sio_on,true,gas_mixing_ratio,Mg(OH)2,2,non_convective,15,329.703777,273.342177,2.4338779136199276,271.5675746296658,-12.903790946739834,1.2479841029533138e-13
published_vector_plot_digitization,5,11,right,figure5_mg_si_o_1_1_3_sio_on,true,gas_mixing_ratio,Mg(OH)2,2,non_convective,16,334.884385,273.087628,2.211159040503632,162.61441476939578,-12.953329690451646,1.1134489486831538e-13
published_vector_plot_digitization,5,11,right,figure5_mg_si_o_1_1_3_sio_on,true,gas_mixing_ratio,Mg(OH)2,2,non_convective,17,343.004853,272.940635,1.8620530123816552,72.78686467791005,-12.981936554177022,1.0424697120508093e-13
published_vector_plot_digitization,5,11,right,figure5_mg_si_o_1_1_3_sio_on,true,gas_mixing_ratio,Mg(OH)2,2,non_convective,18,361.583337,272.890442,1.0633477212866516,11.570382631991587,-12.991704803760113,1.0192839747048237e-13
published_vector_plot_digitization,5,11,right,figure5_mg_si_o_1_1_3_sio_on,true,gas_mixing_ratio,Mg(OH)2,2,non_convective,19,423.313237,272.747034,-1.5904747191646598,0.02567587666306696,-13.019613977075368,9.558418091452409e-14
published_vector_plot_digitization,5,11,right,figure5_mg_si_o_1_1_3_sio_on,true,gas_mixing_ratio,Mg(OH)2,2,non_convective,20,436.105215,272.506826,-2.140413051709494,0.0072374728620809466,-13.066361764532896,8.582982666646727e-14
published_vector_plot_digitization,5,11,right,figure5_mg_si_o_1_1_3_sio_on,true,gas_mixing_ratio,Mg(OH)2,2,non_convective,21,444.534011,272.137551,-2.5027743704672814,0.003142140710027034,-13.1382277690514,7.273982149434371e-14
published_vector_plot_digitization,5,11,right,figure5_mg_si_o_1_1_3_sio_on,true,gas_mixing_ratio,Mg(OH)2,2,non_convective,22,451.435512,271.614112,-2.7994759401538865,0.0015868068253655498,-13.240096212729306,5.753124696464636e-14
published_vector_plot_digitization,5,11,right,figure5_mg_si_o_1_1_3_sio_on,true,gas_mixing_ratio,Mg(OH)2,2,non_convective,23,456.006637,271.137281,-2.995992605547933,0.0010092700701209993,-13.332894097234245,4.6462856114470794e-14
published_vector_plot_digitization,5,11,right,figure5_mg_si_o_1_1_3_sio_on,true,gas_mixing_ratio,SiH4,0,non_convective,0,265.743885,330.762672,5.1835696623258585,152605.31593422272,-1.7289712239736519,0.01866503359848965
published_vector_plot_digitization,5,11,right,figure5_mg_si_o_1_1_3_sio_on,true,gas_mixing_ratio,SiH4,0,non_convective,1,265.844271,330.74116,5.17925398030617,151096.35243294627,-1.733157755661971,0.01848597001841796
published_vector_plot_digitization,5,11,right,figure5_mg_si_o_1_1_3_sio_on,true,gas_mixing_ratio,SiH4,0,non_convective,2,265.944656,330.723234,5.174938341277357,149602.32439306,-1.736646402326375,0.01833806879616255
published_vector_plot_digitization,5,11,right,figure5_mg_si_o_1_1_3_sio_on,true,gas_mixing_ratio,SiH4,0,non_convective,3,266.048627,330.705308,5.170468536969295,148070.4979776408,-1.740135048990779,0.018191350891391855
published_vector_plot_digitization,5,11,right,figure5_mg_si_o_1_1_3_sio_on,true,gas_mixing_ratio,SiH4,0,non_convective,4,266.149012,330.687382,5.166152897940482,146606.3893324193,-1.7436236956551832,0.01804580683670425
published_vector_plot_digitization,5,11,right,figure5_mg_si_o_1_1_3_sio_on,true,gas_mixing_ratio,SiH4,0,non_convective,5,266.249398,330.673042,5.161837215920796,145156.7433014005,-1.746414457295683,0.017930216879127037
published_vector_plot_digitization,5,11,right,figure5_mg_si_o_1_1_3_sio_on,true,gas_mixing_ratio,SiH4,0,non_convective,6,266.353368,330.655116,5.157367454603611,143670.45084552246,-1.749903103960087,0.017786762086704173
published_vector_plot_digitization,5,11,right,figure5_mg_si_o_1_1_3_sio_on,true,gas_mixing_ratio,SiH4,0,non_convective,7,266.453754,330.64436,5.153051772583922,142249.83541538063,-1.7519963698042467,0.01770123754427313
published_vector_plot_digitization,5,11,right,figure5_mg_si_o_1_1_3_sio_on,true,gas_mixing_ratio,SiH4,0,non_convective,8,266.554139,330.630019,5.148736133555108,140843.280992605,-1.7547873260585285,0.017587846796986877
published_vector_plot_digitization,5,11,right,figure5_mg_si_o_1_1_3_sio_on,true,gas_mixing_ratio,SiH4,0,non_convective,9,266.65811,330.619264,5.144266329247047,139401.14124555205,-1.7568803972889062,0.01750328654750373
published_vector_plot_digitization,5,11,right,figure5_mg_si_o_1_1_3_sio_on,true,gas_mixing_ratio,SiH4,0,non_convective,10,266.758495,330.608508,5.139950690218236,138022.7544714217,-1.7589736631330657,0.01741912504774805
published_vector_plot_digitization,5,11,right,figure5_mg_si_o_1_1_3_sio_on,true,gas_mixing_ratio,SiH4,0,non_convective,11,266.858881,330.601338,5.135635008198547,136657.98354212596,-1.7603690439533102,0.017363247508638945
published_vector_plot_digitization,5,11,right,figure5_mg_si_o_1_1_3_sio_on,true,gas_mixing_ratio,SiH4,0,non_convective,12,266.959266,330.590582,5.131319369169734,135306.72088092534,-1.7624623097974697,0.01727975936217056
published_vector_plot_digitization,5,11,right,figure5_mg_si_o_1_1_3_sio_on,true,gas_mixing_ratio,SiH4,0,non_convective,13,267.063237,330.511708,5.126849564861673,133921.27175725673,-1.7778122772753413,0.01667968031844586
published_vector_plot_digitization,5,11,right,figure5_mg_si_o_1_1_3_sio_on,true,gas_mixing_ratio,SiH4,0,non_convective,14,267.264008,330.353959,5.118218243813174,131285.94779225136,-1.8085124068448777,0.015541308920119339
published_vector_plot_digitization,5,11,right,figure5_mg_si_o_1_1_3_sio_on,true,gas_mixing_ratio,SiH4,0,non_convective,15,267.367979,330.275085,5.1137484395051125,129941.66866010944,-1.8238623743227491,0.015001601531865307
published_vector_plot_digitization,5,11,right,figure5_mg_si_o_1_1_3_sio_on,true,gas_mixing_ratio,SiH4,0,non_convective,16,267.468364,330.18904,5.109432800476299,128656.81635625276,-1.8406079172346583,0.014434178868112603
published_vector_plot_digitization,5,11,right,figure5_mg_si_o_1_1_3_sio_on,true,gas_mixing_ratio,SiH4,0,non_convective,17,267.56875,330.106581,5.105117118456611,127384.65595421479,-1.8566555751226521,0.013910553948195917
published_vector_plot_digitization,5,11,right,figure5_mg_si_o_1_1_3_sio_on,true,gas_mixing_ratio,SiH4,0,non_convective,18,267.67272,330.020536,5.100647357139425,126080.33588727689,-1.8734011180345613,0.013384399220062728
published_vector_plot_digitization,5,11,right,figure5_mg_si_o_1_1_3_sio_on,true,gas_mixing_ratio,SiH4,0,non_convective,19,267.873491,329.841276,5.092016036090925,123599.30709834817,-1.9082875846786238,0.012351292745631851
published_vector_plot_digitization,5,11,right,figure5_mg_si_o_1_1_3_sio_on,true,gas_mixing_ratio,SiH4,0,non_convective,20,267.977462,329.751646,5.087546231782865,122333.73395763095,-1.925730818000655,0.011865039325977314
published_vector_plot_digitization,5,11,right,figure5_mg_si_o_1_1_3_sio_on,true,gas_mixing_ratio,SiH4,0,non_convective,21,268.178233,329.565216,5.0789149107343645,119926.43139399099,-1.962012665464962,0.010914085068991162
published_vector_plot_digitization,5,11,right,figure5_mg_si_o_1_1_3_sio_on,true,gas_mixing_ratio,SiH4,0,non_convective,22,268.282204,329.468416,5.074445106426303,118698.4660113569,-1.9808512796072484,0.010450780358949531
published_vector_plot_digitization,5,11,right,figure5_mg_si_o_1_1_3_sio_on,true,gas_mixing_ratio,SiH4,0,non_convective,23,268.586945,329.163674,5.061344024060616,115171.2350497977,-2.0401582729021506,0.009116785295777809
published_vector_plot_digitization,5,11,right,figure5_mg_si_o_1_1_3_sio_on,true,gas_mixing_ratio,SiH4,0,non_convective,24,268.687331,329.059704,5.05702834204093,114032.42026459142,-2.0603922678646818,0.008701772645626684
published_vector_plot_digitization,5,11,right,figure5_mg_si_o_1_1_3_sio_on,true,gas_mixing_ratio,SiH4,0,non_convective,25,268.787716,328.952148,5.052712703012117,112904.8772724004,-2.081324147851117,0.008292316162392356
published_vector_plot_digitization,5,11,right,figure5_mg_si_o_1_1_3_sio_on,true,gas_mixing_ratio,SiH4,0,non_convective,26,268.891687,328.841007,5.048242898704055,111748.8078454233,-2.102953718247685,0.007889441890851489
published_vector_plot_digitization,5,11,right,figure5_mg_si_o_1_1_3_sio_on,true,gas_mixing_ratio,SiH4,0,non_convective,27,268.992072,328.729866,5.043927259675242,110643.84502099632,-2.124583288644243,0.0075061408815322375
published_vector_plot_digitization,5,11,right,figure5_mg_si_o_1_1_3_sio_on,true,gas_mixing_ratio,SiH4,0,non_convective,28,269.192843,328.500413,5.035295938626742,108466.57794058272,-2.1692380048714064,0.00677270243868509
published_vector_plot_digitization,5,11,right,figure5_mg_si_o_1_1_3_sio_on,true,gas_mixing_ratio,SiH4,0,non_convective,29,269.296814,328.378516,5.030826134318682,107355.95369090237,-2.1929608411121233,0.0064126739492500985
published_vector_plot_digitization,5,11,right,figure5_mg_si_o_1_1_3_sio_on,true,gas_mixing_ratio,SiH4,0,non_convective,30,269.3972,328.25662,5.026510452298993,106294.41651722933,-2.2166834827390587,0.006071786850114269
published_vector_plot_digitization,5,11,right,figure5_mg_si_o_1_1_3_sio_on,true,gas_mixing_ratio,SiH4,0,non_convective,31,269.497585,328.131138,5.022194813270179,105243.38625605477,-2.241104009389898,0.00573978983248658
published_vector_plot_digitization,5,11,right,figure5_mg_si_o_1_1_3_sio_on,true,gas_mixing_ratio,SiH4,0,non_convective,32,269.601556,328.005656,5.017725008962119,104165.76530484823,-2.2655245360407483,0.005425945958642387
published_vector_plot_digitization,5,11,right,figure5_mg_si_o_1_1_3_sio_on,true,gas_mixing_ratio,SiH4,0,non_convective,33,269.701941,327.876589,5.013409369933307,103135.78296804329,-2.29064275310171,0.005121029137727346
published_vector_plot_digitization,5,11,right,figure5_mg_si_o_1_1_3_sio_on,true,gas_mixing_ratio,SiH4,0,non_convective,34,269.802327,327.740352,5.0090936879136185,102115.97490158361,-2.3171563509829376,0.004817743221317076
published_vector_plot_digitization,5,11,right,figure5_mg_si_o_1_1_3_sio_on,true,gas_mixing_ratio,SiH4,0,non_convective,35,269.906297,327.604114,5.004623926596433,101070.38652815396,-2.3436701434779366,0.004532416965667693
published_vector_plot_digitization,5,11,right,figure5_mg_si_o_1_1_3_sio_on,true,gas_mixing_ratio,SiH4,0,non_convective,36,270.107068,327.324469,4.995992605547931,99081.50747798434,-2.3980929146743972,0.003998591931563616
published_vector_plot_digitization,5,11,right,figure5_mg_si_o_1_1_3_sio_on,true,gas_mixing_ratio,SiH4,0,non_convective,37,270.211039,327.177476,4.99152280123987,98066.97998952393,-2.4266997783997737,0.003743692950121936
published_vector_plot_digitization,5,11,right,figure5_mg_si_o_1_1_3_sio_on,true,gas_mixing_ratio,SiH4,1,convective,0,270.311424,327.026898,4.987207162211059,97097.30192958371,-2.4560043325352727,0.0034994167598188927
published_vector_plot_digitization,5,11,right,figure5_mg_si_o_1_1_3_sio_on,true,gas_mixing_ratio,SiH4,1,convective,1,272.545001,325.112403,4.891183731668065,77836.57751068982,-2.828591445989062,0.0014839133911410012
published_vector_plot_digitization,5,11,right,figure5_mg_si_o_1_1_3_sio_on,true,gas_mixing_ratio,SiH4,1,convective,2,275.183705,322.545403,4.777743536739699,59943.69871030433,-3.3281650255679254,0.00046971558961790045
published_vector_plot_digitization,5,11,right,figure5_mg_si_o_1_1_3_sio_on,true,gas_mixing_ratio,SiH4,1,convective,3,278.535863,318.960207,4.633631329781021,43016.12938778194,-4.025893579994047,9.42120426484094e-05
published_vector_plot_digitization,5,11,right,figure5_mg_si_o_1_1_3_sio_on,true,gas_mixing_ratio,SiH4,1,convective,4,282.189178,314.718921,4.476572119754156,29962.091072074763,-4.851306290955388,1.4082952324143841e-05
published_vector_plot_digitization,5,11,right,figure5_mg_si_o_1_1_3_sio_on,true,gas_mixing_ratio,SiH4,1,convective,5,285.846078,310.140626,4.31935878743892,20862.136730283477,-5.7423055981303275,1.810065963059796e-06
published_vector_plot_digitization,5,11,right,figure5_mg_si_o_1_1_3_sio_on,true,gas_mixing_ratio,SiH4,1,convective,6,286.860688,308.65994,4.275739815331297,18868.605972509307,-6.030467501228231,9.32250229123123e-07
published_vector_plot_digitization,5,11,right,figure5_mg_si_o_1_1_3_sio_on,true,gas_mixing_ratio,SiH4,1,convective,7,290.209261,302.418114,4.131781730660992,13545.084873316426,-7.245212868555259,5.6857417705992996e-08
published_vector_plot_digitization,5,11,right,figure5_mg_si_o_1_1_3_sio_on,true,gas_mixing_ratio,SiH4,1,convective,8,293.357063,296.090244,3.996454967039192,9918.704846498415,-8.476703584180413,3.3365406152010224e-09
published_vector_plot_digitization,5,11,right,figure5_mg_si_o_1_1_3_sio_on,true,gas_mixing_ratio,SiH4,1,convective,9,295.895381,290.536776,3.8873304541305123,7714.902717745539,-9.557484997439754,2.7702247340144845e-10
published_vector_plot_digitization,5,11,right,figure5_mg_si_o_1_1_3_sio_on,true,gas_mixing_ratio,SiH4,1,convective,10,296.909992,287.715226,3.843711439032014,6977.6862729564655,-10.106597515344225,7.823525179601733e-11
published_vector_plot_digitization,5,11,right,figure5_mg_si_o_1_1_3_sio_on,true,gas_mixing_ratio,SiH4,1,convective,11,297.114348,287.13801,3.83492599569514,6837.951178384154,-10.218931704401559,6.040436116479499e-11
published_vector_plot_digitization,5,11,right,figure5_mg_si_o_1_1_3_sio_on,true,gas_mixing_ratio,SiH4,2,non_convective,0,297.214733,286.829683,3.8306103566663268,6770.3380915598855,-10.278936388106596,5.260943187280847e-11
published_vector_plot_digitization,5,11,right,figure5_mg_si_o_1_1_3_sio_on,true,gas_mixing_ratio,SiH4,2,non_convective,1,297.928187,284.291365,3.7999383446360198,6308.677758923029,-10.772928055176905,1.686832441349792e-11
published_vector_plot_digitization,5,11,right,figure5_mg_si_o_1_1_3_sio_on,true,gas_mixing_ratio,SiH4,2,non_convective,2,298.842412,280.017811,3.7606350115572083,5762.819427098881,-11.604620563670712,2.4853035280353073e-12
published_vector_plot_digitization,5,11,right,figure5_mg_si_o_1_1_3_sio_on,true,gas_mixing_ratio,SiH4,2,non_convective,3,302.090599,263.665734,3.6209926089065942,4178.2325581027035,-14.786960119743704,1.6332019141574165e-15
published_vector_plot_digitization,5,11,right,figure5_mg_si_o_1_1_3_sio_on,true,gas_mixing_ratio,SiH4,2,non_convective,4,305.034045,256.55629,3.4944512886216654,3122.132201699525,-16.17055590778248,6.752181259321884e-17
published_vector_plot_digitization,5,11,right,figure5_mg_si_o_1_1_3_sio_on,true,gas_mixing_ratio,SiH4,2,non_convective,5,307.368007,251.458142,3.3941122190498603,2478.0622911214978,-17.16272577361141,6.875024123577577e-18
published_vector_plot_digitization,5,11,right,figure5_mg_si_o_1_1_3_sio_on,true,gas_mixing_ratio,SiH4,2,non_convective,6,309.501199,247.331582,3.3024044275356794,2006.3395188716036,-17.965811223766064,1.081904123986252e-18
published_vector_plot_digitization,5,11,right,figure5_mg_si_o_1_1_3_sio_on,true,gas_mixing_ratio,SiH4,2,non_convective,7,309.60494559071043,247.155907,3.2979442707794284,1985.8400754813729,-18.0,1e-18
published_vector_plot_digitization,5,11,right,figure5_mg_si_o_1_1_3_sio_on,true,gas_mixing_ratio,CO,0,non_convective,0,265.743885,316.457741,5.1835696623258585,152605.31593422272,-4.512907953735549,3.069672519216966e-05
published_vector_plot_digitization,5,11,right,figure5_mg_si_o_1_1_3_sio_on,true,gas_mixing_ratio,CO,0,non_convective,1,265.944656,316.335844,5.174938341277357,149602.32439306,-4.536630789976267,2.9064925227297153e-05
published_vector_plot_digitization,5,11,right,figure5_mg_si_o_1_1_3_sio_on,true,gas_mixing_ratio,CO,0,non_convective,2,266.048627,316.278481,5.170468536969295,148070.4979776408,-4.547794420379613,2.8327325937228143e-05
published_vector_plot_digitization,5,11,right,figure5_mg_si_o_1_1_3_sio_on,true,gas_mixing_ratio,CO,0,non_convective,3,266.149012,316.221118,5.166152897940482,146606.3893324193,-4.558958050782958,2.7608445178462955e-05
published_vector_plot_digitization,5,11,right,figure5_mg_si_o_1_1_3_sio_on,true,gas_mixing_ratio,CO,0,non_convective,4,266.249398,316.160169,5.161837215920796,145156.7433014005,-4.570819566210207,2.6864603418099412e-05
published_vector_plot_digitization,5,11,right,figure5_mg_si_o_1_1_3_sio_on,true,gas_mixing_ratio,CO,0,non_convective,5,266.353368,316.102806,5.157367454603611,143670.45084552246,-4.581983196613553,2.6182843108922115e-05
published_vector_plot_digitization,5,11,right,figure5_mg_si_o_1_1_3_sio_on,true,gas_mixing_ratio,CO,0,non_convective,6,266.453754,316.049028,5.153051772583922,142249.83541538063,-4.592449136606765,2.555941228448327e-05
published_vector_plot_digitization,5,11,right,figure5_mg_si_o_1_1_3_sio_on,true,gas_mixing_ratio,CO,0,non_convective,7,266.554139,315.991665,5.148736133555108,140843.280992605,-4.603612767010111,2.4910774649664588e-05
published_vector_plot_digitization,5,11,right,figure5_mg_si_o_1_1_3_sio_on,true,gas_mixing_ratio,CO,0,non_convective,8,266.65811,315.937887,5.144266329247047,139401.14124555205,-4.614078707003333,2.4317632617202337e-05
published_vector_plot_digitization,5,11,right,figure5_mg_si_o_1_1_3_sio_on,true,gas_mixing_ratio,CO,0,non_convective,9,266.959266,315.776553,5.131319369169734,135306.72088092534,-4.645476526982992,2.2621608031329874e-05
published_vector_plot_digitization,5,11,right,figure5_mg_si_o_1_1_3_sio_on,true,gas_mixing_ratio,CO,0,non_convective,10,267.063237,315.683338,5.126849564861673,133921.27175725673,-4.6636174507151456,2.1696143731327662e-05
published_vector_plot_digitization,5,11,right,figure5_mg_si_o_1_1_3_sio_on,true,gas_mixing_ratio,CO,0,non_convective,11,267.264008,315.496908,5.118218243813174,131285.94779225136,-4.699899298179452,1.9957250190847148e-05
published_vector_plot_digitization,5,11,right,figure5_mg_si_o_1_1_3_sio_on,true,gas_mixing_ratio,CO,0,non_convective,12,267.367979,315.403693,5.1137484395051125,129941.66866010944,-4.718040221911616,1.9140786456161604e-05
published_vector_plot_digitization,5,11,right,figure5_mg_si_o_1_1_3_sio_on,true,gas_mixing_ratio,CO,0,non_convective,13,267.56875,315.217263,5.105117118456611,127384.65595421479,-4.754322069375924,1.7606698632053136e-05
published_vector_plot_digitization,5,11,right,figure5_mg_si_o_1_1_3_sio_on,true,gas_mixing_ratio,CO,0,non_convective,14,267.67272,315.120463,5.100647357139425,126080.33588727689,-4.773160683518211,1.685929137318082e-05
published_vector_plot_digitization,5,11,right,figure5_mg_si_o_1_1_3_sio_on,true,gas_mixing_ratio,CO,0,non_convective,15,267.873491,314.934032,5.092016036090925,123599.30709834817,-4.809442725596299,1.5508052922518965e-05
published_vector_plot_digitization,5,11,right,figure5_mg_si_o_1_1_3_sio_on,true,gas_mixing_ratio,CO,0,non_convective,16,267.977462,314.837232,5.087546231782865,122333.73395763095,-4.828281339738586,1.484973351991583e-05
published_vector_plot_digitization,5,11,right,figure5_mg_si_o_1_1_3_sio_on,true,gas_mixing_ratio,CO,0,non_convective,17,268.178233,314.650802,5.0789149107343645,119926.43139399099,-4.864563187202893,1.365956322903813e-05
published_vector_plot_digitization,5,11,right,figure5_mg_si_o_1_1_3_sio_on,true,gas_mixing_ratio,CO,0,non_convective,18,268.282204,314.554002,5.074445106426303,118698.4660113569,-4.883401801345169,1.3079712518592235e-05
published_vector_plot_digitization,5,11,right,figure5_mg_si_o_1_1_3_sio_on,true,gas_mixing_ratio,CO,0,non_convective,19,268.382589,314.460787,5.07012946739749,117524.78555079679,-4.901542725077333,1.2544613202332687e-05
published_vector_plot_digitization,5,11,right,figure5_mg_si_o_1_1_3_sio_on,true,gas_mixing_ratio,CO,0,non_convective,20,268.482975,314.363986,5.065813785377801,116362.6988252732,-4.920381533833391,1.2012086921491798e-05
published_vector_plot_digitization,5,11,right,figure5_mg_si_o_1_1_3_sio_on,true,gas_mixing_ratio,CO,0,non_convective,21,268.586945,314.270771,5.061344024060616,115171.2350497977,-4.938522457565544,1.1520664844026397e-05
published_vector_plot_digitization,5,11,right,figure5_mg_si_o_1_1_3_sio_on,true,gas_mixing_ratio,CO,0,non_convective,22,268.787716,314.077171,5.052712703012117,112904.8772724004,-4.976199685850107,1.0563317029151958e-05
published_vector_plot_digitization,5,11,right,figure5_mg_si_o_1_1_3_sio_on,true,gas_mixing_ratio,CO,0,non_convective,23,268.891687,313.983956,5.048242898704055,111748.8078454233,-4.994340609582271,1.0131165044794704e-05
published_vector_plot_digitization,5,11,right,figure5_mg_si_o_1_1_3_sio_on,true,gas_mixing_ratio,CO,0,non_convective,24,268.992072,313.887155,5.043927259675242,110643.84502099632,-5.0131794183383285,9.701091071618194e-06
published_vector_plot_digitization,5,11,right,figure5_mg_si_o_1_1_3_sio_on,true,gas_mixing_ratio,CO,0,non_convective,25,269.092458,313.79394,5.0396115776555535,109549.79713180264,-5.031320342070482,9.304213296819039e-06
published_vector_plot_digitization,5,11,right,figure5_mg_si_o_1_1_3_sio_on,true,gas_mixing_ratio,CO,0,non_convective,26,269.192843,313.69714,5.035295938626742,108466.57794058272,-5.050158956212769,8.909247908845683e-06
published_vector_plot_digitization,5,11,right,figure5_mg_si_o_1_1_3_sio_on,true,gas_mixing_ratio,CO,0,non_convective,27,269.296814,313.603925,5.030826134318682,107355.95369090237,-5.068299879944922,8.544764938930968e-06
published_vector_plot_digitization,5,11,right,figure5_mg_si_o_1_1_3_sio_on,true,gas_mixing_ratio,CO,0,non_convective,28,269.497585,313.410324,5.022194813270179,105243.38625605477,-5.105977302843267,7.834705875416877e-06
published_vector_plot_digitization,5,11,right,figure5_mg_si_o_1_1_3_sio_on,true,gas_mixing_ratio,CO,0,non_convective,29,269.601556,313.317109,5.017725008962119,104165.76530484823,-5.12411822657542,7.514183100083063e-06
published_vector_plot_digitization,5,11,right,figure5_mg_si_o_1_1_3_sio_on,true,gas_mixing_ratio,CO,0,non_convective,30,269.802327,313.123509,5.0090936879136185,102115.97490158361,-5.161795454859982,6.8897671597859226e-06
published_vector_plot_digitization,5,11,right,figure5_mg_si_o_1_1_3_sio_on,true,gas_mixing_ratio,CO,0,non_convective,31,269.906297,313.026708,5.004623926596433,101070.38652815396,-5.180634263616052,6.59729245193438e-06
published_vector_plot_digitization,5,11,right,figure5_mg_si_o_1_1_3_sio_on,true,gas_mixing_ratio,CO,0,non_convective,32,270.006683,312.933493,5.000308244576744,100071.0011306189,-5.198775187348204,6.327393042817095e-06
published_vector_plot_digitization,5,11,right,figure5_mg_si_o_1_1_3_sio_on,true,gas_mixing_ratio,CO,0,non_convective,33,270.107068,312.836693,4.995992605547931,99081.50747798434,-5.21761380149048,6.058794165266728e-06
published_vector_plot_digitization,5,11,right,figure5_mg_si_o_1_1_3_sio_on,true,gas_mixing_ratio,CO,0,non_convective,34,270.211039,312.739893,4.99152280123987,98066.97998952393,-5.236452415632767,5.801597354338778e-06
published_vector_plot_digitization,5,11,right,figure5_mg_si_o_1_1_3_sio_on,true,gas_mixing_ratio,CO,1,convective,0,270.311424,312.639507,4.987207162211059,97097.30192958371,-5.255988914798958,5.546398697484126e-06
published_vector_plot_digitization,5,11,right,figure5_mg_si_o_1_1_3_sio_on,true,gas_mixing_ratio,CO,1,convective,1,274.169095,311.87586,4.821362508847319,66276.94915222024,-5.404605145934394,3.939080480217296e-06
published_vector_plot_digitization,5,11,right,figure5_mg_si_o_1_1_3_sio_on,true,gas_mixing_ratio,CO,1,convective,2,278.840605,310.900687,4.620530204424461,41737.862541203634,-5.594387252018795,2.544560305321669e-06
published_vector_plot_digitization,5,11,right,figure5_mg_si_o_1_1_3_sio_on,true,gas_mixing_ratio,CO,1,convective,3,282.189178,309.961366,4.476572119754156,29962.091072074763,-5.777192064774391,1.6703517454219193e-06
published_vector_plot_digitization,5,11,right,figure5_mg_si_o_1_1_3_sio_on,true,gas_mixing_ratio,CO,1,convective,4,285.33698,308.84637,4.3412453561323545,21940.44117901864,-5.994185653763925,1.0134780478873104e-06
published_vector_plot_digitization,5,11,right,figure5_mg_si_o_1_1_3_sio_on,true,gas_mixing_ratio,CO,1,convective,5,288.384396,307.527018,4.21023427453024,16226.851978084896,-6.25094973688217,5.611129127370154e-07
published_vector_plot_digitization,5,11,right,figure5_mg_si_o_1_1_3_sio_on,true,gas_mixing_ratio,CO,1,convective,6,291.327842,306.017651,4.083692954245311,12125.312889715215,-6.544693357874855,2.85303199562485e-07
published_vector_plot_digitization,5,11,right,figure5_mg_si_o_1_1_3_sio_on,true,gas_mixing_ratio,CO,1,convective,7,294.271287,304.260905,3.957151676951258,9060.489824268188,-6.8865803417591085,1.2984333395742955e-07
published_vector_plot_digitization,5,11,right,figure5_mg_si_o_1_1_3_sio_on,true,gas_mixing_ratio,CO,1,convective,8,297.114348,302.310558,3.83492599569514,6837.951178384154,-7.266144748541694,5.4182027386368765e-08
published_vector_plot_digitization,5,11,right,figure5_mg_si_o_1_1_3_sio_on,true,gas_mixing_ratio,CO,2,non_convective,0,297.214733,302.238854,3.8306103566663268,6770.3380915598855,-7.280099335199321,5.24687435947612e-08
published_vector_plot_digitization,5,11,right,figure5_mg_si_o_1_1_3_sio_on,true,gas_mixing_ratio,CO,2,non_convective,1,302.495726,298.485154,3.6035758445212203,4013.985917755495,-8.010621090425346,9.758406596185368e-09
published_vector_plot_digitization,5,11,right,figure5_mg_si_o_1_1_3_sio_on,true,gas_mixing_ratio,CO,2,non_convective,2,305.238401,296.818038,3.4856658452847915,3059.60840492715,-8.335064840987569,4.623119921914463e-09
published_vector_plot_digitization,5,11,right,figure5_mg_si_o_1_1_3_sio_on,true,gas_mixing_ratio,CO,2,non_convective,3,307.471978,295.710213,3.3896424147417994,2452.68861265765,-8.550662854543065,2.8140845736924347e-09
published_vector_plot_digitization,5,11,right,figure5_mg_si_o_1_1_3_sio_on,true,gas_mixing_ratio,CO,2,non_convective,4,309.501199,294.939396,3.3024044275356794,2006.3395188716036,-8.700674466498757,1.992166044562246e-09
published_vector_plot_digitization,5,11,right,figure5_mg_si_o_1_1_3_sio_on,true,gas_mixing_ratio,CO,2,non_convective,5,311.53042,294.412372,3.2151664403295594,1641.2186382779971,-8.803240600586784,1.5731111142251684e-09
published_vector_plot_digitization,5,11,right,figure5_mg_si_o_1_1_3_sio_on,true,gas_mixing_ratio,CO,2,non_convective,6,313.563226,294.121971,3.1277743308350674,1342.067411559013,-8.859756637627415,1.3811579970438976e-09
published_vector_plot_digitization,5,11,right,figure5_mg_si_o_1_1_3_sio_on,true,gas_mixing_ratio,CO,2,non_convective,7,315.592446,294.061023,3.0405363866198227,1097.8332665017938,-8.871617958440883,1.3439466886109814e-09
published_vector_plot_digitization,5,11,right,figure5_mg_si_o_1_1_3_sio_on,true,gas_mixing_ratio,CO,2,non_convective,8,317.826023,294.225942,2.9445129560768284,880.0613656994447,-8.839522448051103,1.4470300562795918e-09
published_vector_plot_digitization,5,11,right,figure5_mg_si_o_1_1_3_sio_on,true,gas_mixing_ratio,CO,2,non_convective,9,320.263956,294.631069,2.8397040821969624,691.3597345160416,-8.76067915020378,1.7350853776069222e-09
published_vector_plot_digitization,5,11,right,figure5_mg_si_o_1_1_3_sio_on,true,gas_mixing_ratio,CO,2,non_convective,10,323.107017,295.340938,2.717478400940847,521.769154097934,-8.622528859061568,2.3849053121803312e-09
published_vector_plot_digitization,5,11,right,figure5_mg_si_o_1_1_3_sio_on,true,gas_mixing_ratio,CO,2,non_convective,11,326.555975,296.441593,2.5692046772417303,370.8554598736867,-8.408326226326315,3.905474204680831e-09
published_vector_plot_digitization,5,11,right,figure5_mg_si_o_1_1_3_sio_on,true,gas_mixing_ratio,CO,2,non_convective,12,331.127099,298.148146,2.3726880548385587,235.87833569886394,-8.076207492025164,8.390590151568526e-09
published_vector_plot_digitization,5,11,right,figure5_mg_si_o_1_1_3_sio_on,true,gas_mixing_ratio,CO,2,non_convective,13,337.82783,300.912332,2.0846177632095784,121.51160664457227,-7.5382587991378225,2.895617554598011e-08
published_vector_plot_digitization,5,11,right,figure5_mg_si_o_1_1_3_sio_on,true,gas_mixing_ratio,CO,2,non_convective,14,350.720194,306.515993,1.5303637486450552,33.91280780832323,-6.4477091362953916,3.566899424096829e-07
published_vector_plot_digitization,5,11,right,figure5_mg_si_o_1_1_3_sio_on,true,gas_mixing_ratio,CO,2,non_convective,15,374.479286,316.834186,0.5089395844337536,3.228045030733459,-4.439646568396803,3.6337365025574635e-05
published_vector_plot_digitization,5,11,right,figure5_mg_si_o_1_1_3_sio_on,true,gas_mixing_ratio,CO,2,non_convective,16,379.96105,318.963792,0.2732737512401453,1.8761767562819394,-4.025195889583925,9.43635151347467e-05
published_vector_plot_digitization,5,11,right,figure5_mg_si_o_1_1_3_sio_on,true,gas_mixing_ratio,CO,2,non_convective,17,383.919107,320.268804,0.1031134158567184,1.2679829559430165,-3.77122256810618,0.0001693469705277382
published_vector_plot_digitization,5,11,right,figure5_mg_si_o_1_1_3_sio_on,true,gas_mixing_ratio,CO,2,non_convective,18,387.271265,321.147177,-0.04099879110195824,0.9099158054618183,-3.6002790761640533,0.00025102728202971053
published_vector_plot_digitization,5,11,right,figure5_mg_si_o_1_1_3_sio_on,true,gas_mixing_ratio,CO,2,non_convective,19,390.519452,321.767415,-0.18064119375257268,0.659718717826759,-3.4795722129576427,0.0003314574516512827
published_vector_plot_digitization,5,11,right,figure5_mg_si_o_1_1_3_sio_on,true,gas_mixing_ratio,CO,2,non_convective,20,394.072381,322.215565,-0.3333847217597503,0.46410396444222407,-3.392356046347486,0.00040517622483459266
published_vector_plot_digitization,5,11,right,figure5_mg_si_o_1_1_3_sio_on,true,gas_mixing_ratio,CO,2,non_convective,21,398.338764,322.509551,-0.5168002617972363,0.30422838935599955,-3.3351423188967444,0.0004622295233294601
published_vector_plot_digitization,5,11,right,figure5_mg_si_o_1_1_3_sio_on,true,gas_mixing_ratio,CO,2,non_convective,22,404.326041,322.68164,-0.7741985413959052,0.16819049881979392,-3.3016514276867084,0.0004992850615688051
published_vector_plot_digitization,5,11,right,figure5_mg_si_o_1_1_3_sio_on,true,gas_mixing_ratio,CO,2,non_convective,23,416.103409,322.753344,-1.2805179018331199,0.052418199352236995,-3.2876968410290814,0.0005155884251481658
published_vector_plot_digitization,5,11,right,figure5_mg_si_o_1_1_3_sio_on,true,gas_mixing_ratio,CO,2,non_convective,24,456.006637,322.7641,-2.995992605547933,0.0010092700701209993,-3.2856035751849326,0.0005180795201370342
published_vector_plot_digitization,5,11,right,figure5_mg_si_o_1_1_3_sio_on,true,gas_mixing_ratio,H,0,non_convective,0,265.743885,327.242009,5.1835696623258585,152605.31593422272,-2.414140767176184,0.003853534334287428
published_vector_plot_digitization,5,11,right,figure5_mg_si_o_1_1_3_sio_on,true,gas_mixing_ratio,H,0,non_convective,1,265.844271,327.173891,5.17925398030617,151096.35243294627,-2.4273974688098963,0.0037376835673808557
published_vector_plot_digitization,5,11,right,figure5_mg_si_o_1_1_3_sio_on,true,gas_mixing_ratio,H,0,non_convective,2,265.944656,327.109357,5.174938341277357,149602.32439306,-2.439956674647279,0.003631142773566384
published_vector_plot_digitization,5,11,right,figure5_mg_si_o_1_1_3_sio_on,true,gas_mixing_ratio,H,0,non_convective,3,266.048627,327.041238,5.170468536969295,148070.4979776408,-2.4532135708947727,0.003521976299256665
published_vector_plot_digitization,5,11,right,figure5_mg_si_o_1_1_3_sio_on,true,gas_mixing_ratio,H,0,non_convective,4,266.149012,326.97312,5.166152897940482,146606.3893324193,-2.466470272528496,0.003416093330558154
published_vector_plot_digitization,5,11,right,figure5_mg_si_o_1_1_3_sio_on,true,gas_mixing_ratio,H,0,non_convective,5,266.249398,326.901416,5.161837215920796,145156.7433014005,-2.4804248591861233,0.003308073427719731
published_vector_plot_digitization,5,11,right,figure5_mg_si_o_1_1_3_sio_on,true,gas_mixing_ratio,H,0,non_convective,6,266.353368,326.833297,5.157367454603611,143670.45084552246,-2.493681755433617,0.0032086196922481458
published_vector_plot_digitization,5,11,right,figure5_mg_si_o_1_1_3_sio_on,true,gas_mixing_ratio,H,0,non_convective,7,266.554139,326.689889,5.148736133555108,140843.280992605,-2.5215909287488714,0.00300890912406003
published_vector_plot_digitization,5,11,right,figure5_mg_si_o_1_1_3_sio_on,true,gas_mixing_ratio,H,0,non_convective,8,266.65811,326.618185,5.144266329247047,139401.14124555205,-2.5355455154064988,0.002913764747200308
published_vector_plot_digitization,5,11,right,figure5_mg_si_o_1_1_3_sio_on,true,gas_mixing_ratio,H,0,non_convective,9,266.758495,326.542896,5.139950690218236,138022.7544714217,-2.550197792474248,0.0028170996360952095
published_vector_plot_digitization,5,11,right,figure5_mg_si_o_1_1_3_sio_on,true,gas_mixing_ratio,H,0,non_convective,10,266.858881,326.471192,5.135635008198547,136657.98354212596,-2.564152379131875,0.002728020445472674
published_vector_plot_digitization,5,11,right,figure5_mg_si_o_1_1_3_sio_on,true,gas_mixing_ratio,H,0,non_convective,11,266.959266,326.395903,5.131319369169734,135306.72088092534,-2.5788046561996247,0.0026375174631327364
published_vector_plot_digitization,5,11,right,figure5_mg_si_o_1_1_3_sio_on,true,gas_mixing_ratio,H,0,non_convective,12,267.063237,326.320614,5.126849564861673,133921.27175725673,-2.5934569332673743,0.0025500169472244616
published_vector_plot_digitization,5,11,right,figure5_mg_si_o_1_1_3_sio_on,true,gas_mixing_ratio,H,0,non_convective,13,267.264008,326.170036,5.118218243813174,131285.94779225136,-2.622761487402873,0.0023836281879497756
published_vector_plot_digitization,5,11,right,figure5_mg_si_o_1_1_3_sio_on,true,gas_mixing_ratio,H,0,non_convective,14,267.367979,326.091161,5.1137484395051125,129941.66866010944,-2.6381116494945265,0.0023008502331267745
published_vector_plot_digitization,5,11,right,figure5_mg_si_o_1_1_3_sio_on,true,gas_mixing_ratio,H,0,non_convective,15,267.468364,326.015872,5.109432800476299,128656.81635625276,-2.652763926562276,0.002224518764144901
published_vector_plot_digitization,5,11,right,figure5_mg_si_o_1_1_3_sio_on,true,gas_mixing_ratio,H,0,non_convective,16,267.56875,325.936998,5.105117118456611,127384.65595421479,-2.6681138940401476,0.002147267277896886
published_vector_plot_digitization,5,11,right,figure5_mg_si_o_1_1_3_sio_on,true,gas_mixing_ratio,H,0,non_convective,17,267.67272,325.858124,5.100647357139425,126080.33588727689,-2.6834638615180304,0.0020726985256512087
published_vector_plot_digitization,5,11,right,figure5_mg_si_o_1_1_3_sio_on,true,gas_mixing_ratio,H,0,non_convective,18,267.773106,325.779249,5.096331675119739,124833.65176020189,-2.698814023609684,0.002000718446801062
published_vector_plot_digitization,5,11,right,figure5_mg_si_o_1_1_3_sio_on,true,gas_mixing_ratio,H,0,non_convective,19,267.873491,325.69679,5.092016036090925,123599.30709834817,-2.7148616814976774,0.0019281389086053438
published_vector_plot_digitization,5,11,right,figure5_mg_si_o_1_1_3_sio_on,true,gas_mixing_ratio,H,0,non_convective,20,267.977462,325.617916,5.087546231782865,122333.73395763095,-2.73021164897556,0.0018611798886216438
published_vector_plot_digitization,5,11,right,figure5_mg_si_o_1_1_3_sio_on,true,gas_mixing_ratio,H,0,non_convective,21,268.178233,325.452997,5.0789149107343645,119926.43139399099,-2.7623071593653408,0.00172859336084109
published_vector_plot_digitization,5,11,right,figure5_mg_si_o_1_1_3_sio_on,true,gas_mixing_ratio,H,0,non_convective,22,268.282204,325.366952,5.074445106426303,118698.4660113569,-2.779052702277239,0.0016632108050339896
published_vector_plot_digitization,5,11,right,figure5_mg_si_o_1_1_3_sio_on,true,gas_mixing_ratio,H,0,non_convective,23,268.382589,325.284492,5.07012946739749,117524.78555079679,-2.7951005547790255,0.0016028742247399172
published_vector_plot_digitization,5,11,right,figure5_mg_si_o_1_1_3_sio_on,true,gas_mixing_ratio,H,0,non_convective,24,268.482975,325.198448,5.065813785377801,116362.6988252732,-2.8118459030771525,0.0015422475781337697
published_vector_plot_digitization,5,11,right,figure5_mg_si_o_1_1_3_sio_on,true,gas_mixing_ratio,H,0,non_convective,25,268.586945,325.108818,5.061344024060616,115171.2350497977,-2.829289136399184,0.001481531410663226
published_vector_plot_digitization,5,11,right,figure5_mg_si_o_1_1_3_sio_on,true,gas_mixing_ratio,H,0,non_convective,26,268.687331,325.022773,5.05702834204093,114032.42026459142,-2.846034679311093,0.001425493760437271
published_vector_plot_digitization,5,11,right,figure5_mg_si_o_1_1_3_sio_on,true,gas_mixing_ratio,H,0,non_convective,27,268.787716,324.933143,5.052712703012117,112904.8772724004,-2.8634779126331242,0.0013693740303018188
published_vector_plot_digitization,5,11,right,figure5_mg_si_o_1_1_3_sio_on,true,gas_mixing_ratio,H,0,non_convective,28,268.891687,324.843513,5.048242898704055,111748.8078454233,-2.880921145955156,0.0013154636568102763
published_vector_plot_digitization,5,11,right,figure5_mg_si_o_1_1_3_sio_on,true,gas_mixing_ratio,H,0,non_convective,29,268.992072,324.753883,5.043927259675242,110643.84502099632,-2.898364379277187,0.0012636756606281376
published_vector_plot_digitization,5,11,right,figure5_mg_si_o_1_1_3_sio_on,true,gas_mixing_ratio,H,0,non_convective,30,269.192843,324.567453,5.035295938626742,108466.57794058272,-2.934646226741494,0.001162395107238557
published_vector_plot_digitization,5,11,right,figure5_mg_si_o_1_1_3_sio_on,true,gas_mixing_ratio,H,0,non_convective,31,269.296814,324.474238,5.030826134318682,107355.95369090237,-2.9527871504736476,0.0011148407878127826
published_vector_plot_digitization,5,11,right,figure5_mg_si_o_1_1_3_sio_on,true,gas_mixing_ratio,H,0,non_convective,32,269.3972,324.381023,5.026510452298993,106294.41651722933,-2.9709280742058004,0.0010692319456881154
published_vector_plot_digitization,5,11,right,figure5_mg_si_o_1_1_3_sio_on,true,gas_mixing_ratio,H,0,non_convective,33,269.497585,324.284223,5.022194813270179,105243.38625605477,-2.9897666883480873,0.0010238428733625063
published_vector_plot_digitization,5,11,right,figure5_mg_si_o_1_1_3_sio_on,true,gas_mixing_ratio,H,0,non_convective,34,269.601556,324.183837,5.017725008962119,104165.76530484823,-3.0093031875142784,0.0009788064273366678
published_vector_plot_digitization,5,11,right,figure5_mg_si_o_1_1_3_sio_on,true,gas_mixing_ratio,H,0,non_convective,35,269.701941,324.087037,5.013409369933307,103135.78296804329,-3.0281418016565538,0.0009372559331690653
published_vector_plot_digitization,5,11,right,figure5_mg_si_o_1_1_3_sio_on,true,gas_mixing_ratio,H,0,non_convective,36,270.006683,323.782295,5.000308244576744,100071.0011306189,-3.0874487949514666,0.0008176194328473014
published_vector_plot_digitization,5,11,right,figure5_mg_si_o_1_1_3_sio_on,true,gas_mixing_ratio,H,0,non_convective,37,270.107068,323.67474,4.995992605547931,99081.50747798434,-3.1083804803241204,0.000779147209654315
published_vector_plot_digitization,5,11,right,figure5_mg_si_o_1_1_3_sio_on,true,gas_mixing_ratio,H,0,non_convective,38,270.211039,323.570769,4.99152280123987,98066.97998952393,-3.1286146699004336,0.0007436786781438953
published_vector_plot_digitization,5,11,right,figure5_mg_si_o_1_1_3_sio_on,true,gas_mixing_ratio,H,1,convective,0,270.311424,323.459628,4.987207162211059,97097.30192958371,-3.150244240296991,0.0007075477588868183
published_vector_plot_digitization,5,11,right,figure5_mg_si_o_1_1_3_sio_on,true,gas_mixing_ratio,H,1,convective,1,274.06871,321.688541,4.825678147876133,66938.83472674777,-3.4949221804355255,0.00031994683588090864
published_vector_plot_digitization,5,11,right,figure5_mg_si_o_1_1_3_sio_on,true,gas_mixing_ratio,H,1,convective,2,277.825995,319.670076,4.664149176532083,46147.60605171346,-3.8877432888518353,0.00012949610657974985
published_vector_plot_digitization,5,11,right,figure5_mg_si_o_1_1_3_sio_on,true,gas_mixing_ratio,H,1,convective,3,281.479309,317.454425,4.507090009496093,32143.266533505874,-4.318939510576611,4.798002715457764e-05
published_vector_plot_digitization,5,11,right,figure5_mg_si_o_1_1_3_sio_on,true,gas_mixing_ratio,H,1,convective,4,285.032238,315.038003,4.354346481488915,22612.39074353585,-4.789208536019986,1.624768400232947e-05
published_vector_plot_digitization,5,11,right,figure5_mg_si_o_1_1_3_sio_on,true,gas_mixing_ratio,H,1,convective,5,288.484782,312.42081,4.205918592510551,16066.400638459874,-5.29855036518195,5.028629453941008e-06
published_vector_plot_digitization,5,11,right,figure5_mg_si_o_1_1_3_sio_on,true,gas_mixing_ratio,H,1,convective,6,291.83694,309.595676,4.061806385551874,11529.391471152743,-5.848360378882759,1.4178804718663199e-06
published_vector_plot_digitization,5,11,right,figure5_mg_si_o_1_1_3_sio_on,true,gas_mixing_ratio,H,1,convective,7,295.085127,306.566186,3.9221639829012602,8359.185886227406,-6.43794088671229,3.6480359819542184e-07
published_vector_plot_digitization,5,11,right,figure5_mg_si_o_1_1_3_sio_on,true,gas_mixing_ratio,H,1,convective,8,297.114348,304.515454,3.83492599569514,6837.951178384154,-6.837041598047296,1.455319678957652e-07
published_vector_plot_digitization,5,11,right,figure5_mg_si_o_1_1_3_sio_on,true,gas_mixing_ratio,H,2,non_convective,0,297.214733,304.411483,3.8306103566663268,6770.3380915598855,-6.8572757876236095,1.3890702574731745e-07
published_vector_plot_digitization,5,11,right,figure5_mg_si_o_1_1_3_sio_on,true,gas_mixing_ratio,H,2,non_convective,1,302.800468,298.728948,3.590474719164657,3894.7063546166173,-7.963175417943913,1.0884903472309145e-08
published_vector_plot_digitization,5,11,right,figure5_mg_si_o_1_1_3_sio_on,true,gas_mixing_ratio,H,2,non_convective,2,305.643528,296.151192,3.468249080899417,2939.334965309042,-8.464842263366947,3.4289230310984113e-09
published_vector_plot_digitization,5,11,right,figure5_mg_si_o_1_1_3_sio_on,true,gas_mixing_ratio,H,2,non_convective,3,308.077876,294.236697,3.363594329307923,2309.9061189521935,-8.837429376820724,1.4540208132575208e-09
published_vector_plot_digitization,5,11,right,figure5_mg_si_o_1_1_3_sio_on,true,gas_mixing_ratio,H,2,non_convective,4,310.315038,292.770352,3.2674167764765567,1851.0441460251168,-9.122800323664347,7.537020149807105e-10
published_vector_plot_digitization,5,11,right,figure5_mg_si_o_1_1_3_sio_on,true,gas_mixing_ratio,H,2,non_convective,5,312.444645,291.637431,3.1758631072507506,1499.2121985320548,-9.343282364704503,4.5364657391665347e-10
published_vector_plot_digitization,5,11,right,figure5_mg_si_o_1_1_3_sio_on,true,gas_mixing_ratio,H,2,non_convective,6,314.577836,290.762643,3.084155358727445,1213.8229896889573,-9.513528166236496,3.065291872995577e-10
published_vector_plot_digitization,5,11,right,figure5_mg_si_o_1_1_3_sio_on,true,gas_mixing_ratio,H,2,non_convective,7,316.811413,290.092211,2.9881319281844507,973.0427657989914,-9.644003473639778,2.2698466967802322e-10
published_vector_plot_digitization,5,11,right,figure5_mg_si_o_1_1_3_sio_on,true,gas_mixing_ratio,H,2,non_convective,8,319.145375,289.626136,2.8877928586126456,772.3121347207796,-9.734708092300568,1.842009678128369e-10
published_vector_plot_digitization,5,11,right,figure5_mg_si_o_1_1_3_sio_on,true,gas_mixing_ratio,H,2,non_convective,9,321.784079,289.324979,2.7743526636842772,594.7749425089515,-9.793317395185348,1.6094689579866004e-10
published_vector_plot_digitization,5,11,right,figure5_mg_si_o_1_1_3_sio_on,true,gas_mixing_ratio,H,2,non_convective,10,324.931881,289.199497,2.6390259000624763,435.53784712424016,-9.817737921836187,1.5214653921160625e-10
published_vector_plot_digitization,5,11,right,figure5_mg_si_o_1_1_3_sio_on,true,gas_mixing_ratio,H,2,non_convective,11,328.893523,289.281957,2.4687114423906755,294.24659260832226,-9.801690069334411,1.5787375207579085e-10
published_vector_plot_digitization,5,11,right,figure5_mg_si_o_1_1_3_sio_on,true,gas_mixing_ratio,H,2,non_convective,12,334.274901,289.636891,2.2373612912167555,172.72742203995134,-9.732615021070192,1.8509086239069283e-10
published_vector_plot_digitization,5,11,right,figure5_mg_si_o_1_1_3_sio_on,true,gas_mixing_ratio,H,2,non_convective,13,342.904467,290.454316,1.866368694401344,73.5137698639241,-9.57353284994153,2.6697288217762463e-10
published_vector_plot_digitization,5,11,right,figure5_mg_si_o_1_1_3_sio_on,true,gas_mixing_ratio,H,2,non_convective,14,364.225626,292.763182,0.9497534040699112,8.907450222658564,-9.124195704484602,7.512842693302491e-10
published_vector_plot_digitization,5,11,right,figure5_mg_si_o_1_1_3_sio_on,true,gas_mixing_ratio,H,2,non_convective,15,456.006637,302.89853,-2.995992605547933,0.0010092700701209993,-7.151717293640199,7.051519420975869e-08
published_vector_plot_digitization,5,11,right,figure5_mg_si_o_1_1_3_sio_on,true,gas_mixing_ratio,H2O,0,non_convective,0,265.743885,333.57705,5.1835696623258585,152605.31593422272,-1.1812544761170027,0.06587877635184305
published_vector_plot_digitization,5,11,right,figure5_mg_si_o_1_1_3_sio_on,true,gas_mixing_ratio,H2O,0,non_convective,1,265.944656,333.519687,5.174938341277357,149602.32439306,-1.1924181065203483,0.06420692829829641
published_vector_plot_digitization,5,11,right,figure5_mg_si_o_1_1_3_sio_on,true,gas_mixing_ratio,H2O,0,non_convective,2,266.048627,333.491005,5.170468536969295,148070.4979776408,-1.1980000190289117,0.06338696834834898
published_vector_plot_digitization,5,11,right,figure5_mg_si_o_1_1_3_sio_on,true,gas_mixing_ratio,H2O,0,non_convective,3,266.149012,333.465909,5.166152897940482,146606.3893324193,-1.2028840465135604,0.06267811883794974
published_vector_plot_digitization,5,11,right,figure5_mg_si_o_1_1_3_sio_on,true,gas_mixing_ratio,H2O,0,non_convective,4,266.249398,333.437228,5.161837215920796,145156.7433014005,-1.2084657644083419,0.06187771040544045
published_vector_plot_digitization,5,11,right,figure5_mg_si_o_1_1_3_sio_on,true,gas_mixing_ratio,H2O,0,non_convective,5,266.353368,333.415716,5.157367454603611,143670.45084552246,-1.2126522960966613,0.061284084667057925
published_vector_plot_digitization,5,11,right,figure5_mg_si_o_1_1_3_sio_on,true,gas_mixing_ratio,H2O,0,non_convective,6,266.453754,333.39062,5.153051772583922,142249.83541538063,-1.2175363235813097,0.060598751474077756
published_vector_plot_digitization,5,11,right,figure5_mg_si_o_1_1_3_sio_on,true,gas_mixing_ratio,H2O,0,non_convective,7,266.554139,333.369109,5.148736133555108,140843.280992605,-1.2217226606558471,0.06001742236265136
published_vector_plot_digitization,5,11,right,figure5_mg_si_o_1_1_3_sio_on,true,gas_mixing_ratio,H2O,0,non_convective,8,266.65811,333.347598,5.144266329247047,139401.14124555205,-1.2259089977303734,0.05944166999212579
published_vector_plot_digitization,5,11,right,figure5_mg_si_o_1_1_3_sio_on,true,gas_mixing_ratio,H2O,0,non_convective,9,266.758495,333.329672,5.139950690218236,138022.7544714217,-1.2293976443947774,0.05896609334475598
published_vector_plot_digitization,5,11,right,figure5_mg_si_o_1_1_3_sio_on,true,gas_mixing_ratio,H2O,0,non_convective,10,266.858881,333.30816,5.135635008198547,136657.98354212596,-1.2335841760830966,0.05840040029515933
published_vector_plot_digitization,5,11,right,figure5_mg_si_o_1_1_3_sio_on,true,gas_mixing_ratio,H2O,0,non_convective,11,266.959266,333.290235,5.131319369169734,135306.72088092534,-1.2370726281337188,0.0579331805243624
published_vector_plot_digitization,5,11,right,figure5_mg_si_o_1_1_3_sio_on,true,gas_mixing_ratio,H2O,0,non_convective,12,267.063237,333.243627,5.126849564861673,133921.27175725673,-1.2461431873066864,0.056735751625193495
published_vector_plot_digitization,5,11,right,figure5_mg_si_o_1_1_3_sio_on,true,gas_mixing_ratio,H2O,0,non_convective,13,267.264008,333.150412,5.118218243813174,131285.94779225136,-1.2642841110388399,0.054414656122601955
published_vector_plot_digitization,5,11,right,figure5_mg_si_o_1_1_3_sio_on,true,gas_mixing_ratio,H2O,0,non_convective,14,267.367979,333.10739,5.1137484395051125,129941.66866010944,-1.2726567851879034,0.0533756546677093
published_vector_plot_digitization,5,11,right,figure5_mg_si_o_1_1_3_sio_on,true,gas_mixing_ratio,H2O,0,non_convective,15,267.56875,333.014174,5.105117118456611,127384.65595421479,-1.2907979035338386,0.05119199991809254
published_vector_plot_digitization,5,11,right,figure5_mg_si_o_1_1_3_sio_on,true,gas_mixing_ratio,H2O,0,non_convective,16,267.67272,332.971152,5.100647357139425,126080.33588727689,-1.2991705776829021,0.05021453233520599
published_vector_plot_digitization,5,11,right,figure5_mg_si_o_1_1_3_sio_on,true,gas_mixing_ratio,H2O,0,non_convective,17,267.773106,332.924545,5.096331675119739,124833.65176020189,-1.308240942242088,0.04917666327690219
published_vector_plot_digitization,5,11,right,figure5_mg_si_o_1_1_3_sio_on,true,gas_mixing_ratio,H2O,0,non_convective,18,267.873491,332.881522,5.092016036090925,123599.30709834817,-1.3166138110049335,0.04823765521252724
published_vector_plot_digitization,5,11,right,figure5_mg_si_o_1_1_3_sio_on,true,gas_mixing_ratio,H2O,0,non_convective,19,267.977462,332.834915,5.087546231782865,122333.73395763095,-1.325684175564119,0.04724064563259121
published_vector_plot_digitization,5,11,right,figure5_mg_si_o_1_1_3_sio_on,true,gas_mixing_ratio,H2O,0,non_convective,20,268.178233,332.74887,5.0789149107343645,119926.43139399099,-1.342429718476028,0.045453808878841685
published_vector_plot_digitization,5,11,right,figure5_mg_si_o_1_1_3_sio_on,true,gas_mixing_ratio,H2O,0,non_convective,21,268.282204,332.705848,5.074445106426303,118698.4660113569,-1.3508023926250918,0.044585907160431044
published_vector_plot_digitization,5,11,right,figure5_mg_si_o_1_1_3_sio_on,true,gas_mixing_ratio,H2O,0,non_convective,22,268.382589,332.662825,5.07012946739749,117524.78555079679,-1.3591752613879373,0.04373455768709698
published_vector_plot_digitization,5,11,right,figure5_mg_si_o_1_1_3_sio_on,true,gas_mixing_ratio,H2O,0,non_convective,23,268.482975,332.623388,5.065813785377801,116362.6988252732,-1.3668502451268787,0.04296845664891005
published_vector_plot_digitization,5,11,right,figure5_mg_si_o_1_1_3_sio_on,true,gas_mixing_ratio,H2O,0,non_convective,24,268.586945,332.580366,5.061344024060616,115171.2350497977,-1.375222919275931,0.042148010611870644
published_vector_plot_digitization,5,11,right,figure5_mg_si_o_1_1_3_sio_on,true,gas_mixing_ratio,H2O,0,non_convective,25,268.787716,332.501491,5.052712703012117,112904.8772724004,-1.3905730813675958,0.040684306609732546
published_vector_plot_digitization,5,11,right,figure5_mg_si_o_1_1_3_sio_on,true,gas_mixing_ratio,H2O,0,non_convective,26,268.891687,332.462054,5.048242898704055,111748.8078454233,-1.398248065106526,0.03997163701433882
published_vector_plot_digitization,5,11,right,figure5_mg_si_o_1_1_3_sio_on,true,gas_mixing_ratio,H2O,0,non_convective,27,269.092458,332.38318,5.0396115776555535,109549.79713180264,-1.4135980325844089,0.03858353077900527
published_vector_plot_digitization,5,11,right,figure5_mg_si_o_1_1_3_sio_on,true,gas_mixing_ratio,H2O,0,non_convective,28,269.192843,332.347328,5.035295938626742,108466.57794058272,-1.4205753259132168,0.03796860788643486
published_vector_plot_digitization,5,11,right,figure5_mg_si_o_1_1_3_sio_on,true,gas_mixing_ratio,H2O,0,non_convective,29,269.296814,332.311476,5.030826134318682,107355.95369090237,-1.427552619242025,0.037363485293530445
published_vector_plot_digitization,5,11,right,figure5_mg_si_o_1_1_3_sio_on,true,gas_mixing_ratio,H2O,0,non_convective,30,269.497585,332.239772,5.022194813270179,105243.38625605477,-1.441507205899652,0.03618201872907551
published_vector_plot_digitization,5,11,right,figure5_mg_si_o_1_1_3_sio_on,true,gas_mixing_ratio,H2O,0,non_convective,31,269.601556,332.207505,5.017725008962119,104165.76530484823,-1.4477868088183379,0.035662615497615194
published_vector_plot_digitization,5,11,right,figure5_mg_si_o_1_1_3_sio_on,true,gas_mixing_ratio,H2O,0,non_convective,32,269.802327,332.142972,5.0090936879136185,102115.97490158361,-1.4603458200419388,0.034646086070494464
published_vector_plot_digitization,5,11,right,figure5_mg_si_o_1_1_3_sio_on,true,gas_mixing_ratio,H2O,0,non_convective,33,269.906297,332.110705,5.004623926596433,101070.38652815396,-1.4666254229606246,0.03414873159181784
published_vector_plot_digitization,5,11,right,figure5_mg_si_o_1_1_3_sio_on,true,gas_mixing_ratio,H2O,0,non_convective,34,270.107068,332.053342,4.995992605547931,99081.50747798434,-1.47778905336397,0.033282117279828285
published_vector_plot_digitization,5,11,right,figure5_mg_si_o_1_1_3_sio_on,true,gas_mixing_ratio,H2O,0,non_convective,35,270.211039,332.02466,4.99152280123987,98066.97998952393,-1.4833709658725338,0.03285708521643274
published_vector_plot_digitization,5,11,right,figure5_mg_si_o_1_1_3_sio_on,true,gas_mixing_ratio,H2O,1,convective,0,270.311424,331.999564,4.987207162211059,97097.30192958371,-1.488254993357182,0.03248964803848134
published_vector_plot_digitization,5,11,right,figure5_mg_si_o_1_1_3_sio_on,true,gas_mixing_ratio,H2O,1,convective,1,273.054099,331.7486,4.86929716297463,74011.15179936189,-1.537096046658872,0.02903380484589864
published_vector_plot_digitization,5,11,right,figure5_mg_si_o_1_1_3_sio_on,true,gas_mixing_ratio,H2O,1,convective,2,277.012155,331.637459,4.699136870582079,50019.214877704675,-1.5587256170554404,0.02762322512989602
published_vector_plot_digitization,5,11,right,figure5_mg_si_o_1_1_3_sio_on,true,gas_mixing_ratio,H2O,1,convective,3,290.00849,331.615948,4.140413051709494,13816.977542524091,-1.5629119541299668,0.027358233120509154
published_vector_plot_digitization,5,11,right,figure5_mg_si_o_1_1_3_sio_on,true,gas_mixing_ratio,H2O,1,convective,4,297.114348,331.615948,3.83492599569514,6837.951178384154,-1.5629119541299668,0.027358233120509154
published_vector_plot_digitization,5,11,right,figure5_mg_si_o_1_1_3_sio_on,true,gas_mixing_ratio,H2O,2,non_convective,0,297.214733,331.615948,3.8306103566663268,6770.3380915598855,-1.5629119541299668,0.027358233120509154
published_vector_plot_digitization,5,11,right,figure5_mg_si_o_1_1_3_sio_on,true,gas_mixing_ratio,H2O,2,non_convective,1,456.006637,331.565755,-2.995992605547933,0.0010092700701209993,-1.5726802037130567,0.026749754236135227
published_vector_plot_digitization,5,11,right,figure5_mg_si_o_1_1_3_sio_on,true,gas_mixing_ratio,SiO,0,non_convective,0,265.743885,326.06248,5.1835696623258585,152605.31593422272,-2.643693367389308,0.0022714680505935506
published_vector_plot_digitization,5,11,right,figure5_mg_si_o_1_1_3_sio_on,true,gas_mixing_ratio,SiO,0,non_convective,1,265.944656,325.962094,5.174938341277357,149602.32439306,-2.6632298665554988,0.0021715514999962895
published_vector_plot_digitization,5,11,right,figure5_mg_si_o_1_1_3_sio_on,true,gas_mixing_ratio,SiO,0,non_convective,2,266.048627,325.911902,5.170468536969295,148070.4979776408,-2.6729979215248068,0.002123254623588008
published_vector_plot_digitization,5,11,right,figure5_mg_si_o_1_1_3_sio_on,true,gas_mixing_ratio,SiO,0,non_convective,3,266.249398,325.825857,5.161837215920796,145156.7433014005,-2.689743464436716,0.002042944345263226
published_vector_plot_digitization,5,11,right,figure5_mg_si_o_1_1_3_sio_on,true,gas_mixing_ratio,SiO,0,non_convective,4,266.353368,325.782835,5.157367454603611,143670.45084552246,-2.69811613858578,0.0020039360651739288
published_vector_plot_digitization,5,11,right,figure5_mg_si_o_1_1_3_sio_on,true,gas_mixing_ratio,SiO,0,non_convective,5,266.554139,325.711131,5.148736133555108,140843.280992605,-2.7120707252433958,0.0019405698283331586
published_vector_plot_digitization,5,11,right,figure5_mg_si_o_1_1_3_sio_on,true,gas_mixing_ratio,SiO,0,non_convective,6,266.65811,325.678864,5.144266329247047,139401.14124555205,-2.7183503281620927,0.00191271239320054
published_vector_plot_digitization,5,11,right,figure5_mg_si_o_1_1_3_sio_on,true,gas_mixing_ratio,SiO,0,non_convective,7,266.758495,325.646597,5.139950690218236,138022.7544714217,-2.7246299310807784,0.0018852548595200266
published_vector_plot_digitization,5,11,right,figure5_mg_si_o_1_1_3_sio_on,true,gas_mixing_ratio,SiO,0,non_convective,8,266.858881,325.621501,5.135635008198547,136657.98354212596,-2.729513958565427,0.0018641722613303739
published_vector_plot_digitization,5,11,right,figure5_mg_si_o_1_1_3_sio_on,true,gas_mixing_ratio,SiO,0,non_convective,9,266.959266,325.589234,5.131319369169734,135306.72088092534,-2.7357935614841242,0.0018374115351313858
published_vector_plot_digitization,5,11,right,figure5_mg_si_o_1_1_3_sio_on,true,gas_mixing_ratio,SiO,0,non_convective,10,267.063237,325.456582,5.126849564861673,133921.27175725673,-2.7616094689552075,0.001731372563232592
published_vector_plot_digitization,5,11,right,figure5_mg_si_o_1_1_3_sio_on,true,gas_mixing_ratio,SiO,0,non_convective,11,267.163623,325.320344,5.122533882841987,132597.05634648292,-2.7881232614502176,0.0016288336714926587
published_vector_plot_digitization,5,11,right,figure5_mg_si_o_1_1_3_sio_on,true,gas_mixing_ratio,SiO,0,non_convective,12,267.264008,325.180522,5.118218243813174,131285.94779225136,-2.815334549741557,0.0015299084743918934
published_vector_plot_digitization,5,11,right,figure5_mg_si_o_1_1_3_sio_on,true,gas_mixing_ratio,SiO,0,non_convective,13,267.367979,325.044284,5.1137484395051125,129941.66866010944,-2.841848342236556,0.0014393011015138592
published_vector_plot_digitization,5,11,right,figure5_mg_si_o_1_1_3_sio_on,true,gas_mixing_ratio,SiO,0,non_convective,14,267.468364,324.904462,5.109432800476299,128656.81635625276,-2.869059630527895,0.0013518869304744534
published_vector_plot_digitization,5,11,right,figure5_mg_si_o_1_1_3_sio_on,true,gas_mixing_ratio,SiO,0,non_convective,15,267.56875,324.761054,5.105117118456611,127384.65595421479,-2.896968803843149,0.0012677429268508976
published_vector_plot_digitization,5,11,right,figure5_mg_si_o_1_1_3_sio_on,true,gas_mixing_ratio,SiO,0,non_convective,16,267.67272,324.621231,5.100647357139425,126080.33588727689,-2.9241802867482707,0.0011907475956277416
published_vector_plot_digitization,5,11,right,figure5_mg_si_o_1_1_3_sio_on,true,gas_mixing_ratio,SiO,0,non_convective,17,267.773106,324.477823,5.096331675119739,124833.65176020189,-2.952089460063525,0.001116633209474103
published_vector_plot_digitization,5,11,right,figure5_mg_si_o_1_1_3_sio_on,true,gas_mixing_ratio,SiO,0,non_convective,18,267.873491,324.33083,5.092016036090925,123599.30709834817,-2.980696323788902,0.0010454509851785605
published_vector_plot_digitization,5,11,right,figure5_mg_si_o_1_1_3_sio_on,true,gas_mixing_ratio,SiO,0,non_convective,19,267.977462,324.187423,5.087546231782865,122333.73395763095,-3.008605302490363,0.0009803805746381854
published_vector_plot_digitization,5,11,right,figure5_mg_si_o_1_1_3_sio_on,true,gas_mixing_ratio,SiO,0,non_convective,20,268.077848,324.04043,5.083230549763176,121124.0962829087,-3.0372121662157396,0.0009178840723249919
published_vector_plot_digitization,5,11,right,figure5_mg_si_o_1_1_3_sio_on,true,gas_mixing_ratio,SiO,0,non_convective,21,268.178233,323.889851,5.0789149107343645,119926.43139399099,-3.0665169149650207,0.000857991696885687
published_vector_plot_digitization,5,11,right,figure5_mg_si_o_1_1_3_sio_on,true,gas_mixing_ratio,SiO,0,non_convective,22,268.282204,323.739273,5.074445106426303,118698.4660113569,-3.0958214691005193,0.000802007687027173
published_vector_plot_digitization,5,11,right,figure5_mg_si_o_1_1_3_sio_on,true,gas_mixing_ratio,SiO,0,non_convective,23,268.382589,323.588695,5.07012946739749,117524.78555079679,-3.125126023236029,0.0007496766371812071
published_vector_plot_digitization,5,11,right,figure5_mg_si_o_1_1_3_sio_on,true,gas_mixing_ratio,SiO,0,non_convective,24,268.482975,323.434531,5.065813785377801,116362.6988252732,-3.155128462395432,0.0006996350164347792
published_vector_plot_digitization,5,11,right,figure5_mg_si_o_1_1_3_sio_on,true,gas_mixing_ratio,SiO,0,non_convective,25,268.586945,323.280368,5.061344024060616,115171.2350497977,-3.1851307069410533,0.000652934013536237
published_vector_plot_digitization,5,11,right,figure5_mg_si_o_1_1_3_sio_on,true,gas_mixing_ratio,SiO,0,non_convective,26,268.787716,322.964871,5.052712703012117,112904.8772724004,-3.2465307714663325,0.0005668514064562642
published_vector_plot_digitization,5,11,right,figure5_mg_si_o_1_1_3_sio_on,true,gas_mixing_ratio,SiO,0,non_convective,27,268.891687,322.803537,5.048242898704055,111748.8078454233,-3.277928591445991,0.00052731655793626
published_vector_plot_digitization,5,11,right,figure5_mg_si_o_1_1_3_sio_on,true,gas_mixing_ratio,SiO,0,non_convective,28,268.992072,322.642203,5.043927259675242,110643.84502099632,-3.3093264114256495,0.0004905390532804458
published_vector_plot_digitization,5,11,right,figure5_mg_si_o_1_1_3_sio_on,true,gas_mixing_ratio,SiO,0,non_convective,29,269.192843,322.312365,5.035295938626742,108466.57794058272,-3.373517432205211,0.00042313852496100244
published_vector_plot_digitization,5,11,right,figure5_mg_si_o_1_1_3_sio_on,true,gas_mixing_ratio,SiO,0,non_convective,30,269.296814,322.147446,5.030826134318682,107355.95369090237,-3.405612942594992,0.0003929950293549363
published_vector_plot_digitization,5,11,right,figure5_mg_si_o_1_1_3_sio_on,true,gas_mixing_ratio,SiO,0,non_convective,31,269.497585,321.803267,5.022194813270179,105243.38625605477,-3.472594919628835,0.00033682559091893923
published_vector_plot_digitization,5,11,right,figure5_mg_si_o_1_1_3_sio_on,true,gas_mixing_ratio,SiO,0,non_convective,32,269.601556,321.631178,5.017725008962119,104165.76530484823,-3.506085810838871,0.00031182733936887413
published_vector_plot_digitization,5,11,right,figure5_mg_si_o_1_1_3_sio_on,true,gas_mixing_ratio,SiO,0,non_convective,33,269.701941,321.455503,5.013409369933307,103135.78296804329,-3.5402745870728003,0.00028822086214068393
published_vector_plot_digitization,5,11,right,figure5_mg_si_o_1_1_3_sio_on,true,gas_mixing_ratio,SiO,0,non_convective,34,269.802327,321.276244,5.0090936879136185,102115.97490158361,-3.5751608591030806,0.00026597397316169
published_vector_plot_digitization,5,11,right,figure5_mg_si_o_1_1_3_sio_on,true,gas_mixing_ratio,SiO,0,non_convective,35,269.906297,321.093399,5.004623926596433,101070.38652815396,-3.6107450161572765,0.00024505015629353483
published_vector_plot_digitization,5,11,right,figure5_mg_si_o_1_1_3_sio_on,true,gas_mixing_ratio,SiO,0,non_convective,36,270.006683,320.910554,5.000308244576744,100071.0011306189,-3.6463291732114613,0.00022577238812378933
published_vector_plot_digitization,5,11,right,figure5_mg_si_o_1_1_3_sio_on,true,gas_mixing_ratio,SiO,0,non_convective,37,270.107068,320.724123,4.995992605547931,99081.50747798434,-3.68261121528955,0.00020767718321998684
published_vector_plot_digitization,5,11,right,figure5_mg_si_o_1_1_3_sio_on,true,gas_mixing_ratio,SiO,0,non_convective,38,270.211039,320.534108,4.99152280123987,98066.97998952393,-3.7195907531639905,0.0001907257128768505
published_vector_plot_digitization,5,11,right,figure5_mg_si_o_1_1_3_sio_on,true,gas_mixing_ratio,SiO,1,convective,0,270.311424,320.344093,4.987207162211059,97097.30192958371,-3.7565702910384307,0.00017515789162957982
published_vector_plot_digitization,5,11,right,figure5_mg_si_o_1_1_3_sio_on,true,gas_mixing_ratio,SiO,1,convective,1,273.358841,317.866723,4.856196037618069,71811.83719415081,-4.238700637295273,5.771641702435565e-05
published_vector_plot_digitization,5,11,right,figure5_mg_si_o_1_1_3_sio_on,true,gas_mixing_ratio,SiO,1,convective,2,276.402672,315.106122,4.7253390783043265,53129.90976412591,-4.775951639772481,1.675129397227975e-05
published_vector_plot_digitization,5,11,right,figure5_mg_si_o_1_1_3_sio_on,true,gas_mixing_ratio,SiO,1,convective,3,279.346118,312.14475,4.598797758019398,39700.66286192826,-5.3522754459683,4.44349354930115e-06
published_vector_plot_digitization,5,11,right,figure5_mg_si_o_1_1_3_sio_on,true,gas_mixing_ratio,SiO,1,convective,4,282.293149,308.864296,4.472102315446095,29655.299564980178,-5.990697007099509,1.0216520079524737e-06
published_vector_plot_digitization,5,11,right,figure5_mg_si_o_1_1_3_sio_on,true,gas_mixing_ratio,SiO,1,convective,5,285.236594,305.246834,4.3455610381520415,22159.55517090485,-6.694704969830546,2.019737970517264e-07
published_vector_plot_digitization,5,11,right,figure5_mg_si_o_1_1_3_sio_on,true,gas_mixing_ratio,SiO,1,convective,6,286.760302,303.127983,4.280055497350984,19057.04227341278,-7.107062577413046,7.815151880935201e-08
published_vector_plot_digitization,5,11,right,figure5_mg_si_o_1_1_3_sio_on,true,gas_mixing_ratio,SiO,1,convective,7,289.603363,297.717923,4.157829816094869,14382.348768933736,-8.159934817357133,6.919348146408821e-09
published_vector_plot_digitization,5,11,right,figure5_mg_si_o_1_1_3_sio_on,true,gas_mixing_ratio,SiO,1,convective,8,292.342452,292.013876,4.040073982137689,10966.649972977903,-9.270020979365755,5.370058547227626e-10
published_vector_plot_digitization,5,11,right,figure5_mg_si_o_1_1_3_sio_on,true,gas_mixing_ratio,SiO,1,convective,9,295.085127,285.782806,3.9221639829012602,8359.185886227406,-10.482673080848624,3.290992701495823e-11
published_vector_plot_digitization,5,11,right,figure5_mg_si_o_1_1_3_sio_on,true,gas_mixing_ratio,SiO,1,convective,10,296.304093,282.620663,3.8697595674567635,7408.999533828498,-11.098069690763031,7.978666442024092e-12
published_vector_plot_digitization,5,11,right,figure5_mg_si_o_1_1_3_sio_on,true,gas_mixing_ratio,SiO,1,convective,11,297.114348,280.082345,3.83492599569514,6837.951178384154,-11.592061357833343,2.558224431249049e-12
published_vector_plot_digitization,5,11,right,figure5_mg_si_o_1_1_3_sio_on,true,gas_mixing_ratio,SiO,2,non_convective,0,297.214733,279.748922,3.8306103566663268,6770.3380915598855,-11.656950069023026,2.203179748780923e-12
published_vector_plot_digitization,5,11,right,figure5_mg_si_o_1_1_3_sio_on,true,gas_mixing_ratio,SiO,2,non_convective,1,297.928187,277.042099,3.7999383446360198,6308.677758923029,-12.18373513150702,6.550355468186117e-13
published_vector_plot_digitization,5,11,right,figure5_mg_si_o_1_1_3_sio_on,true,gas_mixing_ratio,SiO,2,non_convective,2,298.842412,272.539093,3.7606350115572083,5762.819427098881,-13.060082161614211,8.707988330713114e-14
published_vector_plot_digitization,5,11,right,figure5_mg_si_o_1_1_3_sio_on,true,gas_mixing_ratio,SiO,2,non_convective,3,302.090599,255.419783,3.6209926089065942,4178.2325581027035,-16.391735833846543,4.0575526714829444e-17
published_vector_plot_digitization,5,11,right,figure5_mg_si_o_1_1_3_sio_on,true,gas_mixing_ratio,SiO,2,non_convective,4,304.829689,248.235051,3.50323673195854,3185.9336865435325,-17.789983704339285,1.6218709522949806e-18
published_vector_plot_digitization,5,11,right,figure5_mg_si_o_1_1_3_sio_on,true,gas_mixing_ratio,SiO,2,non_convective,5,305.28922883278767,247.155907,3.483480712257662,3044.2527866762357,-18.0,1e-18
published_vector_plot_digitization,5,11,right,figure5_mg_si_o_1_1_3_sio_on,true,gas_mixing_ratio,CO2,0,non_convective,0,265.743885,305.849146,5.1835696623258585,152605.31593422272,-6.57748675328854,2.6455333867071077e-07
published_vector_plot_digitization,5,11,right,figure5_mg_si_o_1_1_3_sio_on,true,gas_mixing_ratio,CO2,0,non_convective,1,265.944656,305.669887,5.174938341277357,149602.32439306,-6.61237302531882,2.4413327361811035e-07
published_vector_plot_digitization,5,11,right,figure5_mg_si_o_1_1_3_sio_on,true,gas_mixing_ratio,CO2,0,non_convective,2,266.048627,305.583842,5.170468536969295,148070.4979776408,-6.629118568230729,2.3489914270663338e-07
published_vector_plot_digitization,5,11,right,figure5_mg_si_o_1_1_3_sio_on,true,gas_mixing_ratio,CO2,0,non_convective,3,266.149012,305.497797,5.166152897940482,146606.3893324193,-6.645864111142639,2.2601428484764363e-07
published_vector_plot_digitization,5,11,right,figure5_mg_si_o_1_1_3_sio_on,true,gas_mixing_ratio,CO2,0,non_convective,4,266.249398,305.415338,5.161837215920796,145156.7433014005,-6.661911769030633,2.178152239322476e-07
published_vector_plot_digitization,5,11,right,figure5_mg_si_o_1_1_3_sio_on,true,gas_mixing_ratio,CO2,0,non_convective,5,266.353368,305.336463,5.157367454603611,143670.45084552246,-6.677261931122297,2.102509994203928e-07
published_vector_plot_digitization,5,11,right,figure5_mg_si_o_1_1_3_sio_on,true,gas_mixing_ratio,CO2,0,non_convective,6,266.453754,305.257589,5.153051772583922,142249.83541538063,-6.692611898600169,2.0294955406863854e-07
published_vector_plot_digitization,5,11,right,figure5_mg_si_o_1_1_3_sio_on,true,gas_mixing_ratio,CO2,0,non_convective,7,266.554139,305.1823,5.148736133555108,140843.280992605,-6.707264175667918,1.962166353552712e-07
published_vector_plot_digitization,5,11,right,figure5_mg_si_o_1_1_3_sio_on,true,gas_mixing_ratio,CO2,0,non_convective,8,266.65811,305.107011,5.144266329247047,139401.14124555205,-6.721916452735668,1.8970708345149734e-07
published_vector_plot_digitization,5,11,right,figure5_mg_si_o_1_1_3_sio_on,true,gas_mixing_ratio,CO2,0,non_convective,9,266.758495,305.035307,5.139950690218236,138022.7544714217,-6.735871039393295,1.8370837711087075e-07
published_vector_plot_digitization,5,11,right,figure5_mg_si_o_1_1_3_sio_on,true,gas_mixing_ratio,CO2,0,non_convective,10,266.959266,304.89907,5.131319369169734,135306.72088092534,-6.762384637274511,1.7282850081924384e-07
published_vector_plot_digitization,5,11,right,figure5_mg_si_o_1_1_3_sio_on,true,gas_mixing_ratio,CO2,0,non_convective,11,267.063237,304.755662,5.126849564861673,133921.27175725673,-6.790293810589766,1.6207132751475406e-07
published_vector_plot_digitization,5,11,right,figure5_mg_si_o_1_1_3_sio_on,true,gas_mixing_ratio,CO2,0,non_convective,12,267.264008,304.476016,5.118218243813174,131285.94779225136,-6.844716776400008,1.429826110535094e-07
published_vector_plot_digitization,5,11,right,figure5_mg_si_o_1_1_3_sio_on,true,gas_mixing_ratio,CO2,0,non_convective,13,267.367979,304.336194,5.1137484395051125,129941.66866010944,-6.871928064691359,1.3429873913459564e-07
published_vector_plot_digitization,5,11,right,figure5_mg_si_o_1_1_3_sio_on,true,gas_mixing_ratio,CO2,0,non_convective,14,267.468364,304.196371,5.109432800476299,128656.81635625276,-6.89913954759648,1.2614221490282113e-07
published_vector_plot_digitization,5,11,right,figure5_mg_si_o_1_1_3_sio_on,true,gas_mixing_ratio,CO2,0,non_convective,15,267.56875,304.060134,5.105117118456611,127384.65595421479,-6.925653145477697,1.186716154947915e-07
published_vector_plot_digitization,5,11,right,figure5_mg_si_o_1_1_3_sio_on,true,gas_mixing_ratio,CO2,0,non_convective,16,267.67272,303.920311,5.100647357139425,126080.33588727689,-6.952864628382818,1.1146419185370278e-07
published_vector_plot_digitization,5,11,right,figure5_mg_si_o_1_1_3_sio_on,true,gas_mixing_ratio,CO2,0,non_convective,17,267.773106,303.780489,5.096331675119739,124833.65176020189,-6.980075916674168,1.0469455211589918e-07
published_vector_plot_digitization,5,11,right,figure5_mg_si_o_1_1_3_sio_on,true,gas_mixing_ratio,CO2,0,non_convective,18,267.873491,303.644251,5.092016036090925,123599.30709834817,-7.006589709169167,9.849411693912522e-08
published_vector_plot_digitization,5,11,right,figure5_mg_si_o_1_1_3_sio_on,true,gas_mixing_ratio,CO2,0,non_convective,19,267.977462,303.508014,5.087546231782865,122333.73395763095,-7.033103307050384,9.266093815542706e-08
published_vector_plot_digitization,5,11,right,figure5_mg_si_o_1_1_3_sio_on,true,gas_mixing_ratio,CO2,0,non_convective,20,268.077848,303.368191,5.083230549763176,121124.0962829087,-7.060314789955505,8.70332517581165e-08
published_vector_plot_digitization,5,11,right,figure5_mg_si_o_1_1_3_sio_on,true,gas_mixing_ratio,CO2,0,non_convective,21,268.178233,303.231954,5.0789149107343645,119926.43139399099,-7.086828387836734,8.187882697205852e-08
published_vector_plot_digitization,5,11,right,figure5_mg_si_o_1_1_3_sio_on,true,gas_mixing_ratio,CO2,0,non_convective,22,268.282204,303.099301,5.074445106426303,118698.4660113569,-7.112644489921599,7.715347829955847e-08
published_vector_plot_digitization,5,11,right,figure5_mg_si_o_1_1_3_sio_on,true,gas_mixing_ratio,CO2,0,non_convective,23,268.382589,302.963064,5.07012946739749,117524.78555079679,-7.1391580878028265,7.258416952567676e-08
published_vector_plot_digitization,5,11,right,figure5_mg_si_o_1_1_3_sio_on,true,gas_mixing_ratio,CO2,0,non_convective,24,268.482975,302.830412,5.065813785377801,116362.6988252732,-7.16497399527391,6.8395259983384e-08
published_vector_plot_digitization,5,11,right,figure5_mg_si_o_1_1_3_sio_on,true,gas_mixing_ratio,CO2,0,non_convective,25,268.586945,302.697759,5.061344024060616,115171.2350497977,-7.190790097358788,6.444806798125344e-08
published_vector_plot_digitization,5,11,right,figure5_mg_si_o_1_1_3_sio_on,true,gas_mixing_ratio,CO2,0,non_convective,26,268.787716,302.432455,5.052712703012117,112904.8772724004,-7.242421912300977,5.7223983616923855e-08
published_vector_plot_digitization,5,11,right,figure5_mg_si_o_1_1_3_sio_on,true,gas_mixing_ratio,CO2,0,non_convective,27,268.891687,302.303388,5.048242898704055,111748.8078454233,-7.267540129361949,5.400822081766821e-08
published_vector_plot_digitization,5,11,right,figure5_mg_si_o_1_1_3_sio_on,true,gas_mixing_ratio,CO2,0,non_convective,28,268.992072,302.170736,5.043927259675242,110643.84502099632,-7.293356036833045,5.089134901181998e-08
published_vector_plot_digitization,5,11,right,figure5_mg_si_o_1_1_3_sio_on,true,gas_mixing_ratio,CO2,0,non_convective,29,269.092458,302.041669,5.0396115776555535,109549.79713180264,-7.318474253894006,4.8031455369118765e-08
published_vector_plot_digitization,5,11,right,figure5_mg_si_o_1_1_3_sio_on,true,gas_mixing_ratio,CO2,0,non_convective,30,269.192843,301.916187,5.035295938626742,108466.57794058272,-7.342894780544857,4.540516094730922e-08
published_vector_plot_digitization,5,11,right,figure5_mg_si_o_1_1_3_sio_on,true,gas_mixing_ratio,CO2,0,non_convective,31,269.296814,301.78712,5.030826134318682,107355.95369090237,-7.368012997605818,4.2853569494921595e-08
published_vector_plot_digitization,5,11,right,figure5_mg_si_o_1_1_3_sio_on,true,gas_mixing_ratio,CO2,0,non_convective,32,269.3972,301.661638,5.026510452298993,106294.41651722933,-7.392433524256669,4.05103948054554e-08
published_vector_plot_digitization,5,11,right,figure5_mg_si_o_1_1_3_sio_on,true,gas_mixing_ratio,CO2,0,non_convective,33,269.497585,301.539741,5.022194813270179,105243.38625605477,-7.416156360497386,3.835691229529586e-08
published_vector_plot_digitization,5,11,right,figure5_mg_si_o_1_1_3_sio_on,true,gas_mixing_ratio,CO2,0,non_convective,34,269.601556,301.414259,5.017725008962119,104165.76530484823,-7.440576887148224,3.6259608684052495e-08
published_vector_plot_digitization,5,11,right,figure5_mg_si_o_1_1_3_sio_on,true,gas_mixing_ratio,CO2,0,non_convective,35,269.802327,301.170466,5.0090936879136185,102115.97490158361,-7.488022365015888,3.250705566814439e-08
published_vector_plot_digitization,5,11,right,figure5_mg_si_o_1_1_3_sio_on,true,gas_mixing_ratio,CO2,0,non_convective,36,269.906297,301.052155,5.004623926596433,101070.38652815396,-7.51104731623269,3.082852056293069e-08
published_vector_plot_digitization,5,11,right,figure5_mg_si_o_1_1_3_sio_on,true,gas_mixing_ratio,CO2,0,non_convective,37,270.006683,300.930258,5.000308244576744,100071.0011306189,-7.534770152473418,2.9189714519069235e-08
published_vector_plot_digitization,5,11,right,figure5_mg_si_o_1_1_3_sio_on,true,gas_mixing_ratio,CO2,0,non_convective,38,270.107068,300.815532,4.995992605547931,99081.50747798434,-7.557097413280099,2.7726981121487892e-08
published_vector_plot_digitization,5,11,right,figure5_mg_si_o_1_1_3_sio_on,true,gas_mixing_ratio,CO2,0,non_convective,39,270.211039,300.69722,4.99152280123987,98066.97998952393,-7.580122559110693,2.629525827677853e-08
published_vector_plot_digitization,5,11,right,figure5_mg_si_o_1_1_3_sio_on,true,gas_mixing_ratio,CO2,1,convective,0,270.311424,300.578909,4.987207162211059,97097.30192958371,-7.6031475103275055,2.493747569047358e-08
published_vector_plot_digitization,5,11,right,figure5_mg_si_o_1_1_3_sio_on,true,gas_mixing_ratio,CO2,1,convective,1,272.340645,300.033959,4.899969175004939,79427.18575516276,-7.709202291079949,1.953429351237105e-08
published_vector_plot_digitization,5,11,right,figure5_mg_si_o_1_1_3_sio_on,true,gas_mixing_ratio,CO2,1,convective,2,275.183705,299.517691,4.777743536739699,59943.69871030433,-7.809675159323817,1.5499755257494755e-08
published_vector_plot_digitization,5,11,right,figure5_mg_si_o_1_1_3_sio_on,true,gas_mixing_ratio,CO2,1,convective,3,281.174567,298.467228,4.520191134852653,33127.68857739825,-8.014109737089761,9.680332237014183e-09
published_vector_plot_digitization,5,11,right,figure5_mg_si_o_1_1_3_sio_on,true,gas_mixing_ratio,CO2,1,convective,4,284.627111,297.610367,4.371763245874289,23537.657868518923,-8.18086669734357,6.593762536018669e-09
published_vector_plot_digitization,5,11,right,figure5_mg_si_o_1_1_3_sio_on,true,gas_mixing_ratio,CO2,1,convective,5,287.975684,296.545564,4.227805161203986,16896.827143069277,-8.388092036750002,4.091739373984292e-09
published_vector_plot_digitization,5,11,right,figure5_mg_si_o_1_1_3_sio_on,true,gas_mixing_ratio,CO2,1,convective,6,291.227456,295.276404,4.088008636264997,12246.4055190045,-8.63508806489894,2.3169247834514447e-09
published_vector_plot_digitization,5,11,right,figure5_mg_si_o_1_1_3_sio_on,true,gas_mixing_ratio,CO2,1,convective,7,294.371673,293.813644,3.9528359949315695,8970.899573988841,-8.91976132133244,1.2029253542278436e-09
published_vector_plot_digitization,5,11,right,figure5_mg_si_o_1_1_3_sio_on,true,gas_mixing_ratio,CO2,1,convective,8,297.114348,292.340129,3.83492599569514,6837.951178384154,-9.206527648996316,6.215446763689756e-10
published_vector_plot_digitization,5,11,right,figure5_mg_si_o_1_1_3_sio_on,true,gas_mixing_ratio,CO2,2,non_convective,0,297.214733,292.279181,3.8306103566663268,6770.3380915598855,-9.218388969809785,6.047989523412333e-10
published_vector_plot_digitization,5,11,right,figure5_mg_si_o_1_1_3_sio_on,true,gas_mixing_ratio,CO2,2,non_convective,1,302.29137,289.471972,3.6123612878580946,4096.0126370457065,-9.764710531459972,1.7190537993501025e-10
published_vector_plot_digitization,5,11,right,figure5_mg_si_o_1_1_3_sio_on,true,gas_mixing_ratio,CO2,2,non_convective,2,305.13443,288.156206,3.490135649592852,3091.2608207663457,-10.020776729554312,9.532861217019238e-11
published_vector_plot_digitization,5,11,right,figure5_mg_si_o_1_1_3_sio_on,true,gas_mixing_ratio,CO2,2,non_convective,3,307.471978,287.313685,3.3896424147417994,2452.68861265765,-10.18474292816762,6.535172745094722e-11
published_vector_plot_digitization,5,11,right,figure5_mg_si_o_1_1_3_sio_on,true,gas_mixing_ratio,CO2,2,non_convective,4,309.601584,286.768735,3.298088788506866,1986.5010022531656,-10.290797708920062,5.119202285798954e-11
published_vector_plot_digitization,5,11,right,figure5_mg_si_o_1_1_3_sio_on,true,gas_mixing_ratio,CO2,2,non_convective,5,311.734776,286.453238,3.206380996992685,1608.3516057600036,-10.35219777344534,4.444288328499245e-11
published_vector_plot_digitization,5,11,right,figure5_mg_si_o_1_1_3_sio_on,true,gas_mixing_ratio,CO2,2,non_convective,6,313.867967,286.363608,3.1146732484693795,1302.186679434827,-10.369641006767374,4.2693228052807856e-11
published_vector_plot_digitization,5,11,right,figure5_mg_si_o_1_1_3_sio_on,true,gas_mixing_ratio,CO2,2,non_convective,7,316.101544,286.49626,3.018649817926388,1043.8781757367826,-10.343825099296279,4.5308000924863856e-11
published_vector_plot_digitization,5,11,right,figure5_mg_si_o_1_1_3_sio_on,true,gas_mixing_ratio,CO2,2,non_convective,8,318.535892,286.865535,2.913995066334894,820.3422250384883,-10.271959094777776,5.346147111850669e-11
published_vector_plot_digitization,5,11,right,figure5_mg_si_o_1_1_3_sio_on,true,gas_mixing_ratio,CO2,2,non_convective,9,321.378952,287.535967,2.7917694280696512,619.1122939773953,-10.141483787374494,7.21965114077538e-11
published_vector_plot_digitization,5,11,right,figure5_mg_si_o_1_1_3_sio_on,true,gas_mixing_ratio,CO2,2,non_convective,10,324.73111,288.564918,2.6476572211109763,444.2804684443051,-9.941235741296879,1.144891309260832e-10
published_vector_plot_digitization,5,11,right,figure5_mg_si_o_1_1_3_sio_on,true,gas_mixing_ratio,CO2,2,non_convective,11,328.993908,290.117308,2.4643958033618643,291.33710701903425,-9.639119251541347,2.2955182425080612e-10
published_vector_plot_digitization,5,11,right,figure5_mg_si_o_1_1_3_sio_on,true,gas_mixing_ratio,CO2,2,non_convective,12,335.189126,292.634115,2.1980579581379467,157.7821821564194,-9.149313921545563,7.090650484324124e-10
published_vector_plot_digitization,5,11,right,figure5_mg_si_o_1_1_3_sio_on,true,gas_mixing_ratio,CO2,2,non_convective,13,346.152655,297.366573,1.7267262487598547,53.299882148722595,-8.228312369825003,5.911363016571998e-09
published_vector_plot_digitization,5,11,right,figure5_mg_si_o_1_1_3_sio_on,true,gas_mixing_ratio,CO2,2,non_convective,14,375.594282,310.140626,0.4610049303064425,2.8907126988509217,-5.7423055981303275,1.810065963059796e-06
published_vector_plot_digitization,5,11,right,figure5_mg_si_o_1_1_3_sio_on,true,gas_mixing_ratio,CO2,2,non_convective,15,380.670919,312.062291,0.2427558614982086,1.748863289312307,-5.368323103856294,4.2822980995867715e-06
published_vector_plot_digitization,5,11,right,figure5_mg_si_o_1_1_3_sio_on,true,gas_mixing_ratio,CO2,2,non_convective,16,384.428204,313.256161,0.08122689015415928,1.2056656564599453,-5.135979547388888,7.31173516468606e-06
published_vector_plot_digitization,5,11,right,figure5_mg_si_o_1_1_3_sio_on,true,gas_mixing_ratio,CO2,2,non_convective,17,387.780362,314.091511,-0.06288531680451823,0.8651963591257474,-4.973408924209608,1.0631415110480546e-05
published_vector_plot_digitization,5,11,right,figure5_mg_si_o_1_1_3_sio_on,true,gas_mixing_ratio,CO2,2,non_convective,18,391.02855,314.672313,-0.20252776244600754,0.6272955945840626,-4.860376850128367,1.3791869840048601e-05
published_vector_plot_digitization,5,11,right,figure5_mg_si_o_1_1_3_sio_on,true,gas_mixing_ratio,CO2,2,non_convective,19,394.581479,315.081025,-0.3552712904531852,0.441294697962558,-4.780835861870923,1.6563958667664276e-05
published_vector_plot_digitization,5,11,right,figure5_mg_si_o_1_1_3_sio_on,true,gas_mixing_ratio,CO2,2,non_convective,20,399.048632,315.3535,-0.5473181085482954,0.2835841093318935,-4.727808471494708,1.8715073131123983e-05
published_vector_plot_digitization,5,11,right,figure5_mg_si_o_1_1_3_sio_on,true,gas_mixing_ratio,CO2,2,non_convective,21,405.648978,315.511249,-0.8310727611484623,0.1475459315978715,-4.697108341925171,2.008591673764161e-05
published_vector_plot_digitization,5,11,right,figure5_mg_si_o_1_1_3_sio_on,true,gas_mixing_ratio,CO2,2,non_convective,22,419.860694,315.568612,-1.442046873177171,0.03613708579663426,-4.685944711521837,2.0608922613977563e-05
published_vector_plot_digitization,5,11,right,figure5_mg_si_o_1_1_3_sio_on,true,gas_mixing_ratio,CO2,2,non_convective,23,456.006637,315.572197,-2.995992605547933,0.0010092700701209993,-4.685247021111703,2.064205728191777e-05
