wavelength_micron,total_depth_ppm,aerosols_depth_ppm,rayleigh_plus_cia_depth_ppm,molecule_H2O_depth_ppm,molecule_CO_depth_ppm,molecule_CO2_depth_ppm,molecule_CH4_depth_ppm,molecule_NH3_depth_ppm
6.500044706082713786e-01,2.766948554117974709e+03,2.763788780425453751e+03,2.545977346154688803e+03,2.588744615786845770e+03,2.322045863971842664e+03,2.322045876319720264e+03,2.322045863941310017e+03,2.334013116948855441e+03
6.506548001894508770e-01,2.766721473674409026e+03,2.763768354487899160e+03,2.545700672869818391e+03,2.591921854692147463e+03,2.322045863958979226e+03,2.322045880155447321e+03,2.322045863941310017e+03,2.332974329871249211e+03
6.513057804254872574e-01,2.767495861959102058e+03,2.763747977574926608e+03,2.545423965680774472e+03,2.592995981164947352e+03,2.322045863949473187e+03,2.322045873925975684e+03,2.322045863941310017e+03,2.333568133672810745e+03
6.519574119673563484e-01,2.771842548962860292e+03,2.763727649683200980e+03,2.545147222737200536e+03,2.633689762602928568e+03,2.322045863949167142e+03,2.322045877846130679e+03,2.322045863941310017e+03,2.331808712899842249e+03
6.526096954666920080e-01,2.767272572945203592e+03,2.763707370808524502e+03,2.544870440543763834e+03,2.600062673622105194e+03,2.322045863950962939e+03,2.322045877135456522e+03,2.322045863941310017e+03,2.332079058541665745e+03
6.532626315757774638e-01,2.766508102354261609e+03,2.763687140945824467e+03,2.544593615218555442e+03,2.584587359723996087e+03,2.322045863947574617e+03,2.322045875544208229e+03,2.322045863941310017e+03,2.330172212740877058e+03
6.539162209475479770e-01,2.766712815371429770e+03,2.763666960089170061e+03,2.544316743076085913e+03,2.584696692326764605e+03,2.322045863946686950e+03,2.322045873661580572e+03,2.322045863941310017e+03,2.331317819070653059e+03
6.545704642355942848e-01,2.767059144537058728e+03,2.763646828231775999e+03,2.544039819765496304e+03,2.581570464117141455e+03,2.322045863946182180e+03,2.322045872906488967e+03,2.322045863941310017e+03,2.329847004345461755e+03
6.552253620941589363e-01,2.767711446249540131e+03,2.763626745365997067e+03,2.543762842093706240e+03,2.582765276754414117e+03,2.322045863945458223e+03,2.322045871665720369e+03,2.322045863941310017e+03,2.330530912762746539e+03
6.558809151781398450e-01,2.767566781529547825e+03,2.763606711483351773e+03,2.543485806025707916e+03,2.597124677999240248e+03,2.322045863944226312e+03,2.322045932840544992e+03,2.322045863941310017e+03,2.329011921978019927e+03
6.565371241430909555e-01,2.768078466794815085e+03,2.763586726574511431e+03,2.543208710159742623e+03,2.604035343074397588e+03,2.322045863946367717e+03,2.322045891764979842e+03,2.322045863941310017e+03,2.329642038678206063e+03
6.571939896452202445e-01,2.767826980886753972e+03,2.763566790629306979e+03,2.542931553829568202e+03,2.610902936984108237e+03,2.322045863945128076e+03,2.322045893207624886e+03,2.322045863941310017e+03,2.328167234589370310e+03
6.578515123413940513e-01,2.766494592301133707e+03,2.763546903636742627e+03,2.542654335455285036e+03,2.597143344141530179e+03,2.322045863943084441e+03,2.322045922475762382e+03,2.322045863941310017e+03,2.328357811645112179e+03
6.585096928891353008e-01,2.767206154467385204e+03,2.763527065584988122e+03,2.542377057788745788e+03,2.591606938779222673e+03,2.322045863945869769e+03,2.322045897516131845e+03,2.322045863941310017e+03,2.327174126563876143e+03
6.591685319466245030e-01,2.765997484428080497e+03,2.763507276461397396e+03,2.542099721465394396e+03,2.581104854289055311e+03,2.322045863944893426e+03,2.322045893505969616e+03,2.322045863941310017e+03,2.327496675790019708e+03
6.598280301727010855e-01,2.766144328099879658e+03,2.763487536252501286e+03,2.541822329528009959e+03,2.581777172339666777e+03,2.322045863943081258e+03,2.322045910176589587e+03,2.322045863941310017e+03,2.327191814188470744e+03
6.604881882268627269e-01,2.765731225610896672e+03,2.763467844944023454e+03,2.541544885195502047e+03,2.570514893216636210e+03,2.322045863943174027e+03,2.322045896550791440e+03,2.322045863941310017e+03,2.326163755860854963e+03
6.611490067692689099e-01,2.765481796926894731e+03,2.763448202520873565e+03,2.541267391695063452e+03,2.584366173541572607e+03,2.322045863942601045e+03,2.322045939772510792e+03,2.322045863941310017e+03,2.326623655982142282e+03
6.618104864607380344e-01,2.764820331315562271e+03,2.763428608967159562e+03,2.540989853365387262e+03,2.567884715069433241e+03,2.322045863942469168e+03,2.322045905815906735e+03,2.322045863941310017e+03,2.325819753933531047e+03
6.624726279627471959e-01,2.764663966685865489e+03,2.763409064266197674e+03,2.540712272465713795e+03,2.564009968164175007e+03,2.322045863942320921e+03,2.322045909652118098e+03,2.322045863941310017e+03,2.325899174043604944e+03
6.631354319374386241e-01,2.765314599381232256e+03,2.763389568400501958e+03,2.540434652149288013e+03,2.581346829665886617e+03,2.322045863942204505e+03,2.322045904243461791e+03,2.322045863941310017e+03,2.325449488737997854e+03
6.637988990476172413e-01,2.764549102666602721e+03,2.763370121351803391e+03,2.540156996249917484e+03,2.570235774174323979e+03,2.322045863942297728e+03,2.322045902193569873e+03,2.322045863941310017e+03,2.325212019535811578e+03
6.644630299567501064e-01,2.764884936150733211e+03,2.763350723101047606e+03,2.539879309254529289e+03,2.567147840225226901e+03,2.322045863941848893e+03,2.322045921039185032e+03,2.322045863941310017e+03,2.325163133642744015e+03
6.651278253289680809e-01,2.764429757384856657e+03,2.763331373628402616e+03,2.539601593260002574e+03,2.564043132797969520e+03,2.322045863942083542e+03,2.322045902753876817e+03,2.322045863941310017e+03,2.324821222203070192e+03
6.657932858290660505e-01,2.764328170035737003e+03,2.763312072913262909e+03,2.539323850601878348e+03,2.557274229802784703e+03,2.322045863942035794e+03,2.322045914219685983e+03,2.322045863941310017e+03,2.324793243885658285e+03
6.664594121225054790e-01,2.764458561656642360e+03,2.763292820934258089e+03,2.539046082847519301e+03,2.561645231992572917e+03,2.322045863941634707e+03,2.322045899179907337e+03,2.322045863941310017e+03,2.324564640971044810e+03
6.671262048754132978e-01,2.764198517520034784e+03,2.763273617669248324e+03,2.538768290272924332e+03,2.553210479862757893e+03,2.322045863941818425e+03,2.322045905229028904e+03,2.322045863941310017e+03,2.324465585164871754e+03
6.677936647545805737e-01,2.764066614306506835e+03,2.763254463095337542e+03,2.538490474118098973e+03,2.543090962318799484e+03,2.322045863942078995e+03,2.322045904465435797e+03,2.322045863941310017e+03,2.324467752679727710e+03
6.684617924274679490e-01,2.764059318924393210e+03,2.763235357188879789e+03,2.538212633934199857e+03,2.540856746060071600e+03,2.322045863941801144e+03,2.322045898082879376e+03,2.322045863941310017e+03,2.324249690265053232e+03
6.691305885622033101e-01,2.764035353101795408e+03,2.763216299925475596e+03,2.537934769497811430e+03,2.554856401324033868e+03,2.322045863941675179e+03,2.322045902336109521e+03,2.322045863941310017e+03,2.324147862856359552e+03
6.698000538275840077e-01,2.763887219646461290e+03,2.763197291279981073e+03,2.537656879800292700e+03,2.534381277004662024e+03,2.322045863941532389e+03,2.322045894066209257e+03,2.322045863941310017e+03,2.324029383517525275e+03
6.704701888930755249e-01,2.763901704199759934e+03,2.763178331226520186e+03,2.537378965378421071e+03,2.534566477907700573e+03,2.322045863941536936e+03,2.322045900116033863e+03,2.322045863941310017e+03,2.323868480790244575e+03
6.711409944288103668e-01,2.763852633821781637e+03,2.763159419738479301e+03,2.537101026160270976e+03,2.540495962810470246e+03,2.322045863941479183e+03,2.322045895665724856e+03,2.322045863941310017e+03,2.323878647085218290e+03
6.718124711055946108e-01,2.763782804773477892e+03,2.763140556788516733e+03,2.536823060327883013e+03,2.525350832525529313e+03,2.322045863941523294e+03,2.322045887277447491e+03,2.322045863941310017e+03,2.323823262327337034e+03
6.724846195949062411e-01,2.763823515677145679e+03,2.763121742348566386e+03,2.536545069215098920e+03,2.534737322629165647e+03,2.322045863941465086e+03,2.322045887966847204e+03,2.322045863941310017e+03,2.323763964627658879e+03
6.731574405688934837e-01,2.763750830709891488e+03,2.763102976389843661e+03,2.536267052745036381e+03,2.528983781253230518e+03,2.322045863941453263e+03,2.322045893856930888e+03,2.322045863941310017e+03,2.323823721881437905e+03
6.738309347003775818e-01,2.763714141565949376e+03,2.763084258882852737e+03,2.535989010558743757e+03,2.520506480392575213e+03,2.322045863941436892e+03,2.322045888404427842e+03,2.322045863941310017e+03,2.323763894715931656e+03
6.745051026628549051e-01,2.763708124747447073e+03,2.763065589797385201e+03,2.535710943242429494e+03,2.531183183285741961e+03,2.322045863941438711e+03,2.322045884414733337e+03,2.322045863941310017e+03,2.323767492639279681e+03
6.751799451304906219e-01,2.763666080655733822e+03,2.763046969102529602e+03,2.535432850936480008e+03,2.516866784221654143e+03,2.322045863941444168e+03,2.322045883518560004e+03,2.322045863941310017e+03,2.323802386872948773e+03
6.758554627781256929e-01,2.763656940044449129e+03,2.763028396766680089e+03,2.535154733142219811e+03,2.517488469025368431e+03,2.322045863941368225e+03,2.322045882892667578e+03,2.322045863941310017e+03,2.323829290804409538e+03
6.765316562812807577e-01,2.763661087676054194e+03,2.763009872757534140e+03,2.534876589512316059e+03,2.522330504296451181e+03,2.322045863941400967e+03,2.322045883966866768e+03,2.322045863941310017e+03,2.323952160394903331e+03
6.772085263161490287e-01,2.763689169353224315e+03,2.762991397042098015e+03,2.534598420217326293e+03,2.519817098510898177e+03,2.322045863941479638e+03,2.322045879365895871e+03,2.322045863941310017e+03,2.324111772748840849e+03
6.778860735595994003e-01,2.763604744217475854e+03,2.762972969586697218e+03,2.534320224333870556e+03,2.521356265188661382e+03,2.322045863941421430e+03,2.322045878132985308e+03,2.322045863941310017e+03,2.324188528572102769e+03
6.785642986891794459e-01,2.763686574581806781e+03,2.762954590356977860e+03,2.534042002185686670e+03,2.526370515531154524e+03,2.322045863941370499e+03,2.322045877351792569e+03,2.322045863941310017e+03,2.324263672090277851e+03
6.792432023831157517e-01,2.763591339500904269e+03,2.762936259317914391e+03,2.533763752744534031e+03,2.517182316935570270e+03,2.322045863941356856e+03,2.322045879601820161e+03,2.322045863941310017e+03,2.324278762519616066e+03
6.799227853203105854e-01,2.763645395993565216e+03,2.762917976433804597e+03,2.533485476065090097e+03,2.529143002024519319e+03,2.322045863941352764e+03,2.322045877018572810e+03,2.322045863941310017e+03,2.324306181466373801e+03
6.806030481803471144e-01,2.763694426971161647e+03,2.762899741668290517e+03,2.533207171351017678e+03,2.525242265997635513e+03,2.322045863941360494e+03,2.322045874298263243e+03,2.322045863941310017e+03,2.324303241923572386e+03
6.812839916434886289e-01,2.763598948460267820e+03,2.762881554984356626e+03,2.532928838472089865e+03,2.522292472972262203e+03,2.322045863941344123e+03,2.322045874528339482e+03,2.322045863941310017e+03,2.324426425465049761e+03
6.819656163906773205e-01,2.763728230291209911e+03,2.762863416344320740e+03,2.532650477084867816e+03,2.536042567933124246e+03,2.322045863941337757e+03,2.322045874789109348e+03,2.322045863941310017e+03,2.324604462413436522e+03
6.826479231035392781e-01,2.763752147197720660e+03,2.762845325709865847e+03,2.532372086708691768e+03,2.524478615965363588e+03,2.322045863941339576e+03,2.322045874776788878e+03,2.322045863941310017e+03,2.324979250912416319e+03
6.833309124643803800e-01,2.763685644037147540e+03,2.762827283042025101e+03,2.532093667362462384e+03,2.517486701467041257e+03,2.322045863941337302e+03,2.322045872711636093e+03,2.322045863941310017e+03,2.325037449193897373e+03
6.840145851561922896e-01,2.763753177683884587e+03,2.762809288301185916e+03,2.531815218759706568e+03,2.517155005141665697e+03,2.322045863941344578e+03,2.322045872078407683e+03,2.322045863941310017e+03,2.324979220019569311e+03
6.846989418626471258e-01,2.763975993124749039e+03,2.762791341447113155e+03,2.531536740602040027e+03,2.522686334048678418e+03,2.322045863941329571e+03,2.322045871752800849e+03,2.322045863941310017e+03,2.324878643045429726e+03
6.853839832680991284e-01,2.763592267552503472e+03,2.762773442438936399e+03,2.531258233214171469e+03,2.499891858499044702e+03,2.322045863941328207e+03,2.322045870449991071e+03,2.322045863941310017e+03,2.324986881336050828e+03
6.860697100575912089e-01,2.763714465041747189e+03,2.762755591235160864e+03,2.530979696337173209e+03,2.512976567113554665e+03,2.322045863941324569e+03,2.322045870701438162e+03,2.322045863941310017e+03,2.325065413409403391e+03
6.867561229168511749e-01,2.764054384588466291e+03,2.762737787793671487e+03,2.530701130343937621e+03,2.527117917530396426e+03,2.322045863941340940e+03,2.322045869202760514e+03,2.322045863941310017e+03,2.325124051266848255e+03
6.874432225322923973e-01,2.763807073353482792e+03,2.762720032071737023e+03,2.530422535270858589e+03,2.523837165656487286e+03,2.322045863941331390e+03,2.322045869554752244e+03,2.322045863941310017e+03,2.325044384136397184e+03
6.881310095910135871e-01,2.763761303692402635e+03,2.762702324026023689e+03,2.530143911256488991e+03,2.522161266494224492e+03,2.322045863941321386e+03,2.322045870017731886e+03,2.322045863941310017e+03,2.325098656466554530e+03
6.888194847808012389e-01,2.763623751021432781e+03,2.762684663612586519e+03,2.529865258612443085e+03,2.523167741326791656e+03,2.322045863941318203e+03,2.322045868710547438e+03,2.322045863941310017e+03,2.325113851245260321e+03
6.895086487901314065e-01,2.763762096215579277e+03,2.762667050786881646e+03,2.529586576957189209e+03,2.539021443932273542e+03,2.322045863993078456e+03,2.322045868782625348e+03,2.322045863941310017e+03,2.325269941223390106e+03
6.901985023081674830e-01,2.764505828064547131e+03,2.762649485503768119e+03,2.529307866759555964e+03,2.563645027523256431e+03,2.322045864826719480e+03,2.322045869109113028e+03,2.322045863941310017e+03,2.325423841785347122e+03
6.908890460247625320e-01,2.764691286776275774e+03,2.762631967717522002e+03,2.529029127853011687e+03,2.569363754362012060e+03,2.322046107994381600e+03,2.322045868350588535e+03,2.322045863941310017e+03,2.325497656333862778e+03
6.915802806304611750e-01,2.766077216626722930e+03,2.762614497381825004e+03,2.528750360661821560e+03,2.599980661331036572e+03,2.322045940571434130e+03,2.322045867525711401e+03,2.322045863941310017e+03,2.325580581171670929e+03
6.922722068164971487e-01,2.770980356351889895e+03,2.762597074449786760e+03,2.528471564797071551e+03,2.674862441719152685e+03,2.322045885017756518e+03,2.322045867674861256e+03,2.322045863941310017e+03,2.325688840199262813e+03
6.929648252747981907e-01,2.769911371335002059e+03,2.762579698873933012e+03,2.528192740705344477e+03,2.636327270924934965e+03,2.322045896998343324e+03,2.322045868433296619e+03,2.322045863941310017e+03,2.325801685724955405e+03
6.936581366979820418e-01,2.770191096864890824e+03,2.762562370606226068e+03,2.527913887917307875e+03,2.627194954251826857e+03,2.322045909667347132e+03,2.322045867864474531e+03,2.322045863941310017e+03,2.326001120682642068e+03
6.943521417793587780e-01,2.771436033706613216e+03,2.762545089598054346e+03,2.527635006705131673e+03,2.631595145618224251e+03,2.322045901727085038e+03,2.322045867423515119e+03,2.322045863941310017e+03,2.326092348534050416e+03
6.950468412129364726e-01,2.769146216654508862e+03,2.762527855800253747e+03,2.527356097590838999e+03,2.616049714353860509e+03,2.322045909626841876e+03,2.322045867878728131e+03,2.322045863941310017e+03,2.326281612466353181e+03
6.957422356934136465e-01,2.769070874833727885e+03,2.762510669163096281e+03,2.527077159978725831e+03,2.620540216276438059e+03,2.322045908551041521e+03,2.322045869817654875e+03,2.322045863941310017e+03,2.326343265183525091e+03
6.964383259161847084e-01,2.766983642136591243e+03,2.762493529636305539e+03,2.526798193876356436e+03,2.612703109646182384e+03,2.322045903738206107e+03,2.322045866824586938e+03,2.322045863941310017e+03,2.326407608499270737e+03
6.971351125773397328e-01,2.765411225017242487e+03,2.762476437169058954e+03,2.526519199547974495e+03,2.603109871505347655e+03,2.322045908217597116e+03,2.322045866714576732e+03,2.322045863941310017e+03,2.326432738021932437e+03
6.978325963736651261e-01,2.766010537281269990e+03,2.762459391709992360e+03,2.526240177115609185e+03,2.606378639624692369e+03,2.322045907176187029e+03,2.322045866439083511e+03,2.322045863941310017e+03,2.326401051953761907e+03
6.985307780026457358e-01,2.767040089604711739e+03,2.762442393207201803e+03,2.525961126422369034e+03,2.605845937064309055e+03,2.322045902682359156e+03,2.322045866215318256e+03,2.322045863941310017e+03,2.326481140202492497e+03
6.992296581624635188e-01,2.768644188196303730e+03,2.762425441608249912e+03,2.525682047724457334e+03,2.617877540610437791e+03,2.322045915823774521e+03,2.322045865961623349e+03,2.322045863941310017e+03,2.326545972187295774e+03
6.999292375519964304e-01,2.768986087020708510e+03,2.762408536860176810e+03,2.525402940753972871e+03,2.624818192779313449e+03,2.322045923844856134e+03,2.322045865905151459e+03,2.322045863941310017e+03,2.326491027730488440e+03
7.006295168708239762e-01,2.770633393308664836e+03,2.762391678909495113e+03,2.525123805943345360e+03,2.631587181625077392e+03,2.322045921940280550e+03,2.322045866025203395e+03,2.322045863941310017e+03,2.326556928763489395e+03
7.013304968192271005e-01,2.768777134118553022e+03,2.762374867702198117e+03,2.524844643182547316e+03,2.619472379559202182e+03,2.322045883423409123e+03,2.322045865754331771e+03,2.322045863941310017e+03,2.326848634752665930e+03
7.020321780981851889e-01,2.770460509629291209e+03,2.762358103183768435e+03,2.524565453368906674e+03,2.623356005173242011e+03,2.322045895967085471e+03,2.322045865637369388e+03,2.322045863941310017e+03,2.327287058122341023e+03
7.027345614093803983e-01,2.769775762761999886e+03,2.762341385299179819e+03,2.524286235793684227e+03,2.642887589464369739e+03,2.322045881173842645e+03,2.322045865789839354e+03,2.322045863941310017e+03,2.327175661188725371e+03
7.034376474551951031e-01,2.765821458933435679e+03,2.762324713992896704e+03,2.524006991354687671e+03,2.629270723428157908e+03,2.322045884355646194e+03,2.322045865534533277e+03,2.322045863941310017e+03,2.327704971168226166e+03
7.041414369387146710e-01,2.768868288397980450e+03,2.762308089208893762e+03,2.523727720302006219e+03,2.627377554655319727e+03,2.322045881955272762e+03,2.322045865697145928e+03,2.322045863941310017e+03,2.328037111216138783e+03
7.048459305637304606e-01,2.767897145820782498e+03,2.762291510890639984e+03,2.523448422549840416e+03,2.638062188486697323e+03,2.322045887731446783e+03,2.322045865613538808e+03,2.322045863941310017e+03,2.328089666535840024e+03
7.055511290347377118e-01,2.769772766366378619e+03,2.762274978981118238e+03,2.523169097637050072e+03,2.637840123245443010e+03,2.322045879203646109e+03,2.322045866043543811e+03,2.322045863941310017e+03,2.327987634722404891e+03
7.062570330569323263e-01,2.768265621678090611e+03,2.762258493422827996e+03,2.522889746627273780e+03,2.622280292597704829e+03,2.322045874555961291e+03,2.322045865684228374e+03,2.322045863941310017e+03,2.328229519740244541e+03
7.069636433362168626e-01,2.767786348245113913e+03,2.762242054157784878e+03,2.522610369863272354e+03,2.624678094926396625e+03,2.322045877504320742e+03,2.322045866023780491e+03,2.322045863941310017e+03,2.328170331230174270e+03
7.076709605792043112e-01,2.769312305726020895e+03,2.762225661127526109e+03,2.522330967134493221e+03,2.650286436188086100e+03,2.322045881587795066e+03,2.322045868717570102e+03,2.322045863941310017e+03,2.328190082094367881e+03
7.083789854932113217e-01,2.767210203427503075e+03,2.762209314273123709e+03,2.522051539335653160e+03,2.623133624182164112e+03,2.322045872235254137e+03,2.322045865675393088e+03,2.322045863941310017e+03,2.327842864508246748e+03
7.090877187862631992e-01,2.768522182595706909e+03,2.762193013535174032e+03,2.521772085146905283e+03,2.639896352472021135e+03,2.322045887154679804e+03,2.322045868240161326e+03,2.322045863941310017e+03,2.327787734606933100e+03
7.097971611670931269e-01,2.768665854688921172e+03,2.762176758853818683e+03,2.521492607047704951e+03,2.652351344354540743e+03,2.322045874714242473e+03,2.322045868443346535e+03,2.322045863941310017e+03,2.327454312267945170e+03
7.105073133451428324e-01,2.768483015324475218e+03,2.762160550168734517e+03,2.521213104184501390e+03,2.653735572153402245e+03,2.322045872798373694e+03,2.322046080729498499e+03,2.322045863941310017e+03,2.327255405924579009e+03
7.112181760305654743e-01,2.767390811215889698e+03,2.762144387419146824e+03,2.520933575253289291e+03,2.640014320141001008e+03,2.322045875103819981e+03,2.322045941673316520e+03,2.322045863941310017e+03,2.327309855081603928e+03
7.119297499342222002e-01,2.766713213435296439e+03,2.762128270543833423e+03,2.520654022530809925e+03,2.647112934108504760e+03,2.322045869901706283e+03,2.322046103348811357e+03,2.322045863941310017e+03,2.327566530060556943e+03
7.126420357676882533e-01,2.767386271780771040e+03,2.762112199481124208e+03,2.520374445147593178e+03,2.656562750717159815e+03,2.322045870364024267e+03,2.322045989221971922e+03,2.322045863941310017e+03,2.327445200711824327e+03
7.133550342432503077e-01,2.768915345468953092e+03,2.762096174168912967e+03,2.520094843997137559e+03,2.656832004971826791e+03,2.322045869728075104e+03,2.322046003034921341e+03,2.322045863941310017e+03,2.327273374488418540e+03
7.140687460739056913e-01,2.767488321052939227e+03,2.762080194544653295e+03,2.519815219039808653e+03,2.658559111374366239e+03,2.322045870528278556e+03,2.322045979361452282e+03,2.322045863941310017e+03,2.327257715858721895e+03
7.147831719733666045e-01,2.768908796723596424e+03,2.762064260545370871e+03,2.519535570072159771e+03,2.653685986239774138e+03,2.322045868561368934e+03,2.322046004077416910e+03,2.322045863941310017e+03,2.327484066810272452e+03
7.154983126560585660e-01,2.770289845547161804e+03,2.762048372107660271e+03,2.519255898188405354e+03,2.673057301448427552e+03,2.322045867226346218e+03,2.322045968993842507e+03,2.322045863941310017e+03,2.327321929642685063e+03
7.162141688371232995e-01,2.771392208162728821e+03,2.762032529167700432e+03,2.518976202671383817e+03,2.686922175250963846e+03,2.322045867804554291e+03,2.322046420261645835e+03,2.322045863941310017e+03,2.327133743589534788e+03
7.169307412324176232e-01,2.784073168055310362e+03,2.762016731661248286e+03,2.518696485995486910e+03,2.735563653614514806e+03,2.322045870991059928e+03,2.322046102330610211e+03,2.322045863941310017e+03,2.327048958381948523e+03
7.176480305585123398e-01,2.781733822295175742e+03,2.762000979523643764e+03,2.518416746411235636e+03,2.713733608417467622e+03,2.322045867877220644e+03,2.322046091442539819e+03,2.322045863941310017e+03,2.327091163449658325e+03
7.183660375326973435e-01,2.776448741831265124e+03,2.761985272689824797e+03,2.518136983845549821e+03,2.696613718016510575e+03,2.322045870919826939e+03,2.322046048947869167e+03,2.322045863941310017e+03,2.327027114465073282e+03
7.190847628729812868e-01,2.775882946553017973e+03,2.761969611094319134e+03,2.517857199180585212e+03,2.688809322077910565e+03,2.322045867469852055e+03,2.322046251168245362e+03,2.322045863941310017e+03,2.326872901048254789e+03
7.198042072980874728e-01,2.777642005320030876e+03,2.761953994671257078e+03,2.517577393196847879e+03,2.701231689123161232e+03,2.322045866784110785e+03,2.322046153028179106e+03,2.322045863941310017e+03,2.326934802429787396e+03
7.205243715274590732e-01,2.781458291642387849e+03,2.761938423354367387e+03,2.517297565333509283e+03,2.725869662471816355e+03,2.322045866687899434e+03,2.322046107828092318e+03,2.322045863941310017e+03,2.327184093975702581e+03
7.212452562812622370e-01,2.771781027733701194e+03,2.761922897076996378e+03,2.517017717334197641e+03,2.701972559087284480e+03,2.322045865438334204e+03,2.322046114120714265e+03,2.322045863941310017e+03,2.327638660334263932e+03
7.219668622803814273e-01,2.771988533457438734e+03,2.761907415772093373e+03,2.516737847111272913e+03,2.694587142859463711e+03,2.322045865409323596e+03,2.322046105342052670e+03,2.322045863941310017e+03,2.328352342384092026e+03
7.226891902464230855e-01,2.771958457502571036e+03,2.761891979372229343e+03,2.516457956900126646e+03,2.692321194337755514e+03,2.322045865292261169e+03,2.322046247646857410e+03,2.322045863941310017e+03,2.328763473941005032e+03
7.234122409017165189e-01,2.774758513960616710e+03,2.761876587809593730e+03,2.516178045344628117e+03,2.703161572429703938e+03,2.322045865466469877e+03,2.322046094162408281e+03,2.322045863941310017e+03,2.329793433134918814e+03
7.241360149693104598e-01,2.773214054780624338e+03,2.761861241016005806e+03,2.515898114658793929e+03,2.689958272141202087e+03,2.322045864819157032e+03,2.322046049132866301e+03,2.322045863941310017e+03,2.331992130158487726e+03
7.248605131729792816e-01,2.776872469784204441e+03,2.761845938922910136e+03,2.515618164076811354e+03,2.695679626993520742e+03,2.322045864892955706e+03,2.322046152155903201e+03,2.322045863941310017e+03,2.334413944219627410e+03
7.255857362372222230e-01,2.776394153775810992e+03,2.761830681461383392e+03,2.515338194705502701e+03,2.699603448804638447e+03,2.322045864765391343e+03,2.322046143144148573e+03,2.322045863941310017e+03,2.337913474064877391e+03
7.263116848872623876e-01,2.777642897888623338e+03,2.761815468562144815e+03,2.515058206471270751e+03,2.699296050441682837e+03,2.322045865086710364e+03,2.322046055520416758e+03,2.322045863941310017e+03,2.338001188628104501e+03
7.270383598490477439e-01,2.772866565740183887e+03,2.761800300155555760e+03,2.514778200304023358e+03,2.677927975983948727e+03,2.322045864687453559e+03,2.322046011948506930e+03,2.322045863941310017e+03,2.335469001069004207e+03
7.277657618492532343e-01,2.778478804921914161e+03,2.761785176171618332e+03,2.514498176545113893e+03,2.700167858270296165e+03,2.322045864862989220e+03,2.322046125095851949e+03,2.322045863941310017e+03,2.333843171900229663e+03
7.284938916152805533e-01,2.769769912385020689e+03,2.761770096539989936e+03,2.514218135421885563e+03,2.663781461750798826e+03,2.322045864839405567e+03,2.322046082177685093e+03,2.322045863941310017e+03,2.332734842592534278e+03
7.292227498752599235e-01,2.775239625003584479e+03,2.761755061189979187e+03,2.513938079539917453e+03,2.693860521440001776e+03,2.322045864393934153e+03,2.322046037582191275e+03,2.322045863941310017e+03,2.332008062655206686e+03
7.299523373580506513e-01,2.774683303092439473e+03,2.761740070050558188e+03,2.513658007003942657e+03,2.688052546081055880e+03,2.322045864367591093e+03,2.322046007251488845e+03,2.322045863941310017e+03,2.331959024974235490e+03
7.306826547932392391e-01,2.775827005435661249e+03,2.761725123050356160e+03,2.513377919873683823e+03,2.693204633535810444e+03,2.322045864335930219e+03,2.322046002303500700e+03,2.322045863941310017e+03,2.332346244848340120e+03
7.314137029111422716e-01,2.777256355015638746e+03,2.761710220117673543e+03,2.513097818197154083e+03,2.698441540518165311e+03,2.322045864222806813e+03,2.322046042680336541e+03,2.322045863941310017e+03,2.333250426282108947e+03
7.321454824428097474e-01,2.772936459521047709e+03,2.761695361180475629e+03,2.512817703342467212e+03,2.681531840734358411e+03,2.322045864209489991e+03,2.322046021011609355e+03,2.322045863941310017e+03,2.332686548477132874e+03
7.328779941200223025e-01,2.770259976087270843e+03,2.761680546166413478e+03,2.512537575415140964e+03,2.666317024324012436e+03,2.322045864184408401e+03,2.322045969881070050e+03,2.322045863941310017e+03,2.333535711949302367e+03
7.336112386752893233e-01,2.772658858650782349e+03,2.761665775002803912e+03,2.512257434755158101e+03,2.685764290390055521e+03,2.322045864166650972e+03,2.322045978621077211e+03,2.322045863941310017e+03,2.334033510097371163e+03
7.343452168418554971e-01,2.768656649900410684e+03,2.761651047616655433e+03,2.511977283107052244e+03,2.662691122216566782e+03,2.322045864163814258e+03,2.322045977367865817e+03,2.322045863941310017e+03,2.333715464833961960e+03
7.350799293537004786e-01,2.769645510201500656e+03,2.761636363934662768e+03,2.511697120529684980e+03,2.667812157186311197e+03,2.322045864054602589e+03,2.322045981287015366e+03,2.322045863941310017e+03,2.333725132221833519e+03
7.358153769455357818e-01,2.770000456366767594e+03,2.761621723883208233e+03,2.511416948168821364e+03,2.672780383320405690e+03,2.322045864135448483e+03,2.322045939921884838e+03,2.322045863941310017e+03,2.333640235406383908e+03
7.365515603528093314e-01,2.771077135777566127e+03,2.761607127388370827e+03,2.511136764277478051e+03,2.679981951138037857e+03,2.322045864145303767e+03,2.322045954116778830e+03,2.322045863941310017e+03,2.332768135903803795e+03
7.372884803117044639e-01,2.769783396763123164e+03,2.761592574375928052e+03,2.510856571649705529e+03,2.677521660789676389e+03,2.322045864132077440e+03,2.322045949578603086e+03,2.322045863941310017e+03,2.332155381134901745e+03
7.380261375591403716e-01,2.767459193052525279e+03,2.761578064771360005e+03,2.510576371257119717e+03,2.665221016018248065e+03,2.322045864112348227e+03,2.322045942962095523e+03,2.322045863941310017e+03,2.331556501685356125e+03
7.387645328327753225e-01,2.769193925527188640e+03,2.761563598499853015e+03,2.510296162213601292e+03,2.672281836092602134e+03,2.322045864088688177e+03,2.322045924183583338e+03,2.322045863941310017e+03,2.331117995454960692e+03
7.395036668710043282e-01,2.767820809702790029e+03,2.761549175486307831e+03,2.510015948116745221e+03,2.659953232858151750e+03,2.322045864010133300e+03,2.322045924068088425e+03,2.322045863941310017e+03,2.330751091278030344e+03
7.402435404129622531e-01,2.767626059079213974e+03,2.761534795655334165e+03,2.509735726763567072e+03,2.662332697131845634e+03,2.322045864011207868e+03,2.322045921980133699e+03,2.322045863941310017e+03,2.330381414286298423e+03
7.409841541985225932e-01,2.767208986273500614e+03,2.761520458931260237e+03,2.509455500509870490e+03,2.658632061942592372e+03,2.322045864003685892e+03,2.322045923321668397e+03,2.322045863941310017e+03,2.330060060063446144e+03
7.417255089682979197e-01,2.765231676586362482e+03,2.761506165238139602e+03,2.509175270986447231e+03,2.647651607247989887e+03,2.322045864011248796e+03,2.322045906289084087e+03,2.322045863941310017e+03,2.329722463223780323e+03
7.424676054636437650e-01,2.767103044077164213e+03,2.761491914499750237e+03,2.508895037292925736e+03,2.664303200527865556e+03,2.322045863985091728e+03,2.322045908216042335e+03,2.322045863941310017e+03,2.329429973967127808e+03
7.432104444266579568e-01,2.763583131460048662e+03,2.761477706639599546e+03,2.508614801800299574e+03,2.624990675664515038e+03,2.322045863985978485e+03,2.322045902467704309e+03,2.322045863941310017e+03,2.329045647971909148e+03
7.439540266001796187e-01,2.765462617685377609e+03,2.761463541580927540e+03,2.508334565458352245e+03,2.661557329312279307e+03,2.322045863985073538e+03,2.322045904950420208e+03,2.322045863941310017e+03,2.328807588817709075e+03
7.446983527277886150e-01,2.763811198229371712e+03,2.761449419246710477e+03,2.508054329010307811e+03,2.637955628624667042e+03,2.322045863980183185e+03,2.322045893820840320e+03,2.322045863941310017e+03,2.328483882182412799e+03
7.454434235538112130e-01,2.763957941524089620e+03,2.761435339559674503e+03,2.507774095456535179e+03,2.634423206117931841e+03,2.322045863967332480e+03,2.322045892272734818e+03,2.322045863941310017e+03,2.328264074886727030e+03
7.461892398233197499e-01,2.763697215498611513e+03,2.761421302442272918e+03,2.507493863412656538e+03,2.649914977766888569e+03,2.322045863992629165e+03,2.322045892047746747e+03,2.322045863941310017e+03,2.327983578801447038e+03
7.469358022821296350e-01,2.763354103479058722e+03,2.761407307816726188e+03,2.507213635705494198e+03,2.632479484516486991e+03,2.322045863961569466e+03,2.322045888742532497e+03,2.322045863941310017e+03,2.327760853346246677e+03
7.476831116768041241e-01,2.762807440532521923e+03,2.761393355604989665e+03,2.506933412385903466e+03,2.620681885520581091e+03,2.322045863989474128e+03,2.322045886565448654e+03,2.322045863941310017e+03,2.327614752854532981e+03
7.484311687546534309e-01,2.763025885199981985e+03,2.761379445728789506e+03,2.506653196052774092e+03,2.640307387592492432e+03,2.322045863966423894e+03,2.322045882900407378e+03,2.322045863941310017e+03,2.327437123559447173e+03
7.491799742637340609e-01,2.762472834850969775e+03,2.761365578109600847e+03,2.506372987655548968e+03,2.624819817286625948e+03,2.322045863960062434e+03,2.322045882437257205e+03,2.322045863941310017e+03,2.327233117807963481e+03
7.499295289528506991e-01,2.762546483329547755e+03,2.761351752668663266e+03,2.506092788552923594e+03,2.626021764684920527e+03,2.322045863963339798e+03,2.322045881325889695e+03,2.322045863941310017e+03,2.327231992198343505e+03
7.506798335715593185e-01,2.762533249897213409e+03,2.761337969326989423e+03,2.505812600524999198e+03,2.634207194293936482e+03,2.322045863953538174e+03,2.322045880109789778e+03,2.322045863941310017e+03,2.327370595335916732e+03
7.514308888701635158e-01,2.762278592117578228e+03,2.761324228005351415e+03,2.505532425762416551e+03,2.616163774057579758e+03,2.322045863952040236e+03,2.322045877814113283e+03,2.322045863941310017e+03,2.327455994965258924e+03
7.521826955997182873e-01,2.762132363841998085e+03,2.761310528624306244e+03,2.505252260981478230e+03,2.620493489416804550e+03,2.322045863951655974e+03,2.322045876891900207e+03,2.322045863941310017e+03,2.327506008901772930e+03
7.529352545120319151e-01,2.762019125567962874e+03,2.761296871104176262e+03,2.504972113549361893e+03,2.620315390601862873e+03,2.322045863950783314e+03,2.322045876750695697e+03,2.322045863941310017e+03,2.327986501656039763e+03
7.536885663596624152e-01,2.761998736487566930e+03,2.761283255365074183e+03,2.504691986090293540e+03,2.611281209491836762e+03,2.322045863951768752e+03,2.322045875181421707e+03,2.322045863941310017e+03,2.328317437750273257e+03
7.544426318959219779e-01,2.761955093349569779e+03,2.761269681326893533e+03,2.504411870089772492e+03,2.606009352403131743e+03,2.322045863949117120e+03,2.322045874880223892e+03,2.322045863941310017e+03,2.328745733656309767e+03
7.551974518748761911e-01,2.761851037774791621e+03,2.761256148909314106e+03,2.504131778768698041e+03,2.608830148709432706e+03,2.322045863945735164e+03,2.322045873052228671e+03,2.322045863941310017e+03,2.329669088071564602e+03
7.559530270513454830e-01,2.761835072689310437e+03,2.761242658031807878e+03,2.503851712588477767e+03,2.603664702998343728e+03,2.322045863948426359e+03,2.322045872449627495e+03,2.322045863941310017e+03,2.330738904127997557e+03
7.567093581809049008e-01,2.761753989517356786e+03,2.761229208613643095e+03,2.503571660258852717e+03,2.606101219877762105e+03,2.322045863948868373e+03,2.322045872293301272e+03,2.322045863941310017e+03,2.331529251770552037e+03
7.574664460198854421e-01,2.761765557497027658e+03,2.761215800573881097e+03,2.503291644775614259e+03,2.597115896898225401e+03,2.322045863947275393e+03,2.322045872166052050e+03,2.322045863941310017e+03,2.332164880386082132e+03
7.582242913253754990e-01,2.761772063493859605e+03,2.761202433831390863e+03,2.503011649283484076e+03,2.592234839861799173e+03,2.322045863947518683e+03,2.322045872399872678e+03,2.322045863941310017e+03,2.332500724173627532e+03
7.589828948552199694e-01,2.761731967768756931e+03,2.761189108304840829e+03,2.502731683660753333e+03,2.594050310810060637e+03,2.322045863947065754e+03,2.322045871361623995e+03,2.322045863941310017e+03,2.333161099141295381e+03
7.597422573680225888e-01,2.761691053651911716e+03,2.761175823912711166e+03,2.502451753188254315e+03,2.589868932711970047e+03,2.322045863944225857e+03,2.322045870337830820e+03,2.322045863941310017e+03,2.332981051264873713e+03
7.605023796231462629e-01,2.761638073677396278e+03,2.761162580573291052e+03,2.502171851761327616e+03,2.581808733489200677e+03,2.322045863943690165e+03,2.322045869402715653e+03,2.322045863941310017e+03,2.333409311634361075e+03
7.612632623807125132e-01,2.761657018741181219e+03,2.761149378204688674e+03,2.501891992358624066e+03,2.581887571480915540e+03,2.322045863943187669e+03,2.322045868971844357e+03,2.322045863941310017e+03,2.333272658682939891e+03
7.620249064016046958e-01,2.761619024884442751e+03,2.761136216724824408e+03,2.501612166662575873e+03,2.579903123677836447e+03,2.322045863943530094e+03,2.322045868245591009e+03,2.322045863941310017e+03,2.332871017864395071e+03
7.627873124474663369e-01,2.761548612711168516e+03,2.761123096051444008e+03,2.501332388756883120e+03,2.563386042570255540e+03,2.322045863943209042e+03,2.322045868304151099e+03,2.322045863941310017e+03,2.333813324119908430e+03
7.635504812807034636e-01,2.761557401749179007e+03,2.761110016102115878e+03,2.501052636537995568e+03,2.572657311527018464e+03,2.322045863942958476e+03,2.322045867886512042e+03,2.322045863941310017e+03,2.332709519004476988e+03
7.643144136644864917e-01,2.761517006355652939e+03,2.761096976794239708e+03,2.500772962211617141e+03,2.569782884493720758e+03,2.322045863942757933e+03,2.322045867723600622e+03,2.322045863941310017e+03,2.331608524846598812e+03
7.650791103627470058e-01,2.761498148377509551e+03,2.761083978045041476e+03,2.500493332565781657e+03,2.572609001745844125e+03,2.322045863942362303e+03,2.322045867205288232e+03,2.322045863941310017e+03,2.332723381018132841e+03
7.658445721401808681e-01,2.761476287901991782e+03,2.761071019771586634e+03,2.500213772938186594e+03,2.568370546280158123e+03,2.322045863942413234e+03,2.322045867771938447e+03,2.322045863941310017e+03,2.332884162337775251e+03
7.666107997622499948e-01,2.761455059880678164e+03,2.761058101890774651e+03,2.499934246730887935e+03,2.559078869825346828e+03,2.322045863942794767e+03,2.322045866940899941e+03,2.322045863941310017e+03,2.332795825431616322e+03
7.673777939951845761e-01,2.761441648748428634e+03,2.761045224319347653e+03,2.499654766991294764e+03,2.560509713989129068e+03,2.322045863942297274e+03,2.322045867069173710e+03,2.322045863941310017e+03,2.332689432719204433e+03
7.681455556059766376e-01,2.761431557896738468e+03,2.761032386973889061e+03,2.499375361693540981e+03,2.561432013337877834e+03,2.322045863942200867e+03,2.322045866933405705e+03,2.322045863941310017e+03,2.333654805044919158e+03
7.689140853623863681e-01,2.761409681611047745e+03,2.761019589770833591e+03,2.499096027484632032e+03,2.557385427800802063e+03,2.322045863942502820e+03,2.322045866697208567e+03,2.322045863941310017e+03,2.334249671649276479e+03
7.696833840329462273e-01,2.761399732896833484e+03,2.761006832626461801e+03,2.498816766713550805e+03,2.548148472280214264e+03,2.322045863941964399e+03,2.322045867199393342e+03,2.322045863941310017e+03,2.334043706403371289e+03
7.704534523869542850e-01,2.761390308034910049e+03,2.760994115456913278e+03,2.498537524930359268e+03,2.554133930602999953e+03,2.322045863941829793e+03,2.322045867176023876e+03,2.322045863941310017e+03,2.334141404310495545e+03
7.712242911944779955e-01,2.761373021299024003e+03,2.760981438178176177e+03,2.498258373131372082e+03,2.550220577875231811e+03,2.322045863941675179e+03,2.322045866762337482e+03,2.322045863941310017e+03,2.335539551399618631e+03
7.719959012263580833e-01,2.761381054813345600e+03,2.760968800706104503e+03,2.497979289236723616e+03,2.551463503186261732e+03,2.322045863941774314e+03,2.322045866901566569e+03,2.322045863941310017e+03,2.337221129346071393e+03
7.727682832542035474e-01,2.761362506727152777e+03,2.760956202956410380e+03,2.497700259989588176e+03,2.547429804808568406e+03,2.322045863941610151e+03,2.322045867518040723e+03,2.322045863941310017e+03,2.336676583350576493e+03
7.735414380503966569e-01,2.761346319997339833e+03,2.760943644844676328e+03,2.497421297538964609e+03,2.551165269029494084e+03,2.322045863941525567e+03,2.322045869011016748e+03,2.322045863941310017e+03,2.337834224524900947e+03
7.743153663880921744e-01,2.761347508067842682e+03,2.760931126286351173e+03,2.497142396731571807e+03,2.542612049315138393e+03,2.322045863941543303e+03,2.322045866643797126e+03,2.322045863941310017e+03,2.338914178773136427e+03
7.750900690412174665e-01,2.761296886226693914e+03,2.760918647196751863e+03,2.496863557929633316e+03,2.540260171986382375e+03,2.322045863941537391e+03,2.322045866357245814e+03,2.322045863941310017e+03,2.339863082672350174e+03
7.758655467844781661e-01,2.761371686682207383e+03,2.760906207491071200e+03,2.496584767439517236e+03,2.540819137631027843e+03,2.322045863941514199e+03,2.322045866069945077e+03,2.322045863941310017e+03,2.341051351484789393e+03
7.766418003933505121e-01,2.761308323620925876e+03,2.760893807084385571e+03,2.496306017364467607e+03,2.551551631280902711e+03,2.322045863941445077e+03,2.322045865811138810e+03,2.322045863941310017e+03,2.345728854870863870e+03
7.774188306440872331e-01,2.761339462377686687e+03,2.760881445891647672e+03,2.496027296604158892e+03,2.554791488715201012e+03,2.322045863941611969e+03,2.322045865519835843e+03,2.322045863941310017e+03,2.346689705010907801e+03
7.781966383137195464e-01,2.761328492796759292e+03,2.760869123827685598e+03,2.495748603560501579e+03,2.547366237754333724e+03,2.322045863941402786e+03,2.322045865605670315e+03,2.322045863941310017e+03,2.349083217923557186e+03
7.789752241800544930e-01,2.761355604956747811e+03,2.760856840807227854e+03,2.495469937613378079e+03,2.570395606175649391e+03,2.322045863941447806e+03,2.322045865873860748e+03,2.322045863941310017e+03,2.352285898378132515e+03
7.797545890216781572e-01,2.761472223840459719e+03,2.760844596744880619e+03,2.495191280989695315e+03,2.569539468135570587e+03,2.322045863941475545e+03,2.322045865400356888e+03,2.322045863941310017e+03,2.357825282846093614e+03
7.805347336179565554e-01,2.761508438429007583e+03,2.760832391555146842e+03,2.494912635713576037e+03,2.571640948959903199e+03,2.322045863941409152e+03,2.322045865601632158e+03,2.322045863941310017e+03,2.361270842572841048e+03
7.813156587490331928e-01,2.761499763959526717e+03,2.760820225152424428e+03,2.494633959581925410e+03,2.577229099034529554e+03,2.322045863941394146e+03,2.322045869708393639e+03,2.322045863941310017e+03,2.365179893383051422e+03
7.820973651958350592e-01,2.761764624559981712e+03,2.760808097451010326e+03,2.494355266143179506e+03,2.573348565346082523e+03,2.322045863941361404e+03,2.322047687625984054e+03,2.322045863941310017e+03,2.370160949636618170e+03
7.828798537400668556e-01,2.761885447465539983e+03,2.760796008365094167e+03,2.494076524557817720e+03,2.580760248745786612e+03,2.322045863941373682e+03,2.322046821719228319e+03,2.322045863941310017e+03,2.375928526310099187e+03
7.836631251642164342e-01,2.762063995932000580e+03,2.760783957808776449e+03,2.493797776338785752e+03,2.588464282297598402e+03,2.322045863941356401e+03,2.322046537199404611e+03,2.322045863941310017e+03,2.389869896663413328e+03
7.844471802515571301e-01,2.762673011057215263e+03,2.760771945696063085e+03,2.493519024198490115e+03,2.589784208749725622e+03,2.322045863941338666e+03,2.322046530385772712e+03,2.322045863941310017e+03,2.385670669922159050e+03
7.852320197861434314e-01,2.763110641718785246e+03,2.760759971940863579e+03,2.493240258750938210e+03,2.578343245708771519e+03,2.322045863941340940e+03,2.322048116122191004e+03,2.322045863941310017e+03,2.383983000458955303e+03
7.860176445528138656e-01,2.763444974287912373e+03,2.760748036457001035e+03,2.492961465101373506e+03,2.600632930731419492e+03,2.322045863941341850e+03,2.322046745850837397e+03,2.322045863941310017e+03,2.380158809249363003e+03
7.868040553371941082e-01,2.764729308054864759e+03,2.760736139158213973e+03,2.492682627198654245e+03,2.603483324080065813e+03,2.322045863941339576e+03,2.322046631196029011e+03,2.322045863941310017e+03,2.374777450294549453e+03
7.875912529256954286e-01,2.765530397521255054e+03,2.760724279958157240e+03,2.492403725719447721e+03,2.595820992623848724e+03,2.322045863941328662e+03,2.322046972101678421e+03,2.322045863941310017e+03,2.369547633759815653e+03
7.883792381055149123e-01,2.763714511083478556e+03,2.760712458770403373e+03,2.492124832044024515e+03,2.583768386004017884e+03,2.322045863941353218e+03,2.322048111692055045e+03,2.322045863941310017e+03,2.364654100279404702e+03
7.891680116646384580e-01,2.765439450888828560e+03,2.760700675508449876e+03,2.491845893501336377e+03,2.602826812055992832e+03,2.322045863941322750e+03,2.322047097653045967e+03,2.322045863941310017e+03,2.362350840963243627e+03
7.899575743918390014e-01,2.765217493661633853e+03,2.760688930085717402e+03,2.491566972837402318e+03,2.606402267213333744e+03,2.322045863941327298e+03,2.322046832471416110e+03,2.322045863941310017e+03,2.362479678870801763e+03
7.907479270766799573e-01,2.765417575673313877e+03,2.760677222415550659e+03,2.491288005637790320e+03,2.605291701828939495e+03,2.322045863941334119e+03,2.322046850161412749e+03,2.322045863941310017e+03,2.367696305484575987e+03
7.915390705095153301e-01,2.764378644539218840e+03,2.760665552411229328e+03,2.491008958814509242e+03,2.591584615187194686e+03,2.322045863941324114e+03,2.322047658242133366e+03,2.322045863941310017e+03,2.378080296109075334e+03
7.923310054814866055e-01,2.764182360181321656e+03,2.760653919985961693e+03,2.490729838819142515e+03,2.596119099250100589e+03,2.322045863941320022e+03,2.322046731913625990e+03,2.322045863941310017e+03,2.380693620402708348e+03
7.931237327845273022e-01,2.764521989367473907e+03,2.760642325052893739e+03,2.490450601229668791e+03,2.593098474162683942e+03,2.322045863941317293e+03,2.322046644404618291e+03,2.322045863941310017e+03,2.382887824360393097e+03
7.939172532113679681e-01,2.762113488952942134e+03,2.760630767525109150e+03,2.490171221751654230e+03,2.591137532933293187e+03,2.322045863941318657e+03,2.322047799963397665e+03,2.322045863941310017e+03,2.379828625676558204e+03
7.947115675555290748e-01,2.763103120854611461e+03,2.760619247315627490e+03,2.489891669406572873e+03,2.590369061032692116e+03,2.322045863941315019e+03,2.322047106127660754e+03,2.322045863941310017e+03,2.377167841315107580e+03
7.955066766113222387e-01,2.763856130245418626e+03,2.760607764337414210e+03,2.489611995048090193e+03,2.598238261649469223e+03,2.322045863941313200e+03,2.322046755012837821e+03,2.322045863941310017e+03,2.376016793574069197e+03
7.963025811738571047e-01,2.767778131079677223e+03,2.760596318503379280e+03,2.489332271813505031e+03,2.627420726708526217e+03,2.322045863941314565e+03,2.322046591933203217e+03,2.322045863941310017e+03,2.370832479709826657e+03
7.970992820390395694e-01,2.765992584427842303e+03,2.760584909726380829e+03,2.489052468206140020e+03,2.626334837202484778e+03,2.322045863941314110e+03,2.322046914468497562e+03,2.322045863941310017e+03,2.371450917107711575e+03
7.978967800035706714e-01,2.765496511361960529e+03,2.760573537919225600e+03,2.488772507771189339e+03,2.628585287303624227e+03,2.322045863941312746e+03,2.322046947678898505e+03,2.322045863941310017e+03,2.368102365229360203e+03
7.986950758649487003e-01,2.766674540744385467e+03,2.760562202994672134e+03,2.488492406720849431e+03,2.640645614637961444e+03,2.322045865329660501e+03,2.322046859873085396e+03,2.322045863941310017e+03,2.369842864005383035e+03
7.994941704214700851e-01,2.766093964267397496e+03,2.760550904865436678e+03,2.488212176130989974e+03,2.636383752016376548e+03,2.322045877718102474e+03,2.322046483701062698e+03,2.322045863941310017e+03,2.362975335158170310e+03
8.002940644722282837e-01,2.767286233149158306e+03,2.760539643444190460e+03,2.487931857249102450e+03,2.638752142184382592e+03,2.322049924279831430e+03,2.322046628648125079e+03,2.322045863941310017e+03,2.366751771534405634e+03
8.010947588171172251e-01,2.767040043349828011e+03,2.760528418643561963e+03,2.487651463279523796e+03,2.630693292747055239e+03,2.322047540832658342e+03,2.322046588250203058e+03,2.322045863941310017e+03,2.363742603848731960e+03
8.018962542568320861e-01,2.767459869154496573e+03,2.760517230376147381e+03,2.487371007880091383e+03,2.644180440921891659e+03,2.322046255899089829e+03,2.322046447172188437e+03,2.322045863941310017e+03,2.362335266447272261e+03
8.026985515928674042e-01,2.768771816692674747e+03,2.760506078554500618e+03,2.487090496720229567e+03,2.645683549543140543e+03,2.322046074999945631e+03,2.322046488781290464e+03,2.322045863941310017e+03,2.359001346113696400e+03
8.035016516275210741e-01,2.767005662121216574e+03,2.760494963091145564e+03,2.486809935432800103e+03,2.641445068798908324e+03,2.322046447503676063e+03,2.322046532191173355e+03,2.322045863941310017e+03,2.357698909353770887e+03
8.043055551638945699e-01,2.766012068427819486e+03,2.760483883898577915e+03,2.486529333634017348e+03,2.647293117488778989e+03,2.322046831276515150e+03,2.322046351954163129e+03,2.322045863941310017e+03,2.357485552359791654e+03
8.051102630058910581e-01,2.764315154678183717e+03,2.760472840889258350e+03,2.486248774706616587e+03,2.622457831089965566e+03,2.322046732553081256e+03,2.322046300739521030e+03,2.322045863941310017e+03,2.353163589176295318e+03
8.059157759582160629e-01,2.764992037726415674e+03,2.760461833975625268e+03,2.485968187256087731e+03,2.640064156299602928e+03,2.322046798462380593e+03,2.322046285656560485e+03,2.322045863941310017e+03,2.354790531686397117e+03
8.067220948263843505e-01,2.765723249919815316e+03,2.760450863070089326e+03,2.485687531939136989e+03,2.653042130487882332e+03,2.322046842432458106e+03,2.322046262982948974e+03,2.322045863941310017e+03,2.350743564157917262e+03
8.075292204167149324e-01,2.766461655693844932e+03,2.760439928085042538e+03,2.485406824486914957e+03,2.663289949051183157e+03,2.322046462379477362e+03,2.322046291265939999e+03,2.322045863941310017e+03,2.351237288764546065e+03
8.083371535363328420e-01,2.766958310334457110e+03,2.760429028932853271e+03,2.485126064994676653e+03,2.661854698091361570e+03,2.322046741888700126e+03,2.322046183456367999e+03,2.322045863941310017e+03,2.349554072077469755e+03
8.091458949931722433e-01,2.768513664053683442e+03,2.760418165525876248e+03,2.484845238208712090e+03,2.683699475548861301e+03,2.322046792436147371e+03,2.322046133897406435e+03,2.322045863941310017e+03,2.347166846414446354e+03
8.099554455959743215e-01,2.770729504503164208e+03,2.760407337776448458e+03,2.484564294411818992e+03,2.696886011142827556e+03,2.322046338340745933e+03,2.322046128455432608e+03,2.322045863941310017e+03,2.347336138162179850e+03
8.107658061542899475e-01,2.769967495104822774e+03,2.760396545596894157e+03,2.484283279027969002e+03,2.693801303539782111e+03,2.322048381431316557e+03,2.322046162954604824e+03,2.322045863941310017e+03,2.346264579604622213e+03
8.115769774784791224e-01,2.771199506001653845e+03,2.760385788899525323e+03,2.484002120103483321e+03,2.690636333835824644e+03,2.322046553161987049e+03,2.322046058104077929e+03,2.322045863941310017e+03,2.344486502192366970e+03
8.123889603797120884e-01,2.773283343047084600e+03,2.760375067596644840e+03,2.483720830934519654e+03,2.694396850008826732e+03,2.322046834380080327e+03,2.322046097788782390e+03,2.322045863941310017e+03,2.343790325490555915e+03
8.132017556699726590e-01,2.773000135080636937e+03,2.760364381600550587e+03,2.483439284944018254e+03,2.702528304131768891e+03,2.322046483865566643e+03,2.322046062460214216e+03,2.322045863941310017e+03,2.342395138541632150e+03
8.140153641620563318e-01,2.773395002995178857e+03,2.760353730823533624e+03,2.483157549114468566e+03,2.695323195605263209e+03,2.322046329582931776e+03,2.322046033095622533e+03,2.322045863941310017e+03,2.341199265797963108e+03
8.148297866695716207e-01,2.775917653350224100e+03,2.760343115177881828e+03,2.482875687250468218e+03,2.705545142503466650e+03,2.322046501580212407e+03,2.322046009439506179e+03,2.322045863941310017e+03,2.342009705476199542e+03
8.156450240069411661e-01,2.773454605937323322e+03,2.760332534575886257e+03,2.482593778836268484e+03,2.700804697698699329e+03,2.322046287691443013e+03,2.322046010012653824e+03,2.322045863941310017e+03,2.340087576718423861e+03
8.164610769894029563e-01,2.775109135151125429e+03,2.760321988929834788e+03,2.482311735258000681e+03,2.695684811432141032e+03,2.322046285246541174e+03,2.322045976167173194e+03,2.322045863941310017e+03,2.338633051608563164e+03
8.172779464330104382e-01,2.769969435460792738e+03,2.760311478152017571e+03,2.482029462398549640e+03,2.684278853929426987e+03,2.322046281332482067e+03,2.322045995838228919e+03,2.322045863941310017e+03,2.340127715317850743e+03
8.180956331546322957e-01,2.773446013410075011e+03,2.760301002154736125e+03,2.481747045202690515e+03,2.694086594134329516e+03,2.322046268551519006e+03,2.322045960885814111e+03,2.322045863941310017e+03,2.338170328245577366e+03
8.189141379719558911e-01,2.767516191658251046e+03,2.760290560850295606e+03,2.481464472652829045e+03,2.667147403089235013e+03,2.322046293057744606e+03,2.322045950068238653e+03,2.322045863941310017e+03,2.337050164748683073e+03
8.197334617034854887e-01,2.768795135411213323e+03,2.760280154151008446e+03,2.481181829321792520e+03,2.680522869102981076e+03,2.322046124248107844e+03,2.322045958918376073e+03,2.322045863941310017e+03,2.338896803060412822e+03
8.205536051685443644e-01,2.768130858510105554e+03,2.760269781969201176e+03,2.480899135999355622e+03,2.684128499004795685e+03,2.322046272345460238e+03,2.322045962195078573e+03,2.322045863941310017e+03,2.336982466385628413e+03
8.213745691872769150e-01,2.769626009861744933e+03,2.760259444217216696e+03,2.480616423618335375e+03,2.690246162771260970e+03,2.322046269059167571e+03,2.322045932116173390e+03,2.322045863941310017e+03,2.336564963610458562e+03
8.221963545806488805e-01,2.767445953827689209e+03,2.760249140807405638e+03,2.480333705738587014e+03,2.671101331566769204e+03,2.322046145588447871e+03,2.322045936837082536e+03,2.322045863941310017e+03,2.337127981307381106e+03
8.230189621704429026e-01,2.783837971503253812e+03,2.760238871652140915e+03,2.480051025172538175e+03,2.722458980694889306e+03,2.322046097829092560e+03,2.322045932751407236e+03,2.322045863941310017e+03,2.335235886788597327e+03
8.238423927792671853e-01,2.771764404909838504e+03,2.760228636663812267e+03,2.479768398257001536e+03,2.694624060952246509e+03,2.322046073623637767e+03,2.322045920176176423e+03,2.322045863941310017e+03,2.334844837647697204e+03
8.246666472305524964e-01,2.768451659167791149e+03,2.760218435754832171e+03,2.479485871482749644e+03,2.681964909521804202e+03,2.322046092172126919e+03,2.322045915545298612e+03,2.322045863941310017e+03,2.335417328345431088e+03
8.254917263485533896e-01,2.767335675387374067e+03,2.760208268837631294e+03,2.479203428817651002e+03,2.671580500031590418e+03,2.322046010520657546e+03,2.322045909874897006e+03,2.322045863941310017e+03,2.334210290303265538e+03
8.263176309583499801e-01,2.769215425735481404e+03,2.760198135824672590e+03,2.478921085816860341e+03,2.672674366962354270e+03,2.322045977546468293e+03,2.322045914589906261e+03,2.322045863941310017e+03,2.334535294134459036e+03
8.271443618858452806e-01,2.766197486391866732e+03,2.760188036628437658e+03,2.478638906904000123e+03,2.662126824367278005e+03,2.322045968968285251e+03,2.322045905923202099e+03,2.322045863941310017e+03,2.334308009374057747e+03
8.279719199577724176e-01,2.770213706178980829e+03,2.760177971161441292e+03,2.478356882646136455e+03,2.684396182407083415e+03,2.322045961424990310e+03,2.322045898682809820e+03,2.322045863941310017e+03,2.333317696033632728e+03
8.288003060016883028e-01,2.769838183895546081e+03,2.760167939336225118e+03,2.478075069855036418e+03,2.684859149834961045e+03,2.322045955855294324e+03,2.322045916883438167e+03,2.322045863941310017e+03,2.332851458348081451e+03
8.296295208459781856e-01,2.770360408597575315e+03,2.760157941065366686e+03,2.477793439802888315e+03,2.690374988096248217e+03,2.322045969566454914e+03,2.322045914911743694e+03,2.322045863941310017e+03,2.332401400101650779e+03
8.304595653198585392e-01,2.770332384175153038e+03,2.760147976261472650e+03,2.477512035030886182e+03,2.682508915556287775e+03,2.322045921541075131e+03,2.322045896430635366e+03,2.322045863941310017e+03,2.332068414876433508e+03
8.312904402533747295e-01,2.769390335422371663e+03,2.760138044837187863e+03,2.477230853731188290e+03,2.681118443575229321e+03,2.322045944080954087e+03,2.322045914534130588e+03,2.322045863941310017e+03,2.331401082513180882e+03
8.321221464773999044e-01,2.767849869255577687e+03,2.760128146705190375e+03,2.476949984729461448e+03,2.667006030613626990e+03,2.322045954038670061e+03,2.322045910594423276e+03,2.322045863941310017e+03,2.331369379742964156e+03
8.329546848236402123e-01,2.768833320424956582e+03,2.760118281778203254e+03,2.476669403020109257e+03,2.674914107498297653e+03,2.322045974034555911e+03,2.322045895828791345e+03,2.502298149899333112e+03,2.331328467480852396e+03
8.337880561246344691e-01,2.772853168509202987e+03,2.760108449968983678e+03,2.476389155528430365e+03,2.696118061557744568e+03,2.322045936462611280e+03,2.322045912947863599e+03,2.529292830588892684e+03,2.331441352749836369e+03
8.346222612137542685e-01,2.767751723158370169e+03,2.760098651190335659e+03,2.476109265005582529e+03,2.677337138819445954e+03,2.322045912070249415e+03,2.322045897889645403e+03,2.531918368346582611e+03,2.331275022109897691e+03
8.354573009252049820e-01,2.769942145155774142e+03,2.760088885355104594e+03,2.475829749933993298e+03,2.688367033994396024e+03,2.322045922297993911e+03,2.322045906533948255e+03,2.532985820206444714e+03,2.331165811647227656e+03
8.362931760940265358e-01,2.768143991423176885e+03,2.760079152376182265e+03,2.475550637543063203e+03,2.679263995603406784e+03,2.322045899384985660e+03,2.322045906197108252e+03,2.535124312553487016e+03,2.330745633798970175e+03
8.371298875560942987e-01,2.767448378233836593e+03,2.760069452166510928e+03,2.475271940952858586e+03,2.666954656293580683e+03,2.322045887132009284e+03,2.322045892889555489e+03,2.536297908633461702e+03,2.330611434558638848e+03
8.379674361481189715e-01,2.769981210094303606e+03,2.760059784639070131e+03,2.474993650605928451e+03,2.678562292714215801e+03,2.322045885017043929e+03,2.322045911491541119e+03,2.538475861541643098e+03,2.330448972978630536e+03
8.388058227076495843e-01,2.769274324137390977e+03,2.760050149706904904e+03,2.474715788144129419e+03,2.679649264320974453e+03,2.322045878753483976e+03,2.322045899676986664e+03,2.539617539269360805e+03,2.330191826199244588e+03
8.396450480730721644e-01,2.766710953012654045e+03,2.760040547283100750e+03,2.474438370463336923e+03,2.662833542383566964e+03,2.322045881401420957e+03,2.322045896518792233e+03,2.540456689434593045e+03,2.330254245477256518e+03
8.404851130836131778e-01,2.766162248032660955e+03,2.760030977280805473e+03,2.474161355341321268e+03,2.662176738162550919e+03,2.322045884427728652e+03,2.322045901569278612e+03,2.540631583834207049e+03,2.330469256536095600e+03
8.413260185793379753e-01,2.766034002608724222e+03,2.760021439613215080e+03,2.473884678850927685e+03,2.659938496396605387e+03,2.322045875931435603e+03,2.322045892097676642e+03,2.543205136950886754e+03,2.330288086664127150e+03
8.421677654011512359e-01,2.766816978251637465e+03,2.760011934193582874e+03,2.473608387233661688e+03,2.670038785445836311e+03,2.322045877878937063e+03,2.322045897597077783e+03,2.544154453803393608e+03,2.330406779524604190e+03
8.430103543908001873e-01,2.764735536644798685e+03,2.760002460935227191e+03,2.473332381427781911e+03,2.648920546157623903e+03,2.322045877997379648e+03,2.322045900491352768e+03,2.544224721701848011e+03,2.330545732939333902e+03
8.438537863908740499e-01,2.765379483983592309e+03,2.759993019751520933e+03,2.473056581210644708e+03,2.661602749279139061e+03,2.322045879206928021e+03,2.322045896691653070e+03,2.544625343130822330e+03,2.330673205294939180e+03
8.446980622448042597e-01,2.764725625315446450e+03,2.759983610555896121e+03,2.472780912606959646e+03,2.655563697568527004e+03,2.322045874116306095e+03,2.322045889748597347e+03,2.543716963728871633e+03,2.330607432009705008e+03
8.455431827968671321e-01,2.764136016397839740e+03,2.759974233261851623e+03,2.472505291725561165e+03,2.663633245078392520e+03,2.322045870419688072e+03,2.322045888485316482e+03,2.543465551177834641e+03,2.330926090205411583e+03
8.463891488921823081e-01,2.763458833917219636e+03,2.759964887782948153e+03,2.472229535660985221e+03,2.645154822182976659e+03,2.322045871167691530e+03,2.322045897087461981e+03,2.543803149334868522e+03,2.331139929890934582e+03
8.472359613767165287e-01,2.762451779167915447e+03,2.759955574032815548e+03,2.471953558496390087e+03,2.647323677299302744e+03,2.322045871718479248e+03,2.322045889418123352e+03,2.544887181698062250e+03,2.331854296341191457e+03
8.480836210972831912e-01,2.763935526720897997e+03,2.759946291925146397e+03,2.471677173235781083e+03,2.650899839834670729e+03,2.322045868158142184e+03,2.322045890784034782e+03,2.546676945021505162e+03,2.331856013068058928e+03
8.489321289015407945e-01,2.762265586077016906e+03,2.759937041373706961e+03,2.471400220886471743e+03,2.636763148130055015e+03,2.322045866616278545e+03,2.322045888078940607e+03,2.548090339044379107e+03,2.332368215372824125e+03
8.497814856379983794e-01,2.763174030139615752e+03,2.759927822292328528e+03,2.471122643291600525e+03,2.648557441634703537e+03,2.322045867640200413e+03,2.322045886917795997e+03,2.548519588185527027e+03,2.332733592025869712e+03
8.506316921560136413e-01,2.762564312850614442e+03,2.759918634594916512e+03,2.470844133775866339e+03,2.638465640831600012e+03,2.322045867262312186e+03,2.322045889290556261e+03,2.549697150083795350e+03,2.333079793147525834e+03
8.514827493057913754e-01,2.763394700584327893e+03,2.759909478195449992e+03,2.470564759370167849e+03,2.638444981280620141e+03,2.322045866547789046e+03,2.322045885597578035e+03,2.549846652740769969e+03,2.333803900407591300e+03
8.523346579383891397e-01,2.763139314425317480e+03,2.759900353007981721e+03,2.470284569355979329e+03,2.633410020200755753e+03,2.322045866610638313e+03,2.322045885349828495e+03,2.549992225121350202e+03,2.333772283820743723e+03
8.531874189057159219e-01,2.761884208374878654e+03,2.759891258946634935e+03,2.470003631853982824e+03,2.631140411838179716e+03,2.322045865741993566e+03,2.322045881280027061e+03,2.549889036070135262e+03,2.334511310004065308e+03
8.540410330605320288e-01,2.763599972836201687e+03,2.759882195925618362e+03,2.469721952999653695e+03,2.637579150360862968e+03,2.322045867227450799e+03,2.322045883420952578e+03,2.549405518464304350e+03,2.335007375199643775e+03
8.548955012564521949e-01,2.761884537401823764e+03,2.759873163859214401e+03,2.469439646302290384e+03,2.624499153353133352e+03,2.322045865834567394e+03,2.322045884529894010e+03,2.547795106035301615e+03,2.335878398476536404e+03
8.557508243479456933e-01,2.762653134830127328e+03,2.759864162661786395e+03,2.469156742218181080e+03,2.631132462457070233e+03,2.322045865732248330e+03,2.322045877561356974e+03,2.547331085300542327e+03,2.336373381118577981e+03
8.566070031903338933e-01,2.761239534178515441e+03,2.759855192247779087e+03,2.468873164125063795e+03,2.614958422568263359e+03,2.322045865818660332e+03,2.322045876961519298e+03,2.546657445723228648e+03,2.337615444195902001e+03
8.574640386397960334e-01,2.762888502984122624e+03,2.759846252531716345e+03,2.468589151090630367e+03,2.622906396449251588e+03,2.322045864980725128e+03,2.322045879995455834e+03,2.545782024033091602e+03,2.338313240029458484e+03
8.583219315533673344e-01,2.761320173738150515e+03,2.759837343428208442e+03,2.468304870025394393e+03,2.612912086410980464e+03,2.322045865084422076e+03,2.322045876327520546e+03,2.545728756802103362e+03,2.337918940443277734e+03
8.591806827889414411e-01,2.762075296608330518e+03,2.759828464851952504e+03,2.468020484789831698e+03,2.619575552599596449e+03,2.322045864927299135e+03,2.322045875641883413e+03,2.545670622644194736e+03,2.340442144435272894e+03
8.600402932052715332e-01,2.761181722514459125e+03,2.759819616717727513e+03,2.467736116563728956e+03,2.607733483384316969e+03,2.322045864800035815e+03,2.322045874916356297e+03,2.546964261779355638e+03,2.340632660672826205e+03
8.609007636619676607e-01,2.761587335417741087e+03,2.759810798940399764e+03,2.467451871622180079e+03,2.615329641890525181e+03,2.322045864589065786e+03,2.322045875180263010e+03,2.549099710459885046e+03,2.340743277174974992e+03
8.617620950194989637e-01,2.760625727239264961e+03,2.759802011434927863e+03,2.467167779152199728e+03,2.599471661619098086e+03,2.322045864498759329e+03,2.322045874900873969e+03,2.549743190220205179e+03,2.342178744363666283e+03
8.626242881391972261e-01,2.761312751497548106e+03,2.759793254116360004e+03,2.466883905682293971e+03,2.621307068373275797e+03,2.322045864450905356e+03,2.322045875493899985e+03,2.550087794355320511e+03,2.342509351321729355e+03
8.634873438832554315e-01,2.760600616223753605e+03,2.759784526899832144e+03,2.466600270414666738e+03,2.605183427305690657e+03,2.322045864291867474e+03,2.322045873652963110e+03,2.550042669300221405e+03,2.345563892388991462e+03
8.643512631147296510e-01,2.760933745662491219e+03,2.759775829700572103e+03,2.466316970540548937e+03,2.610762523681816219e+03,2.322045864335292663e+03,2.322045872419607804e+03,2.551425907713752622e+03,2.345840235016791667e+03
8.652160466975378217e-01,2.760728614045212908e+03,2.759767162433905924e+03,2.466033924255602415e+03,2.602642186630957895e+03,2.322045864243003052e+03,2.322045873010055857e+03,2.553700349898633249e+03,2.348012940964849804e+03
8.660816954964635217e-01,2.760474196339085211e+03,2.759758525015251053e+03,2.465751126168760493e+03,2.596820583312268809e+03,2.322045864328595144e+03,2.322045873636173383e+03,2.555012443727509435e+03,2.350072983603497505e+03
8.669482103771573023e-01,2.760521597248197850e+03,2.759749917360121344e+03,2.465468600314483865e+03,2.590019053885568610e+03,2.322045864377365888e+03,2.322045872319533828e+03,2.558909410304790981e+03,2.350461790788671806e+03
8.678155922061339123e-01,2.760718625785775657e+03,2.759741339384128423e+03,2.465186202666637655e+03,2.602491740206974555e+03,2.322045864189167787e+03,2.322045883798523846e+03,2.562350443449799513e+03,2.352790296348149241e+03
8.686838418507754067e-01,2.760639011523662703e+03,2.759732791002977592e+03,2.464903977256657072e+03,2.602592148315045961e+03,2.322045864195490594e+03,2.322046797221377801e+03,2.565771984007221818e+03,2.354346246314381915e+03
8.695529601793323682e-01,2.760633546633715468e+03,2.759724272132478745e+03,2.464621909411360321e+03,2.598804265887692964e+03,2.322045864102989981e+03,2.322054959647582109e+03,2.568450916146822237e+03,2.358680058326450762e+03
8.704229480609204650e-01,2.760644079719880210e+03,2.759715782688540912e+03,2.464340102789753473e+03,2.593836561944290224e+03,2.322045864120368606e+03,2.322048542135316893e+03,2.571165225257998827e+03,2.358735421531547672e+03
8.712938063655278897e-01,2.761083439607172295e+03,2.759707322587173167e+03,2.464058535390950965e+03,2.610676251601482818e+03,2.322045864062399687e+03,2.322048554924164364e+03,2.572815045784243921e+03,2.359781775723361989e+03
8.721655359640141381e-01,2.760714021692061124e+03,2.759698891744485536e+03,2.463777211495861138e+03,2.593375859290729750e+03,2.322045864035695558e+03,2.322047806875466449e+03,2.574120300516067346e+03,2.362188062474170692e+03
8.730381377281093425e-01,2.760897759573616895e+03,2.759690490076695824e+03,2.463496089520936039e+03,2.590313129905714959e+03,2.322045864020968565e+03,2.322047977041203467e+03,2.575106217916485093e+03,2.365371582543449222e+03
8.739116125304161597e-01,2.761028510617992652e+03,2.759682117500123695e+03,2.463215264638253302e+03,2.599389894607493716e+03,2.322045864022946262e+03,2.322053942776511576e+03,2.573912154934439968e+03,2.368041676203362385e+03
8.747859612444086608e-01,2.761236706005509404e+03,2.759673773931192045e+03,2.462934662147724339e+03,2.598732532762972369e+03,2.322045864013871778e+03,2.322049035872208151e+03,2.572753627940609931e+03,2.370499324261826587e+03
8.756611847444362162e-01,2.761060519558403485e+03,2.759665459286438363e+03,2.462654239622795103e+03,2.595453342032948967e+03,2.322045864000363053e+03,2.322048848941642973e+03,2.571091192659598619e+03,2.372959973769452063e+03
8.765372839057208321e-01,2.761044387570699655e+03,2.759657173482499275e+03,2.462374031994223060e+03,2.594083167434303959e+03,2.322045863993839703e+03,2.322048207525864200e+03,2.569098314997749640e+03,2.375956111873432292e+03
8.774142596043607023e-01,2.761064557409031295e+03,2.759648916436123272e+03,2.462094009491936959e+03,2.578514505289017961e+03,2.322045863994756473e+03,2.322049244785285737e+03,2.570931086537822921e+03,2.378071886133654516e+03
8.782921127173327625e-01,2.761734325747909224e+03,2.759640688064169808e+03,2.461814171736103617e+03,2.599281291482789129e+03,2.322045864013083701e+03,2.322050446616176032e+03,2.576105377023136953e+03,2.380792791042139925e+03
8.791708441224919124e-01,2.761896256273836570e+03,2.759632488283609291e+03,2.461534486708917029e+03,2.590148374685715680e+03,2.322045863973723954e+03,2.322050528472495898e+03,2.580674809395171451e+03,2.379728925920715483e+03
8.800504546985693510e-01,2.761427782381664201e+03,2.759624317011523090e+03,2.461254936568163430e+03,2.579059757422982784e+03,2.322045863974263739e+03,2.322048612560118272e+03,2.584247406295953624e+03,2.382221984594285459e+03
8.809309453251747968e-01,2.761634848292771494e+03,2.759616174165101711e+03,2.460975506988797861e+03,2.581508465965197956e+03,2.322045863961175655e+03,2.322048338450149004e+03,2.589213973572990653e+03,2.379552367327720731e+03
8.818123168827982639e-01,2.762163066836220878e+03,2.759608059661656625e+03,2.460696228432011594e+03,2.584313053366273380e+03,2.322045863966625348e+03,2.322048173120490901e+03,2.593908309421040940e+03,2.377346989930066684e+03
8.826945702528107285e-01,2.762102010178873115e+03,2.759599973418604350e+03,2.460417009210056676e+03,2.587752621153039854e+03,2.322045863966228808e+03,2.322048314485940409e+03,2.595999147932067444e+03,2.377726244820230022e+03
8.835777063174676815e-01,2.762120036316794994e+03,2.759591915353485092e+03,2.460137906035130072e+03,2.591446238772986817e+03,2.322045863956126141e+03,2.322050035106586165e+03,2.598848207807919607e+03,2.380559441266434987e+03
8.844617259599057979e-01,2.761450408570583932e+03,2.759583885383955931e+03,2.459858858395454263e+03,2.570124309000717858e+03,2.322045863955928780e+03,2.322048057178677936e+03,2.606359362468048857e+03,2.380736790878110696e+03
8.853466300641434916e-01,2.761803044135031996e+03,2.759575883427780354e+03,2.459579908978763342e+03,2.573950898240159859e+03,2.322045863953087064e+03,2.322047786601548978e+03,2.617211069271801989e+03,2.382740216033380420e+03
8.862324195150838024e-01,2.762989707121399078e+03,2.759567909402854184e+03,2.459300981467214115e+03,2.595171017914724871e+03,2.322045863950444073e+03,2.322047605790098260e+03,2.632592770585687049e+03,2.381779931095029042e+03
8.871190951985165052e-01,2.763131817619757840e+03,2.759559963227182379e+03,2.459022180308962561e+03,2.591868466590809021e+03,2.322045863949535033e+03,2.322047865467775864e+03,2.652983173002633521e+03,2.383602919110488074e+03
8.880066580011188870e-01,2.763857488354031830e+03,2.759552044818893592e+03,2.458743415397844274e+03,2.602177516391834615e+03,2.322045863947766975e+03,2.322048016647567692e+03,2.664839879668237245e+03,2.386696353498530243e+03
8.888951088104538600e-01,2.763940522212625183e+03,2.759544154096239708e+03,2.458464796581532028e+03,2.608680415941007141e+03,2.322045863948719216e+03,2.322047704261065064e+03,2.676051249279867989e+03,2.387539100487976611e+03
8.897844485149720706e-01,2.766443474818895538e+03,2.759536290977587214e+03,2.458186274122416762e+03,2.616233918565315889e+03,2.322045863947065300e+03,2.322047091508185986e+03,2.695361547194393097e+03,2.389618239622958299e+03
8.906746780040117883e-01,2.770553790883400779e+03,2.759528455381432650e+03,2.457907824497390266e+03,2.628961542877596912e+03,2.322045863952175750e+03,2.322047026920774897e+03,2.714069339211661827e+03,2.391291720789850388e+03
8.915657981678066779e-01,2.773309993082084929e+03,2.759520647226391702e+03,2.457629502788592163e+03,2.654083135334420604e+03,2.322045863946175359e+03,2.322046942780866175e+03,2.717315821398260596e+03,2.390625306245157844e+03
8.924578098974738083e-01,2.775804601667481165e+03,2.759512866431204657e+03,2.457351296118620212e+03,2.684589347537333651e+03,2.322045863943978020e+03,2.322046939895360538e+03,2.709936581026751810e+03,2.387379159490517395e+03
8.933507140850214245e-01,2.779436048244572703e+03,2.759505112914739129e+03,2.457073247281486601e+03,2.687562678406063242e+03,2.322045863945902056e+03,2.322047292889025812e+03,2.705010951501033560e+03,2.386738330130488976e+03
8.942445116233571634e-01,2.773714679191597043e+03,2.759497386595984608e+03,2.456795300306305307e+03,2.658103027393238790e+03,2.322045863944756093e+03,2.322046674290241299e+03,2.681498113137344262e+03,2.386912996562519766e+03
8.951392034062798375e-01,2.774685547922546903e+03,2.759489687394063367e+03,2.456517525164126255e+03,2.672451086796018899e+03,2.322045863943410950e+03,2.322046645370579881e+03,2.672413321672341681e+03,2.388972190579338530e+03
8.960347903284813231e-01,2.772547359964328734e+03,2.759482015228217278e+03,2.456239890175207165e+03,2.668150093818568166e+03,2.322045863942484175e+03,2.322046538306513867e+03,2.661580284006641250e+03,2.389089477338718552e+03
8.969312732855472259e-01,2.772212406198162626e+03,2.759474370017822821e+03,2.455962390082946058e+03,2.678737907126841492e+03,2.322045863943104450e+03,2.322046578238199800e+03,2.651855418048502088e+03,2.394432595224759098e+03
8.978286531739602117e-01,2.771578104271668963e+03,2.759466751682381528e+03,2.455685003669858816e+03,2.671580826188724586e+03,2.322045863942710184e+03,2.322046535137485535e+03,2.657231774541779487e+03,2.397483660666919150e+03
8.987269308911014498e-01,2.790446335284743782e+03,2.759459160141525444e+03,2.455407801254687456e+03,2.700169068163166230e+03,2.322045863942671076e+03,2.322046457669433948e+03,2.743137492997548179e+03,2.396552221168934466e+03
8.996261073352495030e-01,2.784105684950965042e+03,2.759451595315019858e+03,2.455130699428693788e+03,2.683351910478591890e+03,2.322045863942250890e+03,2.322046287072338146e+03,2.739409267760954663e+03,2.393429647179963013e+03
9.005261834055794390e-01,2.781536902294193169e+03,2.759444057122756476e+03,2.454853812945274967e+03,2.689326997295173896e+03,2.322045863942283177e+03,2.322046265686747574e+03,2.718441503839243978e+03,2.391486611603880647e+03
9.014271600021681596e-01,2.776376885364893951e+03,2.759436545484761609e+03,2.454577062659097919e+03,2.681383235451108703e+03,2.322045863942001688e+03,2.322046237768245192e+03,2.697247482156672049e+03,2.389757598998455705e+03
9.023290380259915144e-01,2.773742034682399208e+03,2.759429060321195720e+03,2.454300495871603289e+03,2.672129301594015033e+03,2.322045863942079450e+03,2.322046216522293889e+03,2.672663504568587541e+03,2.387445311748738277e+03
9.032318183789278532e-01,2.770571341040583320e+03,2.759421601552347511e+03,2.454024108873558816e+03,2.670020144150546457e+03,2.322045863942623328e+03,2.322046272669605969e+03,2.662966615431175342e+03,2.387300980951031306e+03
9.041355019637584700e-01,2.771109606453652759e+03,2.759414169098645743e+03,2.453747865637564246e+03,2.661520716648031794e+03,2.322045863941922562e+03,2.322046142501847498e+03,2.669135642572790857e+03,2.385002327340018837e+03
9.050400896841657161e-01,2.768727650643612833e+03,2.759406762880647420e+03,2.453471851346166659e+03,2.660185357389793808e+03,2.322045863941775679e+03,2.322046103900436719e+03,2.663274435431409984e+03,2.385556689683136028e+03
9.059455824447376626e-01,2.771237256243726733e+03,2.759399382819050516e+03,2.453196027745973424e+03,2.668120972347036968e+03,2.322045863941728840e+03,2.322046081256587058e+03,2.653903287486125009e+03,2.382738181033188084e+03
9.068519811509679895e-01,2.774008842786574405e+03,2.759392028834685789e+03,2.452920399869248286e+03,2.683687238593473921e+03,2.322045863941739299e+03,2.322046077406630957e+03,2.648612805660278809e+03,2.380866243111757740e+03
9.077592867092548756e-01,2.773233304768004928e+03,2.759384700848522243e+03,2.452645001392274480e+03,2.678430244421162115e+03,2.322045863941557400e+03,2.322046255573489361e+03,2.651477037801493225e+03,2.380735184453197689e+03
9.086675000269044400e-01,2.773722001786187320e+03,2.759377398781664851e+03,2.452369781808035441e+03,2.678694381434775096e+03,2.322045863941563766e+03,2.322046397757308114e+03,2.651948771701939222e+03,2.379852409188846650e+03
9.095766220121302981e-01,2.773444429245766969e+03,2.759370122555357284e+03,2.452094815865410510e+03,2.677613079314937295e+03,2.322045863941422340e+03,2.322046123885868383e+03,2.644040745504902134e+03,2.378507510149038353e+03
9.104866535740545608e-01,2.776815066783932252e+03,2.759362872090981909e+03,2.451820068024062948e+03,2.693786534492512601e+03,2.322045863941485095e+03,2.322046200996519474e+03,2.642079121314498025e+03,2.377556873835529132e+03
9.113975956227071684e-01,2.772333637031350008e+03,2.759355647310058430e+03,2.451545551663914466e+03,2.674892007876916978e+03,2.322045863941473726e+03,2.322046177632609670e+03,2.639864005981874925e+03,2.377083952106039760e+03
9.123094490690316638e-01,2.774280104692856185e+03,2.759348448134247519e+03,2.451271320873100649e+03,2.690515937306670821e+03,2.322045863941436892e+03,2.322046124388946282e+03,2.634344774849486839e+03,2.374175472512674787e+03
9.132222148248820837e-01,2.777279147252173516e+03,2.759341274485351278e+03,2.450997291565406158e+03,2.713560345676744419e+03,2.322045863941416883e+03,2.322046131755772876e+03,2.623884897680566155e+03,2.374919469987156390e+03
9.141358938030227366e-01,2.777368490098963321e+03,2.759334126285310504e+03,2.450723567906272820e+03,2.702761703616422892e+03,2.322045863941410062e+03,2.322046086078508779e+03,2.620532766009825536e+03,2.374695799409186748e+03
9.150504869171317557e-01,2.779214381714120009e+03,2.759327003456211514e+03,2.450450108544125669e+03,2.712212327065716636e+03,2.322045863941391417e+03,2.322046086410214230e+03,2.616282267190638322e+03,2.375142172848239170e+03
9.159659950818032081e-01,2.781019512535728609e+03,2.759319905920276597e+03,2.450176980398821343e+03,2.715578221311991911e+03,2.322045863941461903e+03,2.322046038165143273e+03,2.608110391885610170e+03,2.374793516618912690e+03
9.168824192125476502e-01,2.775425194790674595e+03,2.759312833599875376e+03,2.449904082295746321e+03,2.713185620030419159e+03,2.322045863941385960e+03,2.322046029932939291e+03,2.601524254074934561e+03,2.377170880335033871e+03
9.177997602257873533e-01,2.780113775481246194e+03,2.759305786417521176e+03,2.449631482352624971e+03,2.717322282442413780e+03,2.322045863941367770e+03,2.322045994695742593e+03,2.594359712295886311e+03,2.381245998455123299e+03
9.187180190388625212e-01,2.774049059852371101e+03,2.759298764295863293e+03,2.449359140662042591e+03,2.708619740307199208e+03,2.322045863941357766e+03,2.322045997911671748e+03,2.587982000618293114e+03,2.382606001251699126e+03
9.196371965700329554e-01,2.772139330886205244e+03,2.759291767157706090e+03,2.449087167961577507e+03,2.703988706291633207e+03,2.322045863941359585e+03,2.322046005571623027e+03,2.580209737914007746e+03,2.390577570856512921e+03
9.205572937384780552e-01,2.768844319183453081e+03,2.759284794925992628e+03,2.448815472292223149e+03,2.693610933075093726e+03,2.322045863941340940e+03,2.322046074847317868e+03,2.571763090498239762e+03,2.395614167194449692e+03
9.214783114642937090e-01,2.773987123717367467e+03,2.759277847523811488e+03,2.448544077293877763e+03,2.707983702220881241e+03,2.322045863941340485e+03,2.322047615482609672e+03,2.564542198887799714e+03,2.397509704694214633e+03
9.224002506684962910e-01,2.770372609258138255e+03,2.759270924874397224e+03,2.448272952351308959e+03,2.692581052922776962e+03,2.322045863941324114e+03,2.322046981761188817e+03,2.553542100435245629e+03,2.402043108045246299e+03
9.233231122730255480e-01,2.771303946071570863e+03,2.759264026901134912e+03,2.448002132180727585e+03,2.695829634200147211e+03,2.322045863941331390e+03,2.322046704550815775e+03,2.549138471615479375e+03,2.400921056429265263e+03
9.242468972007445993e-01,2.775988800042292496e+03,2.759257153527548326e+03,2.447731655887552733e+03,2.716160383713001920e+03,2.322045863941329117e+03,2.322046696036893536e+03,2.548594596666660436e+03,2.400958967990274687e+03
9.251716063754390484e-01,2.773216649228486858e+03,2.759250304677315853e+03,2.447461466161453245e+03,2.708701236605666054e+03,2.322045863941324114e+03,2.322047048439896116e+03,2.543964268829685352e+03,2.398906210357255077e+03
9.260972407218167612e-01,2.775427017098591477e+03,2.759243480274260946e+03,2.447191640885582729e+03,2.717720874344191088e+03,2.322045863941323205e+03,2.322046569787552016e+03,2.541883578817991747e+03,2.398085046974886609e+03
9.270238011655111965e-01,2.777466376503105039e+03,2.759236680242350758e+03,2.446922117817534854e+03,2.738566111372355863e+03,2.322045863941320931e+03,2.322046891720951862e+03,2.539795230865094709e+03,2.397080204418422909e+03
9.279512886330850696e-01,2.787644833853346427e+03,2.759229904505710692e+03,2.446652966917376489e+03,2.758978441351768197e+03,2.322045863941320022e+03,2.322047042700006386e+03,2.539477011301244147e+03,2.392482706026512005e+03
9.288797040520246906e-01,2.788937948945881544e+03,2.759223152988606216e+03,2.446384125292772296e+03,2.762028834099423420e+03,2.322045863941329117e+03,2.322046636184871204e+03,2.536820257054319882e+03,2.392856613811585703e+03
9.298090483507444048e-01,2.788716510892494625e+03,2.759216425615460594e+03,2.446115647522268773e+03,2.763355746153412383e+03,2.322045863941318657e+03,2.322047105603320688e+03,2.536137794620749446e+03,2.393058687385977464e+03
9.307393224585914782e-01,2.790187946647933131e+03,2.759209722310838515e+03,2.445847503602316010e+03,2.761317050179484340e+03,2.322045863941314110e+03,2.322047181984526105e+03,2.535757021098908808e+03,2.391971064980308711e+03
9.316705273058382142e-01,2.787484699355109115e+03,2.759203042999460649e+03,2.445579758384615616e+03,2.754928053275116326e+03,2.322045863941317293e+03,2.322047524700602935e+03,2.535942261783878621e+03,2.392875602372740559e+03
9.326026638236895039e-01,2.794936105231503461e+03,2.759196387606198186e+03,2.445312355736465634e+03,2.771221501950841684e+03,2.322045863941315929e+03,2.322046744819703235e+03,2.535423458135202054e+03,2.396858710004369641e+03
9.335357329442838248e-01,2.789119701347054161e+03,2.759189756056071474e+03,2.445045319503338305e+03,2.762655645077526060e+03,2.322045863941313655e+03,2.322047088865444493e+03,2.535085284162182688e+03,2.390719053660023746e+03
9.344697356006888000e-01,2.793466905715482881e+03,2.759183148274252744e+03,2.444778633924222959e+03,2.770059549635881467e+03,2.322045863941311836e+03,2.322046881777097951e+03,2.533977997288085589e+03,2.393721301630169819e+03
9.354046727269067496e-01,2.788324949903542347e+03,2.759176564186068390e+03,2.444512376758269966e+03,2.759644884665211066e+03,2.322045863941312746e+03,2.322046822581788547e+03,2.533540903551302108e+03,2.394134482575838319e+03
9.363405452578755783e-01,2.795496912685629923e+03,2.759170003716994415e+03,2.444246538872808742e+03,2.770067161076914090e+03,2.322045863941312291e+03,2.322047943947201475e+03,2.533490637602848437e+03,2.394307652103506371e+03
9.372773541294664446e-01,2.792176104198266330e+03,2.759163466792661893e+03,2.443981041293436647e+03,2.766675244273870248e+03,2.322045863941312291e+03,2.322047109334901052e+03,2.535082187283722305e+03,2.390339270958845191e+03
9.382151002784898663e-01,2.792364876385924617e+03,2.759156953338854692e+03,2.443715930088214009e+03,2.766188142802786842e+03,2.322045863941311381e+03,2.322046692707916918e+03,2.539379326263611347e+03,2.392418267262896279e+03
9.391537846426918357e-01,2.785923421430551571e+03,2.759150463281509928e+03,2.443451252574777754e+03,2.757679993102321532e+03,2.322045863941311381e+03,2.322047004489976189e+03,2.544869687860909835e+03,2.389031941892836130e+03
9.400934081607549286e-01,2.782682895273380836e+03,2.759143996546717972e+03,2.443187022148818869e+03,2.748541553463129276e+03,2.322045863941311836e+03,2.322047254913887173e+03,2.546537074427810694e+03,2.388079862986836815e+03
9.410339717723049668e-01,2.789828972146693559e+03,2.759137553060723803e+03,2.442923192862806900e+03,2.763436808067135189e+03,2.322045863941310472e+03,2.322046916001318095e+03,2.547752513796956009e+03,2.386808422990175586e+03
9.419754764179059103e-01,2.787845650437398490e+03,2.759131132749927474e+03,2.442659848940060328e+03,2.759213179692191716e+03,2.322045863941312291e+03,2.322046971628868960e+03,2.548861596896670108e+03,2.386705005331246866e+03
9.429179230390615229e-01,2.783888839362487033e+03,2.759124735540884103e+03,2.442396905971961587e+03,2.751222184812948854e+03,2.322045863941310472e+03,2.322046746907022680e+03,2.548856408587072110e+03,2.387342204857842717e+03
9.438613125782183699e-01,2.781119448186620957e+03,2.759118361360304789e+03,2.442134386545620146e+03,2.745000390376513224e+03,2.322045863941310017e+03,2.322047151219161151e+03,2.547976344983703711e+03,2.385200425347549753e+03
9.448056459787668171e-01,2.784044497463677999e+03,2.759112010135051605e+03,2.441872427562433131e+03,2.752453508212140150e+03,2.322045863941310472e+03,2.322047145342176464e+03,2.547718544478037074e+03,2.383527491997558627e+03
9.457509241850403647e-01,2.784568569635623135e+03,2.759105681792146697e+03,2.441610877158818312e+03,2.753250830719382520e+03,2.322045863941310017e+03,2.322046627733491732e+03,2.547268281814992406e+03,2.382261443896592937e+03
9.466971481423156476e-01,2.786403955010730442e+03,2.759099376258772281e+03,2.441349830039723201e+03,2.752725561868473505e+03,2.322045863941310472e+03,2.322046637983261462e+03,2.549364619287345249e+03,2.380608742559124494e+03
9.476443187968174309e-01,2.786255820972579841e+03,2.759093093462260185e+03,2.441089291027898525e+03,2.751204100009564172e+03,2.322045863941310017e+03,2.322046747319405767e+03,2.554477472122972813e+03,2.379437809382554860e+03
9.485924370957172780e-01,2.788051685712704057e+03,2.759086833330098671e+03,2.440829214336485165e+03,2.756358134427588084e+03,2.322045863941310017e+03,2.322046919119107770e+03,2.558333152001280723e+03,2.377646266082584134e+03
9.495415039871339946e-01,2.785195067176880002e+03,2.759080595789938343e+03,2.440569709772773422e+03,2.749173767264099752e+03,2.322045863941310017e+03,2.322046646869867800e+03,2.559895201583259222e+03,2.377164588363594703e+03
9.504915204201344059e-01,2.786917684238967013e+03,2.759074380769583513e+03,2.440310659397474410e+03,2.754979539865574679e+03,2.322045863958828704e+03,2.322046427260568635e+03,2.561004228798460190e+03,2.376319746387089253e+03
9.514424873447340225e-01,2.784067856198257687e+03,2.759068188196999017e+03,2.440052186262116720e+03,2.751072694817411048e+03,2.322045864933427310e+03,2.322046679573702477e+03,2.560212559594182949e+03,2.374471314296104083e+03
9.523944057118995943e-01,2.787500616641536453e+03,2.759062018000304306e+03,2.439794304319506864e+03,2.758307253820001279e+03,2.322045871423760673e+03,2.322046702080005161e+03,2.562017591069977698e+03,2.372249868900917136e+03
9.533472764735501093e-01,2.783128707205927185e+03,2.759055870107778901e+03,2.439537039521603219e+03,2.743857409098065091e+03,2.322047182217473164e+03,2.322046409843076162e+03,2.562108677538356915e+03,2.373030157076605065e+03
9.543011005825563497e-01,2.784243366980937935e+03,2.759049744447862395e+03,2.439280215559130738e+03,2.747962985635736004e+03,2.322047585440428065e+03,2.322046407490759066e+03,2.562656766072554547e+03,2.371704740598172521e+03
9.552558789927435567e-01,2.786642590197420304e+03,2.759043640949145811e+03,2.439023980409833712e+03,2.753023970358994575e+03,2.322047172870579743e+03,2.322046441833163954e+03,2.563190915131947804e+03,2.370966344872327682e+03
9.562116126588897647e-01,2.787378516896484598e+03,2.759037559540390703e+03,2.438768501476584333e+03,2.757913149329331645e+03,2.322046705347958778e+03,2.322046463492608837e+03,2.564716188214662907e+03,2.369852271393198862e+03
9.571683025367274666e-01,2.784911497973912446e+03,2.759031500150506872e+03,2.438513706043947423e+03,2.752617126515725431e+03,2.322046456843678698e+03,2.322046381164435843e+03,2.566339363225728903e+03,2.368645749185401655e+03
9.581259495829483885e-01,2.786962311675011279e+03,2.759025462708571013e+03,2.438259557497915011e+03,2.759387825374882141e+03,2.322046974201022749e+03,2.322046310046063354e+03,2.567775497825684852e+03,2.368039218214275024e+03
9.590845547552002692e-01,2.789237503253973955e+03,2.759019447143813068e+03,2.438005995056926622e+03,2.761036537167347433e+03,2.322048405765317511e+03,2.322046291555820972e+03,2.569559007071964970e+03,2.368502403828756087e+03
9.600441190120854174e-01,2.788162943272959183e+03,2.759013453385629873e+03,2.437752849000140941e+03,2.756792396841411573e+03,2.322048537848896103e+03,2.322046246009540482e+03,2.571552120295939858e+03,2.368107262614693809e+03
9.610046433131677057e-01,2.786324914917677233e+03,2.759007481363572424e+03,2.437500571004319681e+03,2.752011763027507186e+03,2.322047866167548364e+03,2.322046334164717791e+03,2.573148622106741186e+03,2.368568720539814421e+03
9.619661286189740146e-01,2.780864978465780951e+03,2.759001531007352696e+03,2.437248925055339441e+03,2.742756475547374976e+03,2.322049310636265091e+03,2.322046239691801929e+03,2.574576544494170321e+03,2.368999793763656726e+03
9.629285758909905679e-01,2.784722780707380480e+03,2.758995602246847284e+03,2.436997985466804039e+03,2.748411131708207904e+03,2.322049945016698530e+03,2.322046167103772859e+03,2.576901160801569404e+03,2.371255694236681848e+03
9.638919860916627114e-01,2.786224403655042352e+03,2.758989695012089214e+03,2.436747791438401691e+03,2.749936119003158637e+03,2.322050126841159909e+03,2.322046197379225305e+03,2.579491833863528427e+03,2.371888775747494492e+03
9.648563601844010185e-01,2.780218615095740461e+03,2.758983809233273405e+03,2.436498319671115496e+03,2.737089378654746270e+03,2.322048585066590476e+03,2.322046218924194363e+03,2.580418848667775819e+03,2.372997925210192079e+03
9.658216991335796253e-01,2.780977691235107159e+03,2.758977944840757573e+03,2.436249566265975318e+03,2.741466551009638806e+03,2.322051125491022958e+03,2.322046140630726313e+03,2.581549102120812677e+03,2.373986570078346631e+03
9.667880039045361196e-01,2.784857692549700005e+03,2.758972101765057232e+03,2.436001635713163978e+03,2.749676811221177559e+03,2.322048651987432095e+03,2.322046140607711550e+03,2.583659298438301448e+03,2.375288197072894036e+03
9.677552754635755372e-01,2.769047751903458447e+03,2.758966279936852516e+03,2.435754444171639534e+03,2.717022999060628536e+03,2.322050191979320516e+03,2.322046105963749596e+03,2.583995311993533960e+03,2.380598271887010014e+03
9.687235147779708067e-01,2.778728180415751012e+03,2.758960479286982263e+03,2.435508077128911282e+03,2.735352915227820176e+03,2.322051757460267254e+03,2.322046094198079572e+03,2.586728412850427503e+03,2.381772391010637875e+03
9.696927228159630818e-01,2.776063176737863159e+03,2.758954699746446749e+03,2.435262457600786547e+03,2.735584428499282694e+03,2.322048148097711874e+03,2.322046066523719674e+03,2.594396130063821147e+03,2.384914318961918070e+03
9.706629005467596327e-01,2.771166115745999377e+03,2.758948941246412232e+03,2.435017668004505140e+03,2.718527879930994914e+03,2.322049552255488834e+03,2.322046094698881006e+03,2.591393886676778948e+03,2.391430782139419534e+03
9.716340489405362879e-01,2.773016415046509792e+03,2.758943203718201403e+03,2.434773877940754119e+03,2.727079908947692729e+03,2.322050938652676450e+03,2.322046038401248552e+03,2.590019794782136614e+03,2.397699872314612094e+03
9.726061689684447620e-01,2.774993793776845905e+03,2.758937487093306117e+03,2.434530938571649585e+03,2.733363678687022912e+03,2.322047981950821850e+03,2.322046027079925352e+03,2.589994755225836798e+03,2.397282126056058587e+03
9.735792616026035518e-01,2.778449851703711374e+03,2.758931791303370119e+03,2.434288844818882353e+03,2.731888417928527815e+03,2.322047969804274089e+03,2.322046017900025618e+03,2.590824960179598747e+03,2.403826499281243287e+03
9.745533278161035984e-01,2.773124425422295189e+03,2.758926116280209044e+03,2.434047636514156693e+03,2.725157616172035887e+03,2.322047927943144714e+03,2.322046000882582575e+03,2.592994428920213977e+03,2.413442102124110534e+03
9.755283685830127283e-01,2.774860348217682258e+03,2.758920461955796782e+03,2.433807224234906698e+03,2.730546394142583267e+03,2.322047496501523256e+03,2.322045997362891285e+03,2.594100997898764490e+03,2.423541785381793488e+03
9.765043848783712122e-01,2.778486775521484560e+03,2.758914828262270930e+03,2.433567854084050396e+03,2.738945899087806993e+03,2.322047836204031228e+03,2.322045984886067345e+03,2.596905076471808570e+03,2.424939674152826228e+03
9.774813776781957619e-01,2.771438048256485217e+03,2.758909215131928249e+03,2.433329413351355925e+03,2.717521943231984096e+03,2.322048004321242843e+03,2.322045974061197740e+03,2.599811581785149428e+03,2.453360072317611866e+03
9.784593479594799748e-01,2.773871936592503971e+03,2.758903622497234664e+03,2.433092013570872041e+03,2.723050396900763644e+03,2.322047651614191636e+03,2.322046405467522163e+03,2.602080391000927193e+03,2.443976584319505037e+03
9.794382967001936668e-01,2.774349408726690399e+03,2.758898050290812989e+03,2.432855603868120852e+03,2.725424900539493137e+03,2.322047285982880112e+03,2.322046218308211337e+03,2.604240089805647131e+03,2.450122663427706811e+03
9.804182248792859822e-01,2.772657823113424911e+03,2.758892498445452929e+03,2.432620203839305304e+03,2.720882771216537094e+03,2.322048384992702267e+03,2.322046161674347786e+03,2.606724532601218925e+03,2.445251263220377496e+03
9.813991334766843933e-01,2.771291874817551616e+03,2.758886966894104262e+03,2.432385947677405966e+03,2.720179735439088290e+03,2.322046807012850422e+03,2.322046105562561479e+03,2.607337061369255935e+03,2.447876425351612397e+03
9.823810234732976987e-01,2.772906793790975371e+03,2.758881455569883656e+03,2.432152737924996018e+03,2.723907822517510340e+03,2.322046691775720319e+03,2.322046329661286109e+03,2.608119862578315406e+03,2.449062959005485027e+03
9.833638958510171335e-01,2.770934391369685727e+03,2.758875964406067851e+03,2.431920624769419646e+03,2.717945672210791599e+03,2.322047751910695297e+03,2.322046188537596208e+03,2.609431275126436958e+03,2.454852348190503108e+03
9.843477515927150368e-01,2.769828603158379337e+03,2.758870493336097297e+03,2.431689673474131723e+03,2.713249266915291173e+03,2.322046655020352318e+03,2.322046232152337780e+03,2.609340030255687907e+03,2.447113288771820407e+03
9.853325916822466279e-01,2.771961242111738102e+03,2.758865042293577062e+03,2.431459930318979787e+03,2.718194425919683454e+03,2.322046555719782646e+03,2.322046197699371078e+03,2.610827216545931606e+03,2.452341833510305150e+03
9.863184171044501181e-01,2.768332832392999990e+03,2.758859611212274558e+03,2.431231291272066301e+03,2.711684305665614829e+03,2.322046720954618195e+03,2.322046158310809915e+03,2.612830282471865303e+03,2.454678941037403092e+03
9.873052288451529268e-01,2.771858454704027281e+03,2.758854200026119997e+03,2.431003996905458280e+03,2.717096132368184044e+03,2.322046631015155072e+03,2.322046316224550083e+03,2.613692620895008986e+03,2.452581100786585466e+03
9.882930278911681299e-01,2.767507438408984399e+03,2.758848808669209120e+03,2.430777916494445435e+03,2.706344281822967332e+03,2.322046407471069870e+03,2.322046537507999346e+03,2.611628836109456643e+03,2.458024091575279726e+03
9.892818152302929047e-01,2.768980158809727072e+03,2.758843437075801830e+03,2.430553481345030832e+03,2.706530645091399037e+03,2.322046373071643302e+03,2.322046384690478590e+03,2.613414970757374249e+03,2.457418663907894825e+03
9.902715918513149695e-01,2.769650124437410796e+03,2.758838085180320377e+03,2.430330764330693000e+03,2.707434034747416263e+03,2.322046502146527018e+03,2.322046228151155901e+03,2.611414880676610665e+03,2.458095772116670105e+03
9.912623587440109185e-01,2.767225513635540665e+03,2.758832752917347534e+03,2.430108587495569736e+03,2.706604649910291755e+03,2.322046260431206520e+03,2.322046282859953408e+03,2.609837947998789787e+03,2.457398366167552467e+03
9.922541168991474425e-01,2.766624676287103284e+03,2.758827440221634788e+03,2.429887866359420059e+03,2.700194191473099636e+03,2.322046215546177336e+03,2.322046326133738148e+03,2.612584847633251684e+03,2.468210266760206196e+03
9.932468673084841049e-01,2.769830513848291503e+03,2.758822147028096879e+03,2.429668452666384383e+03,2.715074780534469937e+03,2.322046230783741066e+03,2.322046284966007988e+03,2.623026134070240914e+03,2.455147983388941157e+03
9.942406109647715651e-01,2.765667733414140912e+03,2.758816873271807253e+03,2.429450669548726182e+03,2.696444400270723236e+03,2.322046206502333462e+03,2.322046193628629226e+03,2.631968090838893204e+03,2.451133345648872819e+03
9.952353488617529109e-01,2.768925883518571027e+03,2.758811618888010344e+03,2.429234201904275324e+03,2.699285487748133619e+03,2.322046138783261995e+03,2.322046151060501415e+03,2.658223885086359132e+03,2.450103063520230990e+03
9.962310819941662121e-01,2.767241610686142394e+03,2.758806383812111108e+03,2.429019224794620641e+03,2.695295613493936798e+03,2.322046415235433869e+03,2.322046341498517904e+03,2.660223417259720009e+03,2.451934520150108710e+03
9.972278113577440761e-01,2.765550031294513246e+03,2.758801167979674119e+03,2.428806078685203829e+03,2.702348747471469324e+03,2.322046007939178253e+03,2.322046366850245704e+03,2.637853970678629594e+03,2.458251744564814544e+03
9.982255379492166458e-01,2.764491785520383473e+03,2.758795971326437211e+03,2.428594160883639688e+03,2.686177603460646424e+03,2.322046040152417390e+03,2.322046283546314044e+03,2.630071273027121606e+03,2.467435313252486594e+03
9.992242627663093790e-01,2.764975082104945614e+03,2.758790793788293286e+03,2.428383846350437125e+03,2.691260647872425579e+03,2.322046117497564410e+03,2.322046336572035671e+03,2.627302894971598562e+03,2.467441069283657725e+03
1.000223986807747600e+00,2.765035702805841538e+03,2.758785635301301227e+03,2.458260253882845063e+03,2.689352209148414204e+03,2.322046046718365233e+03,2.322046217282604630e+03,2.628682308572951115e+03,2.471757822000600754e+03
1.001224711073256834e+00,2.764378234959322072e+03,2.758780495801689085e+03,2.458652161287165654e+03,2.685426641007610669e+03,2.322045972074236033e+03,2.322046273437507807e+03,2.632975896543832278e+03,2.469001692430122148e+03
1.002226436563560474e+00,2.768118834320402129e+03,2.758775375225843163e+03,2.459052874730073199e+03,2.696940451686448341e+03,2.322045963667628257e+03,2.322046206704459109e+03,2.635961518797234930e+03,2.471550769441896591e+03
1.003229164280384333e+00,2.763445806219514907e+03,2.758770273510314382e+03,2.459459791857827895e+03,2.683882806607318344e+03,2.322045960912028931e+03,2.322046177766682831e+03,2.640982219984431140e+03,2.467799259623149283e+03
1.004232895226455646e+00,2.764962136260624447e+03,2.758765190591820101e+03,2.459874355715601723e+03,2.676152864415309068e+03,2.322045945468530135e+03,2.322046225970940213e+03,2.649689967923228323e+03,2.475410617618233118e+03
1.005237630405505511e+00,2.765567398464178495e+03,2.758760126407236839e+03,2.460294900621549004e+03,2.678719208940965927e+03,2.322045920812002805e+03,2.322046171040403806e+03,2.655272217394900053e+03,2.482129103640213998e+03
1.006243370822269556e+00,2.764440812576022836e+03,2.758755080893611648e+03,2.460721940638213709e+03,2.674949808962975112e+03,2.322045910032034953e+03,2.322046137107225150e+03,2.656039126275891249e+03,2.489059716361921346e+03
1.007250117482488161e+00,2.764497251046424935e+03,2.758750053988146647e+03,2.461153411904128006e+03,2.669938688219920550e+03,2.322045911401123703e+03,2.322046240069078067e+03,2.652249559070977739e+03,2.493407351798950003e+03
1.008257871392907568e+00,2.765092336144516139e+03,2.758745045628216758e+03,2.461595068693209214e+03,2.675194707701999505e+03,2.322045904497448646e+03,2.322046127855932355e+03,2.649627957236522434e+03,2.499950597394622491e+03
1.009266633561284099e+00,2.765490536194812648e+03,2.758740055751355612e+03,2.462038877015200796e+03,2.672722357032535911e+03,2.322045944572387270e+03,2.322046182285800569e+03,2.642661190723782511e+03,2.506907094047044211e+03
1.010276404996379718e+00,2.763371760643725338e+03,2.758735084295258730e+03,2.462486961215529846e+03,2.663207004710872297e+03,2.322045889397061728e+03,2.322046114238174596e+03,2.636035342976591437e+03,2.515032815447148550e+03
1.011287186707962693e+00,2.762407096610822009e+03,2.758730131197791252e+03,2.462934969060110689e+03,2.661780453686972123e+03,2.322045884184205988e+03,2.322046115222020489e+03,2.628321173242215082e+03,2.518110449278727629e+03
1.012298979706815372e+00,2.762957539686744440e+03,2.758725196396974297e+03,2.463394371049124402e+03,2.662407704141858176e+03,2.322045896676332177e+03,2.322046172937801202e+03,2.623219270044903169e+03,2.528115823232624280e+03
1.013311785004731735e+00,2.762346356445647871e+03,2.758720279831000425e+03,2.463852065716373545e+03,2.658731701834746673e+03,2.322045890333616171e+03,2.322046092661898911e+03,2.626400867823904719e+03,2.530288365795746358e+03
1.014325603614517624e+00,2.764624146043717246e+03,2.758715381438218174e+03,2.464316018822635669e+03,2.665358678982182937e+03,2.322045881246733643e+03,2.322046101601970349e+03,2.645417427915168446e+03,2.539940536555114249e+03
1.015340436549991621e+00,2.763439527135074059e+03,2.758710501157145245e+03,2.464779448582615260e+03,2.654978364353747111e+03,2.322045875644274474e+03,2.322046109462014101e+03,2.642120428676089432e+03,2.549382845609357446e+03
1.016356284825987499e+00,2.762508320535972416e+03,2.758705638926463052e+03,2.465247929822613969e+03,2.641789716738418065e+03,2.322045876661345574e+03,2.322046047146591263e+03,2.633378553243624083e+03,2.550762188936197617e+03
1.017373149458352222e+00,2.763148051544651480e+03,2.758700794685006258e+03,2.465727460874325971e+03,2.657510484873436781e+03,2.322045880290231253e+03,2.322046117492843223e+03,2.630619624406012917e+03,2.558166587521707243e+03
1.018391031463949936e+00,2.762474534343813048e+03,2.758695968371786421e+03,2.466200919182192592e+03,2.643838861465719219e+03,2.322045871260327203e+03,2.322046055012080160e+03,2.628403290327556078e+03,2.554616764906127173e+03
1.019409931860664198e+00,2.763848107863536825e+03,2.758691159925969259e+03,2.466682184251403214e+03,2.643117974945138030e+03,2.322045872125097503e+03,2.322046067927401509e+03,2.626488359083896285e+03,2.554453814521928507e+03
1.020429851667395749e+00,2.762629309302290494e+03,2.758686369286887839e+03,2.467170089593874309e+03,2.640841567241871871e+03,2.322045871679247739e+03,2.322046035929205573e+03,2.618741480431689979e+03,2.552911590367861663e+03
1.021450791904064737e+00,2.763429503492494405e+03,2.758681596394035296e+03,2.467659558888663469e+03,2.650191954183973849e+03,2.322045870291638494e+03,2.322046027855509692e+03,2.617170893532723312e+03,2.544512846903068748e+03
1.022472753591610495e+00,2.762853093232269657e+03,2.758676841187068476e+03,2.468156394714781527e+03,2.635585692246118015e+03,2.322045876032764227e+03,2.322046058683431056e+03,2.620332921887172688e+03,2.546999925415945199e+03
1.023495737751995316e+00,2.763910139223685292e+03,2.758672103605808388e+03,2.468653429641576167e+03,2.643353423246137936e+03,2.322045868430930568e+03,2.322046048625581989e+03,2.621191853621445716e+03,2.538700730363810635e+03
1.024519745408203342e+00,2.762668604550119653e+03,2.758667383590236113e+03,2.469162004869319389e+03,2.637066717622860324e+03,2.322045868072955727e+03,2.322046072289933818e+03,2.621281997046966353e+03,2.540001671457266184e+03
1.025544777584241229e+00,2.763333935132502120e+03,2.758662681080499624e+03,2.469675774579501194e+03,2.625344123606425001e+03,2.322045868124179833e+03,2.322046091404068193e+03,2.625250215149112591e+03,2.535044543464759045e+03
1.026570835305141483e+00,2.763215112936813512e+03,2.758657996016903780e+03,2.470185132655114558e+03,2.638172374016372032e+03,2.322045868026779317e+03,2.322046102354026971e+03,2.624471538650919683e+03,2.536380817473326715e+03
1.027597919596963782e+00,2.763631780294899727e+03,2.758653328339920336e+03,2.470710057518397207e+03,2.633531447159831714e+03,2.322045865717568176e+03,2.322046044948990584e+03,2.626218537791952713e+03,2.530840371716376922e+03
1.028626031486790326e+00,2.762893851401243410e+03,2.758648677990182932e+03,2.471235361408739209e+03,2.623101801140331190e+03,2.322045865914086789e+03,2.322046233189257691e+03,2.625384034844040798e+03,2.520929647951875722e+03
1.029655172002734043e+00,2.762481317390558615e+03,2.758644044908483011e+03,2.471768703983083469e+03,2.628809941203207472e+03,2.322045865711812439e+03,2.322046290356680402e+03,2.623252700265622934e+03,2.526686245490752754e+03
1.030685342173935926e+00,2.762004583224448652e+03,2.758639429035780267e+03,2.472302560527337391e+03,2.626445770242834897e+03,2.322045865878101722e+03,2.322046108070902847e+03,2.618841313768104555e+03,2.532867055554778290e+03
1.031716543030566369e+00,2.762737959103665162e+03,2.758634830313192197e+03,2.472842730137572744e+03,2.625329257726374635e+03,2.322045865137196870e+03,2.322046103180438422e+03,2.616508052705378759e+03,2.552915810502794557e+03
1.032748775603824720e+00,2.762044722738725341e+03,2.758630248681999092e+03,2.473383398508343362e+03,2.619948098132506402e+03,2.322045865334025166e+03,2.322046097393751097e+03,2.611011193158216429e+03,2.560937943296677531e+03
1.033782040925944612e+00,2.762284261893866187e+03,2.758625684083642682e+03,2.473925779876963588e+03,2.616582515813775899e+03,2.322045865116105233e+03,2.322046121658505854e+03,2.606703139543118596e+03,2.567686474985026507e+03
1.034816340030192405e+00,2.761218336412408917e+03,2.758621136459730678e+03,2.474474070352721355e+03,2.618989135497203279e+03,2.322045864561800045e+03,2.322046148216400070e+03,2.602112429357352084e+03,2.551341590028696828e+03
1.035851673950865859e+00,2.761443078188066011e+03,2.758616605752023133e+03,2.475015201621157303e+03,2.616931176852523549e+03,2.322045864578900364e+03,2.322046631023360078e+03,2.600029257868196510e+03,2.550877255166791201e+03
1.036888043723299457e+00,2.760636394979647775e+03,2.758612091902449720e+03,2.475561854225708885e+03,2.608210444086362259e+03,2.322045865572783896e+03,2.322100366499957090e+03,2.593982063804235167e+03,2.537808169767179606e+03
1.037925450383863080e+00,2.760677372231637037e+03,2.758607594853098362e+03,2.476106873004599493e+03,2.609793444959487260e+03,2.322045864472758240e+03,2.322065166466136361e+03,2.589000177991780220e+03,2.543716763638353314e+03
1.038963894969963331e+00,2.760580000142751942e+03,2.758603114546216602e+03,2.476645813609777178e+03,2.613650166260880724e+03,2.322045864493646150e+03,2.322056832223677702e+03,2.584906188194046081e+03,2.541672861235328583e+03
1.040003378520045763e+00,2.760153879696966214e+03,2.758598650924214780e+03,2.477190346906851573e+03,2.610974954586999957e+03,2.322045864309091030e+03,2.322064956271383380e+03,2.580699149426223357e+03,2.535232360362730105e+03
1.041043902073592431e+00,2.760491175752162690e+03,2.758594203929662854e+03,2.477722959193878069e+03,2.610230424269020205e+03,2.322045864244722452e+03,2.322066611687707336e+03,2.577658143347903206e+03,2.537483808334475270e+03
1.042085466671125449e+00,2.760052224939168354e+03,2.758589773505295852e+03,2.478260238857693366e+03,2.613225875497489142e+03,2.322045864154016272e+03,2.322062731179032653e+03,2.575112348562541683e+03,2.528716095698325717e+03
1.043128073354212981e+00,2.760031302261915698e+03,2.758585359594001147e+03,2.478792310546656608e+03,2.608199533953257742e+03,2.322045864189700296e+03,2.322060798639895438e+03,2.572739656760985781e+03,2.534223916839963749e+03
1.044171723165462140e+00,2.759809862139020424e+03,2.758580962138834821e+03,2.479321779223395424e+03,2.615020915530372804e+03,2.322045864100971357e+03,2.322062047131986674e+03,2.569938793111747600e+03,2.520702011881975523e+03
1.045216417148520760e+00,2.760106279124262528e+03,2.758576581083005294e+03,2.479848737317362975e+03,2.619131842379422778e+03,2.322045864227878155e+03,2.322066977510522065e+03,2.565213705573995867e+03,2.527061243586878390e+03
1.046262156348083616e+00,2.759720980671249436e+03,2.758572216369888793e+03,2.480371236055724239e+03,2.616969453522422100e+03,2.322045864133846862e+03,2.322057899065134279e+03,2.564296577135352891e+03,2.518299097951498425e+03
1.047308941809890870e+00,2.759815587995781698e+03,2.758567867943015699e+03,2.480893601406664402e+03,2.616318066877799993e+03,2.322045863991108490e+03,2.322056034191399249e+03,2.561086147482328670e+03,2.520809664896622053e+03
1.048356774580727180e+00,2.759690047302990934e+03,2.758563535746077378e+03,2.481411168549339436e+03,2.617378742069041436e+03,2.322045864070117659e+03,2.322055636270451032e+03,2.560216293499376206e+03,2.518695592789575585e+03
1.049405655708424590e+00,2.759489752628752285e+03,2.758559219722927992e+03,2.481930981202139264e+03,2.618006699167092847e+03,2.322045864054288813e+03,2.322148740394315610e+03,2.555222597388587474e+03,2.511647261910195084e+03
1.050455586241864525e+00,2.759552614313924096e+03,2.758554919817577684e+03,2.482448213447790749e+03,2.608567875259895118e+03,2.322045864119065754e+03,2.322074778264749511e+03,2.554315921713386160e+03,2.516729863277171262e+03
1.051506567230979572e+00,2.759803192510403733e+03,2.758550635974195302e+03,2.482967132498257342e+03,2.617548339492712785e+03,2.322045863989911140e+03,2.322065767928469086e+03,2.548722548841210028e+03,2.507332454679304192e+03
1.052558599726749478e+00,2.759494096552724386e+03,2.758546368137110221e+03,2.483481580700170525e+03,2.612247390193081173e+03,2.322045863978770285e+03,2.322068061417172885e+03,2.548467704041306206e+03,2.505055416222806798e+03
1.053611684781205371e+00,2.759843835709443283e+03,2.758542116250813706e+03,2.483999275158778801e+03,2.612044149382807973e+03,2.322045864007579439e+03,2.322130264655549581e+03,2.544809110001651334e+03,2.502936284683549275e+03
1.054665823447434869e+00,2.759340521212816384e+03,2.758537880259951180e+03,2.484517078579443478e+03,2.606244167217536415e+03,2.322045863987787016e+03,2.322077975279965813e+03,2.544449366110528445e+03,2.500353393681466969e+03
1.055721016779575416e+00,2.759829344706609845e+03,2.758533660109326775e+03,2.485036592772922177e+03,2.610553138530312026e+03,2.322045863975256452e+03,2.322079922099924715e+03,2.541350611698361718e+03,2.493519292219362342e+03
1.056777265832821167e+00,2.759065611796318080e+03,2.758529455743906965e+03,2.485551530522196117e+03,2.593444056631117746e+03,2.322045863958551763e+03,2.322084155915738847e+03,2.539007054149014948e+03,2.490608955485443857e+03
1.057834571663421430e+00,2.759978852496344189e+03,2.758525267108811477e+03,2.486070828386297762e+03,2.619260885431311181e+03,2.322045863966918660e+03,2.322120818724583842e+03,2.538067093864813614e+03,2.486979314801796590e+03
1.058892935328680673e+00,2.759878411206649616e+03,2.758521094149320106e+03,2.486588815690517549e+03,2.613610997512139420e+03,2.322045863975544307e+03,2.322080200824635995e+03,2.535498404290539838e+03,2.488262644102119339e+03
1.059952357886963181e+00,2.760037813812396962e+03,2.758516936810874995e+03,2.487108644126119998e+03,2.618369561788791998e+03,2.322045863958779591e+03,2.322072812929375687e+03,2.536188381457287505e+03,2.481374276349745742e+03
1.061012840397692836e+00,2.759595191205429273e+03,2.758512795039066532e+03,2.487628289759967174e+03,2.604475518826281586e+03,2.322045863961537634e+03,2.322085959492469101e+03,2.533659914471405500e+03,2.481328480181479790e+03
1.062074383921351561e+00,2.760178700123434737e+03,2.758508668779651089e+03,2.488146949243497602e+03,2.612349680117835305e+03,2.322045863957598158e+03,2.322107637313510168e+03,2.535486134130283972e+03,2.480660683085501205e+03
1.063136989519481546e+00,2.760583167199073614e+03,2.758504557978536923e+03,2.488668833248638748e+03,2.619446432790757626e+03,2.322045863947787893e+03,2.322093997759610829e+03,2.532731942091887504e+03,2.480468932958963251e+03
1.064200658254688792e+00,2.759700777576597375e+03,2.758500462581790089e+03,2.489190093003403035e+03,2.605426274589757668e+03,2.322045863951051615e+03,2.322081527842564356e+03,2.533519242994204888e+03,2.473194329443449078e+03
1.065265391190642452e+00,2.760874724391750533e+03,2.758496382535638986e+03,2.489713630668681162e+03,2.625425769462852713e+03,2.322045863959387134e+03,2.322082510258742332e+03,2.531705574397777127e+03,2.477253991454039351e+03
1.066331189392076384e+00,2.759856511625264375e+03,2.758492317786461172e+03,2.490234701636848968e+03,2.622149773709752935e+03,2.322045863947769249e+03,2.322092364204785554e+03,2.531885036608749488e+03,2.471590145420451336e+03
1.067398053924788259e+00,2.760667181395209354e+03,2.758488268280794728e+03,2.490755637496366944e+03,2.624473730630121281e+03,2.322045863948829265e+03,2.322074033282888649e+03,2.530262836445928770e+03,2.473310678394764636e+03
1.068465985855643563e+00,2.761292637361002562e+03,2.758484233965332351e+03,2.491273262320525646e+03,2.624684359265369494e+03,2.322045863945319979e+03,2.322070994847233578e+03,2.529855802833040343e+03,2.472846530072820769e+03
1.069534986252574260e+00,2.761489362904623249e+03,2.758480214786923625e+03,2.491785603513202204e+03,2.618337543420809197e+03,2.322045863944985740e+03,2.322085071958905246e+03,2.529807891044698863e+03,2.472970190925450879e+03
1.070605056184579462e+00,2.761189153989313127e+03,2.758476210692573204e+03,2.492293993703585784e+03,2.630805955855673801e+03,2.322045863944654229e+03,2.322088115266526984e+03,2.529790135059700333e+03,2.470471243021673217e+03
1.071676196721730756e+00,2.761271231694001926e+03,2.758472221629442629e+03,2.492795721695469183e+03,2.629581901233020744e+03,2.322045863944383655e+03,2.322076862531345796e+03,2.529837370012661268e+03,2.467987959612922623e+03
1.072748408935168429e+00,2.762187995853703342e+03,2.758468247544849419e+03,2.493289687726025477e+03,2.637725637526958963e+03,2.322045863943162658e+03,2.322068127105587337e+03,2.529697749796424432e+03,2.467806482886900085e+03
1.073821693897103247e+00,2.760043269713937661e+03,2.758464288386259796e+03,2.493772578960673854e+03,2.599563041123974926e+03,2.322045863946008922e+03,2.322071526524109686e+03,2.530692266168340666e+03,2.462749081596326960e+03
1.074896052680821112e+00,2.762681176013063578e+03,2.758460344101305054e+03,2.494242150616079471e+03,2.639417543192837002e+03,2.322045863943804761e+03,2.322074586310938685e+03,2.531387320263318543e+03,2.459471340083680388e+03
1.075971486360680407e+00,2.761071216663097402e+03,2.758456414637767921e+03,2.494691240299074707e+03,2.610823530385597223e+03,2.322045863942394590e+03,2.322068093041388238e+03,2.532726141621629267e+03,2.458918425110265161e+03
1.077047996012116871e+00,2.763716571388219108e+03,2.758452499943575731e+03,2.495127759722861811e+03,2.652142490948764134e+03,2.322045863942990309e+03,2.322066116735858941e+03,2.533791755476090657e+03,2.457197524937792423e+03
1.078125582711639385e+00,2.761369210643474617e+03,2.758448599966827715e+03,2.495547491512856595e+03,2.639833404243314817e+03,2.322045863942326832e+03,2.322074923336544998e+03,2.535848135715329590e+03,2.454734142354833693e+03
1.079204247536833750e+00,2.760385520566712785e+03,2.758444714655760890e+03,2.495949266831068144e+03,2.629831406307479938e+03,2.322045863943153563e+03,2.322066017233881212e+03,2.538190336932143055e+03,2.450334827236423735e+03
1.080283991566366897e+00,2.763023676728952978e+03,2.758440843958776895e+03,2.496327799839340059e+03,2.640050737898976422e+03,2.322045863942194501e+03,2.322061627992116428e+03,2.540865785587877326e+03,2.448957063350641874e+03
1.081364815879981789e+00,2.763621864763844314e+03,2.758436987824424250e+03,2.496681785120757922e+03,2.640466151235484176e+03,2.322045863941957577e+03,2.322063107644584306e+03,2.543570035533617556e+03,2.447882875905576839e+03
1.082446721558501856e+00,2.761150268176041664e+03,2.758433146201410636e+03,2.497016984716026855e+03,2.629644099061141333e+03,2.322045863941973039e+03,2.322066355528514578e+03,2.547166331606536005e+03,2.447736723717067889e+03
1.083529709683832998e+00,2.762897083088898398e+03,2.758429319038592439e+03,2.497335516793001716e+03,2.644031991354632282e+03,2.322045863941703374e+03,2.322059345199783820e+03,2.550749678797501474e+03,2.444437997390450164e+03
1.084613781338964023e+00,2.762867467904948626e+03,2.758425506284979292e+03,2.497643077203640587e+03,2.644587150950092109e+03,2.322045863941821608e+03,2.322060954659512845e+03,2.553895321836663243e+03,2.443985427888443610e+03
1.085698937607967984e+00,2.764045500585227728e+03,2.758421707889737263e+03,2.497935522741728619e+03,2.661010177064139953e+03,2.322045863941546031e+03,2.322059643451037573e+03,2.558220832825894377e+03,2.446048365778606239e+03
1.086785179575999072e+00,2.766098491340815144e+03,2.758417923802180667e+03,2.498220363095759240e+03,2.677303140186887958e+03,2.322045863941640164e+03,2.322060547516625320e+03,2.561422857895171092e+03,2.444688493852506326e+03
1.087872508329299936e+00,2.761687435221618671e+03,2.758414153971777523e+03,2.498495642954409959e+03,2.651142735935337896e+03,2.322045863941447806e+03,2.322058071718448446e+03,2.564597267341365750e+03,2.445173521094478474e+03
1.088960924955199916e+00,2.764905339645610638e+03,2.758410398348149101e+03,2.498764995985327005e+03,2.674835579678472641e+03,2.322045863941896641e+03,2.322058779873230378e+03,2.568836132179173546e+03,2.448006780154424177e+03
1.090050430542115256e+00,2.765467080339436961e+03,2.758406656881065828e+03,2.499022868264235512e+03,2.679185847676584217e+03,2.322045863941639254e+03,2.322054869260388841e+03,2.570133494101727138e+03,2.445479994315860495e+03
1.091141026179552220e+00,2.765285518110367775e+03,2.758402929520452744e+03,2.499279303531334790e+03,2.690785414027990100e+03,2.322045863941412335e+03,2.322055068810556804e+03,2.571573713557257634e+03,2.442809043403082796e+03
1.092232712958106200e+00,2.766892282349361267e+03,2.758399216216383593e+03,2.499528687934157460e+03,2.696571745034225387e+03,2.322045863941493280e+03,2.322058014585565161e+03,2.575097112344353718e+03,2.438625150948838836e+03
1.093325491969463270e+00,2.767923368539827607e+03,2.758395516919084457e+03,2.499780076481960805e+03,2.710503185844807376e+03,2.322045863941417792e+03,2.322054202237011395e+03,2.574024807762375531e+03,2.441807050928105582e+03
1.094419364306403297e+00,2.769762757541299834e+03,2.758391831578929668e+03,2.500035594513754859e+03,2.711762698007086783e+03,2.322045863941493735e+03,2.322053073750950716e+03,2.575693474933560992e+03,2.436139971353316469e+03
1.095514331062799718e+00,2.770773459346666641e+03,2.758388160146448172e+03,2.500280073934166921e+03,2.717361617813993689e+03,2.322045863941412335e+03,2.322054076351553704e+03,2.577503078599431774e+03,2.435357332514560312e+03
1.096610393333617983e+00,2.767854702736071431e+03,2.758384502572318524e+03,2.500520908689098178e+03,2.706219143524121591e+03,2.322045863941367770e+03,2.322052307399774691e+03,2.578593639135871854e+03,2.430516431621079391e+03
1.097707552214920668e+00,2.774589731931913320e+03,2.758380858807362983e+03,2.500761184692181359e+03,2.723434714302329667e+03,2.322045863941381867e+03,2.322051729684670590e+03,2.580904005411935032e+03,2.432502645431603469e+03
1.098805808803868134e+00,2.769717012342024191e+03,2.758377228802563423e+03,2.500998962924751140e+03,2.707182833782212128e+03,2.322045863941354582e+03,2.322052928730182884e+03,2.583224971357433787e+03,2.428718372904272655e+03
1.099905164198715424e+00,2.773603682218983067e+03,2.758373612509041322e+03,2.501236074480161278e+03,2.722456258136201086e+03,2.322045863941362768e+03,2.322050921130187817e+03,2.586682811884671537e+03,2.426183015220419747e+03
1.101005619498818477e+00,2.774838717508862374e+03,2.758370009878073688e+03,2.501472206286677192e+03,2.730343144628391656e+03,2.322045863941334574e+03,2.322050797378499283e+03,2.588382561749560409e+03,2.424951047546162499e+03
1.102107175804632355e+00,2.775751167463001821e+03,2.758366420861091228e+03,2.501708376772416159e+03,2.724782793412567571e+03,2.322045863941345033e+03,2.322050108602491946e+03,2.592208147852994898e+03,2.422071454682511103e+03
1.103209834217713237e+00,2.775863900123205894e+03,2.758362845409658803e+03,2.501941867934685888e+03,2.731879209507877931e+03,2.322045863941325024e+03,2.322050543339110391e+03,2.597413784412106907e+03,2.422737012442165906e+03
1.104313595840719975e+00,2.774197070405257364e+03,2.758359283475501343e+03,2.502173518857913677e+03,2.722876001415696010e+03,2.322045863941381413e+03,2.322049462792740087e+03,2.603131406133853034e+03,2.418938901988577982e+03
1.105418461777413874e+00,2.777368226174926804e+03,2.758355735010489298e+03,2.502399819727394515e+03,2.735412535794881478e+03,2.322045863941350490e+03,2.322049312281756556e+03,2.608267926659524619e+03,2.419162318516177947e+03
1.106524433132661134e+00,2.776070059232269159e+03,2.758352199966638636e+03,2.502618955589895450e+03,2.725975956417849375e+03,2.322045863941325933e+03,2.322049190366085895e+03,2.622488523394280492e+03,2.415078732848075106e+03
1.107631511012435288e+00,2.776975506069378298e+03,2.758348678296115850e+03,2.502833590820031986e+03,2.735841252993835042e+03,2.322045863941329117e+03,2.322048774424793464e+03,2.620003818512685029e+03,2.416554011770917896e+03
1.108739696523812546e+00,2.777456785315765501e+03,2.758345169951235675e+03,2.503042166538056790e+03,2.732173044269341517e+03,2.322045863941320931e+03,2.322048957414180222e+03,2.633513665245856828e+03,2.411225853383114554e+03
1.109848990774979560e+00,2.773233616639146476e+03,2.758341674884454733e+03,2.503240593063038887e+03,2.730267511441772513e+03,2.322045863941328207e+03,2.322049720998278190e+03,2.637064859121512654e+03,2.410455235926365731e+03
1.110959394875228989e+00,2.779311624906397356e+03,2.758338193048381981e+03,2.503428330949253450e+03,2.744938321211488528e+03,2.322045863941320931e+03,2.322051568419090927e+03,2.640273771439579377e+03,2.409466867749791163e+03
1.112070909934964380e+00,2.774377682143161564e+03,2.758334724395769626e+03,2.503601617752556194e+03,2.733477779243805799e+03,2.322045863941316384e+03,2.322053005601499990e+03,2.645899357538053209e+03,2.407416154177619774e+03
1.113183537065703277e+00,2.784404034466274879e+03,2.758331268879519030e+03,2.503757837575644317e+03,2.751001701650570794e+03,2.322045863941317293e+03,2.322052393800811842e+03,2.656398533955697530e+03,2.404586931871172055e+03
1.114297277380072337e+00,2.778149343338845028e+03,2.758327826452673889e+03,2.503887042569248933e+03,2.742793828910362208e+03,2.322045863941312746e+03,2.322050212510882830e+03,2.665003727736807832e+03,2.404315477622786148e+03
1.115412131991811995e+00,2.786458325899907322e+03,2.758324397068427061e+03,2.504004521303618731e+03,2.753380532785096420e+03,2.322045863941315019e+03,2.322049283105318409e+03,2.673755419861357041e+03,2.402280295047945401e+03
1.116528102015776458e+00,2.790859379884167538e+03,2.758320980680115554e+03,2.504122234229978858e+03,2.765529434556953220e+03,2.322045863941312746e+03,2.322050475821408327e+03,2.681133115422886476e+03,2.403071217669497400e+03
1.117645188567933490e+00,2.785771577405081644e+03,2.758317577241222352e+03,2.504230684930495499e+03,2.754393960170294577e+03,2.322045863941313655e+03,2.322051727860128722e+03,2.689674331184520270e+03,2.400916089311518135e+03
1.118763392765371512e+00,2.789424426163152930e+03,2.758314186705374141e+03,2.504327967482448003e+03,2.759674798187877059e+03,2.322045863941311836e+03,2.322051949027316823e+03,2.695621637272416137e+03,2.397845167292660790e+03
1.119882715726297162e+00,2.795566090619506213e+03,2.758310809026340849e+03,2.504407701723153878e+03,2.770948074352255389e+03,2.322045863941316838e+03,2.322051983123385071e+03,2.700696200061890067e+03,2.399153760775706360e+03
1.121003158570032854e+00,2.784615948192328688e+03,2.758307444158042017e+03,2.504469613349572683e+03,2.747892810819615988e+03,2.322045863941315019e+03,2.322050510177319211e+03,2.703462721302919817e+03,2.397244232527069471e+03
1.122124722417020104e+00,2.793466480201120703e+03,2.758304092054534976e+03,2.504510705073242207e+03,2.764726600252677599e+03,2.322045863941312746e+03,2.322049446353569692e+03,2.703933796733539566e+03,2.397686552658312849e+03
1.123247408388822866e+00,2.789697157849375344e+03,2.758300752670028032e+03,2.504529197980479694e+03,2.758946966280088873e+03,2.322045863941311836e+03,2.322049395656945762e+03,2.708763561432847382e+03,2.396673364960474828e+03
1.124371217608127527e+00,2.784612310104785593e+03,2.758297425958865006e+03,2.504520993385825022e+03,2.741975034447135386e+03,2.322045863941311381e+03,2.322049364692116797e+03,2.703798581473809918e+03,2.396805616182840367e+03
1.125496151198744688e+00,2.790316781662975700e+03,2.758294111875539329e+03,2.504493678920748607e+03,2.759981849709886319e+03,2.322045863941311836e+03,2.322048885291847455e+03,2.705615658270298354e+03,2.394201480302871914e+03
1.126622210285607384e+00,2.784712831395841022e+03,2.758290810374686316e+03,2.504449060219420971e+03,2.741104804335529025e+03,2.322045863941311836e+03,2.322048577608840787e+03,2.707748153080335214e+03,2.393381433121575355e+03
1.127749395994772197e+00,2.790061595199525527e+03,2.758287521411079524e+03,2.504388827696048793e+03,2.758349071944876414e+03,2.322045863941310472e+03,2.322048713635641889e+03,2.710814290814098968e+03,2.391392557384228439e+03
1.128877709453426359e+00,2.783736692269376363e+03,2.758284244939640303e+03,2.504313265287053127e+03,2.746252656063820723e+03,2.322045863941310472e+03,2.322052395588390027e+03,2.683302520128264860e+03,2.389738264596884619e+03
1.130007151789885311e+00,2.789111213207869696e+03,2.758280980915430519e+03,2.504227230268447329e+03,2.754043486670324455e+03,2.322045863941310017e+03,2.322050968913685210e+03,2.684744713846303057e+03,2.388539541183766687e+03
1.131137724133588707e+00,2.782165753336993021e+03,2.758277729293650282e+03,2.504126862164996055e+03,2.750418572883574598e+03,2.322045863941310017e+03,2.322049433867911375e+03,2.675748821399746703e+03,2.384811167789385763e+03
1.132269427615110846e+00,2.783878566803394278e+03,2.758274490029647495e+03,2.504017279081738252e+03,2.751564002350254214e+03,2.322045863941310017e+03,2.322051500669894267e+03,2.668696762400738407e+03,2.384875992177942862e+03
1.133402263366154905e+00,2.791505350938863103e+03,2.758271263078905577e+03,2.503897712703021625e+03,2.770879312900246532e+03,2.322045863941310017e+03,2.322051692055040803e+03,2.666303278483510439e+03,2.383992742169918074e+03
1.134536232519556265e+00,2.812622263916516658e+03,2.758268048397054372e+03,2.503763905516327668e+03,2.803974721874580155e+03,2.322045863941310017e+03,2.322051248774084797e+03,2.694895366962864500e+03,2.382851950872839552e+03
1.135671336209286064e+00,2.798070972614892980e+03,2.758264845939861971e+03,2.503623688707204565e+03,2.770660827560051985e+03,2.322045863941310017e+03,2.322050843375766817e+03,2.715169673071614852e+03,2.383420151418049045e+03
1.136807575570448314e+00,2.789816855189822491e+03,2.758261655663233796e+03,2.503486634073057303e+03,2.749138945326099929e+03,2.322045863941310472e+03,2.322053323997954067e+03,2.741658529390264903e+03,2.382953738292433172e+03
1.137944951739279009e+00,2.783490705455897114e+03,2.758258477523219881e+03,2.503354659903224274e+03,2.742463365518198771e+03,2.322045863941310017e+03,2.322052336145938170e+03,2.721485912893854220e+03,2.382411447621519528e+03
1.139083465853155452e+00,2.775461142789686619e+03,2.758255311476008046e+03,2.503228381124800762e+03,2.730315967852727226e+03,2.322045863941310017e+03,2.322052324308671814e+03,2.705350142144188794e+03,2.384675824893793560e+03
1.140223119050594480e+00,2.779109340751429045e+03,2.758252157477926175e+03,2.503107759620239449e+03,2.736914075432629033e+03,2.322045863941310017e+03,2.322052909662104867e+03,2.698941161506135813e+03,2.385697211100429740e+03
1.141363912471246467e+00,2.780273375380521884e+03,2.758249015485440395e+03,2.502993328166842275e+03,2.739635617495444421e+03,2.322045863941310017e+03,2.322052249406876854e+03,2.696702081744626867e+03,2.385776012043154878e+03
1.142505847255905094e+00,2.783230044529010229e+03,2.758245885455157349e+03,2.502889911972737082e+03,2.751464934352817636e+03,2.322045863941310017e+03,2.322051296698510214e+03,2.691975734408702465e+03,2.388689482145741295e+03
1.143648924546506462e+00,2.784583052368350764e+03,2.758242767343821924e+03,2.502795658986864964e+03,2.758295038077701975e+03,2.322045863941310017e+03,2.322052133629965738e+03,2.692045777397551774e+03,2.390810709691680586e+03
1.144793145486128649e+00,2.782725774914818430e+03,2.758239661108315431e+03,2.502709675650150984e+03,2.748432365078785097e+03,2.322045863941310017e+03,2.322051768583453395e+03,2.692306086214238803e+03,2.392026295992387077e+03
1.145938511218992373e+00,2.782061295204220642e+03,2.758236566705659243e+03,2.502637080562831670e+03,2.745799907432738109e+03,2.322045863941310017e+03,2.322051158977266368e+03,2.696775101554918820e+03,2.398011048480359932e+03
1.147085022890461214e+00,2.787302421172034428e+03,2.758233484093013431e+03,2.502576624737419024e+03,2.755334854905122938e+03,2.322045863941310017e+03,2.322051644841018060e+03,2.693602536738399522e+03,2.399836786592590670e+03
1.148232681647048281e+00,2.777616148392224204e+03,2.758230413227671761e+03,2.502527200581684156e+03,2.734787450015247487e+03,2.322045863941310017e+03,2.322051235799874576e+03,2.703728005783829303e+03,2.399001727679627493e+03
1.149381488636412652e+00,2.783054662115056544e+03,2.758227354067069882e+03,2.502484443406107403e+03,2.743640468527374651e+03,2.322045863941310017e+03,2.322050937682806307e+03,2.710615701472818728e+03,2.402472673654307073e+03
1.150531445007361153e+00,2.786393090522729835e+03,2.758224306568776228e+03,2.502448572786270688e+03,2.751926834784654602e+03,2.322045863941310017e+03,2.322050648919489504e+03,2.717348914399338355e+03,2.404992506588044762e+03
1.151682551909849694e+00,2.782976062492195524e+03,2.758221270690497022e+03,2.502414927257659201e+03,2.741580505583745435e+03,2.322045863941310017e+03,2.322050101338723834e+03,2.727528824018227624e+03,2.410388272372376832e+03
1.152834810494985263e+00,2.782681972951459556e+03,2.758218246390079003e+03,2.502382220602813049e+03,2.737798774817924368e+03,2.322045863941310017e+03,2.322049423836021106e+03,2.734978291613483634e+03,2.410694431144547252e+03
1.153988221915028589e+00,2.793895376540261168e+03,2.758215233625496239e+03,2.502346827206175476e+03,2.762336084647799908e+03,2.322045863941310017e+03,2.322049392655801967e+03,2.744728782073060756e+03,2.413026443505841144e+03
1.155142787323389930e+00,2.784746341481041782e+03,2.758212232354867410e+03,2.502318072235037562e+03,2.734134050431713604e+03,2.322045863941310017e+03,2.322049663307569517e+03,2.751581734759725805e+03,2.420718424596988825e+03
1.156298507874635062e+00,2.797680476183229530e+03,2.758209242536440343e+03,2.502266870750161161e+03,2.762260661301320397e+03,2.322045863941310017e+03,2.322049555882011646e+03,2.761918854208482117e+03,2.425262204180874505e+03
1.157455384724486613e+00,2.794368821145489164e+03,2.758206264128597013e+03,2.502180160487788271e+03,2.754613554425454367e+03,2.322045863941310017e+03,2.322049415648342801e+03,2.762112445678030326e+03,2.428299516029764618e+03
1.158613419029816738e+00,2.791339819183689542e+03,2.758203297089864918e+03,2.502080290796576719e+03,2.738004644688174722e+03,2.322045863941310017e+03,2.322049265605767232e+03,2.764559880142020575e+03,2.432837020840313471e+03
1.159772611948661103e+00,2.791593993534219862e+03,2.758200341378890244e+03,2.501972040102050414e+03,2.735965601754164254e+03,2.322045863941310017e+03,2.322048859915652884e+03,2.764756419351528166e+03,2.441458643425057289e+03
1.160932964640214449e+00,2.791926259150913666e+03,2.758197396954466058e+03,2.501866769800403745e+03,2.744392886825543428e+03,2.322045863941310017e+03,2.322048687231886561e+03,2.759550416344242421e+03,2.445686767701418376e+03
1.162094478264829256e+00,2.790123042656638972e+03,2.758194463775513668e+03,2.501763758238621449e+03,2.746919800138589835e+03,2.322045863941310017e+03,2.322048418342449622e+03,2.754902975071686342e+03,2.453429214480809605e+03
1.163257153984020631e+00,2.785017133978871698e+03,2.758191541801088988e+03,2.501659373110502202e+03,2.735083972028411608e+03,2.322045863941310017e+03,2.322048203756161911e+03,2.746406858638839367e+03,2.455804249937477380e+03
1.164420992960464529e+00,2.782498253646466310e+03,2.758188630990380716e+03,2.501543271852355247e+03,2.740240605680483895e+03,2.322045863941310017e+03,2.322048513700025524e+03,2.733800339871982032e+03,2.465752186863366660e+03
1.165585996357997312e+00,2.787765142958999149e+03,2.758185731302710337e+03,2.501401042702740597e+03,2.753485179951319424e+03,2.322045863941310017e+03,2.322048527665548590e+03,2.729791777506804920e+03,2.471828683050802738e+03
1.166752165341621961e+00,2.781975207869876158e+03,2.758182842697533033e+03,2.501265515754430453e+03,2.740329212098441531e+03,2.322045863941310017e+03,2.322048354516604377e+03,2.720442696606251502e+03,2.475272912158804957e+03
1.167919501077509414e+00,2.782010255390821840e+03,2.758179965134434951e+03,2.501128826959473372e+03,2.741833143453537105e+03,2.322045863941310017e+03,2.322048188047715030e+03,2.718209251594146281e+03,2.479546460587836918e+03
1.169088004732994346e+00,2.783629020108387522e+03,2.758177098573134572e+03,2.500992532937250417e+03,2.740089461270108586e+03,2.322045863941310017e+03,2.322048002990679834e+03,2.729345030877432237e+03,2.481758348650553671e+03
1.170257677476581826e+00,2.783832963323329750e+03,2.758174242973484070e+03,2.500861461901156872e+03,2.739152893301213680e+03,2.322045863941310017e+03,2.322047825735820425e+03,2.733247614768903532e+03,2.489754505799098297e+03
1.171428520477943325e+00,2.792699832361117387e+03,2.758171398295463860e+03,2.500741246389197386e+03,2.728695357572484681e+03,2.322045863941310017e+03,2.322047923678198458e+03,2.766876980221254598e+03,2.492919105445645528e+03
1.172600534907923375e+00,2.813743257129029189e+03,2.758168564499186687e+03,2.500636424376979903e+03,2.723076334045644671e+03,2.322045863941310017e+03,2.322047808930709380e+03,2.804957039655212611e+03,2.497232938666389600e+03
1.173773721938536241e+00,2.812192666011154870e+03,2.758165741544899902e+03,2.500551462151131091e+03,2.752170586102381094e+03,2.322045863941310017e+03,2.322047719666810735e+03,2.801496182149548986e+03,2.499831531067669403e+03
1.174948082742969024e+00,2.793164174847235245e+03,2.758162929392973183e+03,2.500488292055114471e+03,2.719555448638038342e+03,2.322045863941310017e+03,2.322047591175856724e+03,2.780881095910256136e+03,2.499734648317456958e+03
1.176123618495583001e+00,2.784587049827815918e+03,2.758160128003915815e+03,2.500449391053393811e+03,2.734152123882349315e+03,2.322045863941310017e+03,2.322047556892319790e+03,2.763519851765451222e+03,2.503252757065820788e+03
1.177300330371911397e+00,2.783683263037210509e+03,2.758157337338355774e+03,2.500438094999454279e+03,2.736740815594920605e+03,2.322045872169841005e+03,2.322047509852118310e+03,2.744892321376650216e+03,2.502359883593503127e+03
1.178478219548668271e+00,2.777400736017505551e+03,2.758154557357062458e+03,2.500450716809767073e+03,2.714556642528269549e+03,2.322050191532291592e+03,2.322047494156730863e+03,2.741280962668465236e+03,2.513158903675648162e+03
1.179657287203744742e+00,2.779549000307194092e+03,2.758151788020926688e+03,2.500493005427944354e+03,2.728975923227415024e+03,2.322061637789934593e+03,2.322047359026817958e+03,2.736125017103505343e+03,2.513359647787167432e+03
1.180837534516205434e+00,2.778821235483277178e+03,2.758149029290971157e+03,2.500557756143284678e+03,2.722019308660374008e+03,2.324625071351959377e+03,2.322047248200390186e+03,2.735122648199358537e+03,2.515390006701325092e+03
1.182018962666298023e+00,2.784056459309115780e+03,2.758146281128345890e+03,2.500647190945180228e+03,2.732413039529896196e+03,2.328614662105006119e+03,2.322047124080063440e+03,2.734394862232079504e+03,2.541130877371909719e+03
1.183201572835452797e+00,2.780771906309227234e+03,2.758143543494330515e+03,2.500760712403000980e+03,2.723552587456101264e+03,2.324908744583350654e+03,2.322047124848093517e+03,2.735342396666397690e+03,2.540161288244855768e+03
1.184385366206279766e+00,2.780805511975059289e+03,2.758140816350329715e+03,2.500894797850346094e+03,2.718899303014451107e+03,2.323538556357093967e+03,2.322047081088734558e+03,2.731196939404579553e+03,2.541539029262374243e+03
1.185570343962571327e+00,2.778207108553323451e+03,2.758138099657879138e+03,2.501048894679659497e+03,2.720794292990172835e+03,2.322946891060361395e+03,2.322047036609462339e+03,2.726090584157784633e+03,2.543939494922670747e+03
1.186756507289305151e+00,2.781507919021107682e+03,2.758135393378644039e+03,2.501214543178782151e+03,2.726295566192231036e+03,2.322405716759130428e+03,2.322046913052127366e+03,2.735813924629424037e+03,2.546925688045840161e+03
1.187943857372643963e+00,2.782784542310479537e+03,2.758132697474409269e+03,2.501399705144975997e+03,2.723892362245741424e+03,2.322233878768062823e+03,2.322046879356955287e+03,2.731128851514153212e+03,2.558268511562569074e+03
1.189132395399937980e+00,2.776280333356763094e+03,2.758130011907092467e+03,2.501600511115656445e+03,2.717589262012562358e+03,2.322180338479487546e+03,2.322046774217735219e+03,2.724016953142567672e+03,2.562713587366451520e+03
1.190322122559726914e+00,2.776550366441623282e+03,2.758127336638735414e+03,2.501815248227471329e+03,2.708651437804652687e+03,2.322297532706701077e+03,2.322046764545614224e+03,2.729032500308423096e+03,2.558338343321380307e+03
1.191513040041739746e+00,2.777218052901475858e+03,2.758124671631506772e+03,2.502035935401154347e+03,2.716154758108247279e+03,2.322385689963721234e+03,2.322046761052905367e+03,2.726489381448376662e+03,2.570584671488985350e+03
1.192705149036892065e+00,2.772555832300159182e+03,2.758122016847699342e+03,2.502261842277355299e+03,2.699322802036218945e+03,2.322267045586766017e+03,2.322048788866816267e+03,2.722276035191111532e+03,2.571464424005902401e+03
1.193898450737291839e+00,2.773363919836899640e+03,2.758119372249734170e+03,2.502487877123818635e+03,2.702233629682582887e+03,2.322450422474601964e+03,2.322048914430794412e+03,2.720770046631118930e+03,2.568178960424351317e+03
1.195092946336242523e+00,2.772787278555850662e+03,2.758116737800156443e+03,2.502709708224472251e+03,2.702715704753140471e+03,2.322480878329052302e+03,2.322047101591569572e+03,2.713026762114655412e+03,2.576501145830683527e+03
1.196288637028239288e+00,2.773237369740488703e+03,2.758114113461632769e+03,2.502923736901242137e+03,2.711140759791797336e+03,2.324138138917828655e+03,2.322052808318537700e+03,2.708363200770318599e+03,2.575789722914425511e+03
1.197485524008971902e+00,2.770664384314347444e+03,2.758111499196962086e+03,2.503126731337221827e+03,2.700048357228028635e+03,2.323606203458856726e+03,2.322048119267846232e+03,2.705249140143698696e+03,2.578840106795932115e+03
1.198683608475328288e+00,2.773982244268916475e+03,2.758108894969058838e+03,2.503311228333846429e+03,2.710770041355706780e+03,2.322912971689108417e+03,2.322048208658462499e+03,2.700827081683637061e+03,2.577870777089738567e+03
1.199882891625392523e+00,2.768323778657417279e+03,2.758106300740968436e+03,2.503480542206622886e+03,2.693071853138262213e+03,2.322710693624693704e+03,2.322049524205147463e+03,2.694643770344002405e+03,2.582694805997533422e+03
1.201083374658448166e+00,2.769250563656190934e+03,2.758103716475853162e+03,2.503623072432569643e+03,2.694722946445367597e+03,2.322424028964351237e+03,2.322051593097583464e+03,2.686915485734620233e+03,2.579928689906616910e+03
1.202285058774978488e+00,2.769467342277530861e+03,2.758101142137007173e+03,2.503741562284840256e+03,2.698066318563090135e+03,2.322264487812033622e+03,2.322058998460095609e+03,2.684957900461837198e+03,2.580877514626188258e+03
1.203487945176667129e+00,2.774043677838255007e+03,2.758098577687840589e+03,2.503832621551957800e+03,2.708110075432150097e+03,2.322220055966896325e+03,2.323963141472677307e+03,2.679239703518361239e+03,2.584229859662470062e+03
1.204692035066402100e+00,2.767232047459142905e+03,2.758096023091885854e+03,2.503903836249208325e+03,2.687112146637272417e+03,2.322467440865210392e+03,2.322683901066653107e+03,2.675036788933735352e+03,2.574939297076160074e+03
1.205897329648271787e+00,2.765918612114588541e+03,2.758093478312804564e+03,2.503947850160072903e+03,2.685065734228967358e+03,2.322216142900425893e+03,2.323570111414554958e+03,2.671398685342524914e+03,2.578692007252382155e+03
1.207103830127570721e+00,2.770084397986054228e+03,2.758090943314374272e+03,2.503967386508002619e+03,2.706001371629445202e+03,2.322193881589279954e+03,2.322844782328818837e+03,2.665167643892101751e+03,2.581566765864489298e+03
1.208311537710799799e+00,2.765865253171694349e+03,2.758088418060497588e+03,2.503960319839512522e+03,2.687064883083578025e+03,2.322288931207930091e+03,2.322527815325725442e+03,2.659950856566793846e+03,2.578189558003164166e+03
1.209520453605668067e+00,2.768528414325564427e+03,2.758085902515193084e+03,2.503923559452975496e+03,2.698109072880886288e+03,2.322281258115819128e+03,2.323206717034640860e+03,2.652109263375742557e+03,2.579218586697373667e+03
1.210730579021092046e+00,2.766142672375504389e+03,2.758083396642608932e+03,2.503853827556532451e+03,2.687108798803807986e+03,2.322168368562827709e+03,2.323084712861336811e+03,2.649195355109175125e+03,2.591564350153882060e+03
1.211941915167195072e+00,2.772605747296327536e+03,2.758080900407006993e+03,2.503761419481958910e+03,2.707108813561064835e+03,2.322703864026889278e+03,2.322803326485558046e+03,2.639869795264886307e+03,2.575997302199222759e+03
1.213154463255313287e+00,2.765807519494595908e+03,2.758078413772774184e+03,2.503646140955984720e+03,2.687714190251798300e+03,2.322332634233841873e+03,2.323234222400134058e+03,2.637586121163530152e+03,2.574201756098765600e+03
1.214368224497995641e+00,2.771755792168183234e+03,2.758075936704415199e+03,2.503510356048249378e+03,2.699643248618564030e+03,2.322295951986538057e+03,2.323061036666792461e+03,2.629497744981615142e+03,2.580227122108719414e+03
1.215583200109004336e+00,2.764218383004245879e+03,2.758073469166554787e+03,2.503355803996247687e+03,2.679001215517933360e+03,2.322176105670031120e+03,2.322900779084433452e+03,2.628213398891591623e+03,2.575305769264570699e+03
1.216799391303313493e+00,2.768865619558368962e+03,2.758071011123935023e+03,2.503186525921460998e+03,2.690807191638307813e+03,2.322139766733721444e+03,2.322770448168875191e+03,2.624046680049633778e+03,2.581837242106889789e+03
1.218016799297115815e+00,2.764854410478199497e+03,2.758068562541425763e+03,2.503003107603063199e+03,2.673476562952041149e+03,2.322148311056122111e+03,2.324274677914816493e+03,2.622798381103768861e+03,2.587808099511317323e+03
1.219235425307820142e+00,2.766215783796206779e+03,2.758066123384005095e+03,2.502814600505159888e+03,2.681017899513314660e+03,2.322120405193022634e+03,2.323341521208440554e+03,2.617766314961478201e+03,2.593400506624271657e+03
1.220455270554050786e+00,2.766665013710472067e+03,2.758063693616773435e+03,2.502615451999979541e+03,2.688043039360035436e+03,2.322123545235802794e+03,2.322938665132333881e+03,2.614761713943215454e+03,2.575014724247061622e+03
1.221676336255654416e+00,2.767042850278353853e+03,2.758061273204954887e+03,2.502411959550649499e+03,2.689964777035037514e+03,2.322100336274932488e+03,2.322897706443328843e+03,2.610145578024840233e+03,2.578179112195192374e+03
1.222898623633697612e+00,2.763557219847488795e+03,2.758058862113884970e+03,2.502206079360576950e+03,2.670936713106039861e+03,2.322099785432767021e+03,2.322833365201356173e+03,2.605587018122753761e+03,2.579013588082508704e+03
1.224122133910464427e+00,2.767392822886104113e+03,2.758056460309018348e+03,2.501997565339606354e+03,2.683561827764124700e+03,2.322109422601664392e+03,2.322826648746753563e+03,2.602122733125342620e+03,2.578719215452372737e+03
1.225346868309468595e+00,2.765081926473567819e+03,2.758054067755927463e+03,2.501790166100958231e+03,2.678086225318433208e+03,2.322119007863493607e+03,2.322776450387065324e+03,2.597223406687376610e+03,2.578950725854644134e+03
1.226572828055446207e+00,2.764324138665545433e+03,2.758051684420302990e+03,2.501578294187410393e+03,2.665041083983989665e+03,2.322088314114449986e+03,2.323780006079407485e+03,2.593842503532271621e+03,2.576176963681958114e+03
1.227800014374351933e+00,2.764894987320830751e+03,2.758049310267954297e+03,2.501367372595994311e+03,2.680260214054577773e+03,2.322139415411813388e+03,2.323265424772822371e+03,2.591493471917573061e+03,2.573164365095254652e+03
1.229028428493374347e+00,2.764438531526511269e+03,2.758046945264798978e+03,2.501155617175693351e+03,2.678707377809605077e+03,2.322103671693682372e+03,2.322724627573852558e+03,2.584838255131322057e+03,2.571949034931734786e+03
1.230258071640927708e+00,2.762287526163287566e+03,2.758044589376879230e+03,2.500936864955041983e+03,2.665021921660274074e+03,2.322086208143552994e+03,2.322665531294233915e+03,2.583557453778582385e+03,2.570540855278605250e+03
1.231488945046652184e+00,2.762785601270296411e+03,2.758042242570348662e+03,2.500713660864416397e+03,2.666282281121005781e+03,2.322071963200505252e+03,2.322983210362891441e+03,2.577555167103117583e+03,2.561339006830535254e+03
1.232721049941425173e+00,2.763494207605518568e+03,2.758039904811476845e+03,2.500479518655536594e+03,2.673205227822496454e+03,2.322073460417493607e+03,2.322949163932239571e+03,2.581502605861360735e+03,2.567550135795385813e+03
1.233954387557351096e+00,2.763377059388368252e+03,2.758037576066651582e+03,2.500230495219957447e+03,2.679996530855626588e+03,2.322062796848599646e+03,2.322904621230611156e+03,2.587839725332481976e+03,2.552549726562333035e+03
1.235188959127763386e+00,2.761738166504506353e+03,2.758035256302369817e+03,2.499967604352101262e+03,2.656874191770881225e+03,2.322064308771428387e+03,2.322880298036590830e+03,2.584421501729037573e+03,2.564210621388619984e+03
1.236424765887237376e+00,2.762683686942633813e+03,2.758032945485250821e+03,2.499696065390501190e+03,2.667368206876737986e+03,2.322068571870988308e+03,2.322653220554440850e+03,2.584451968354126620e+03,2.555399063836561709e+03
1.237661809071581631e+00,2.762215657161132185e+03,2.758030643582022094e+03,2.499417452073313598e+03,2.674540610475174617e+03,2.322066416426807336e+03,2.322636311889239551e+03,2.576191046878543602e+03,2.556861264119510452e+03
1.238900089917839065e+00,2.760645032225971590e+03,2.758028350559523005e+03,2.499128928279410047e+03,2.650892103759592828e+03,2.322066097401691422e+03,2.322883539409538571e+03,2.568226124917859579e+03,2.555680352048914301e+03
1.240139609664291376e+00,2.760862319678022686e+03,2.758026066384714795e+03,2.498826951751576871e+03,2.661535030866955367e+03,2.322062125403876507e+03,2.322597109606789218e+03,2.563923808835594173e+03,2.549212475643349990e+03
1.241380369550453722e+00,2.762097448693332808e+03,2.758023791024665115e+03,2.498509979455946450e+03,2.674300990517242099e+03,2.322053721713654340e+03,2.322719216889508516e+03,2.560854685687556412e+03,2.553467235199076640e+03
1.242622370817087374e+00,2.760177944352071336e+03,2.758021524446556668e+03,2.498174935223109514e+03,2.656290674371427031e+03,2.322055545459603309e+03,2.322658827780245247e+03,2.558452432714015686e+03,2.548769782345294061e+03
1.243865614706197942e+00,2.760799447940340087e+03,2.758019266617686753e+03,2.497819758782774898e+03,2.662426010484254221e+03,2.322062018330700084e+03,2.322485513968661962e+03,2.556108339215330034e+03,2.551486945821292011e+03
1.245110102461026713e+00,2.760011378182801764e+03,2.758017017505462263e+03,2.497447522459176071e+03,2.644701987381787148e+03,2.322057706081263859e+03,2.322489308200653795e+03,2.550761788198221893e+03,2.547742732439087376e+03
1.246355835326061534e+00,2.760109550839010353e+03,2.758014777077406052e+03,2.497059648202148765e+03,2.661992525084277986e+03,2.322052875665594911e+03,2.322598797385950547e+03,2.549325817228903361e+03,2.550406208722669362e+03
1.247602814547033478e+00,2.760254268093553037e+03,2.758012545301143746e+03,2.496576091773331427e+03,2.652221221023332419e+03,2.322050338602975444e+03,2.322458347168854743e+03,2.548970180436783721e+03,2.547688355921280163e+03
1.248851041370924841e+00,2.760280365620079010e+03,2.758010322144422844e+03,2.496155936414975258e+03,2.655320068858065042e+03,2.322051213742308846e+03,2.322465669783173780e+03,2.545734177407790412e+03,2.546328540685793087e+03
1.250100517045962700e+00,2.759711832875993878e+03,2.758008107575096801e+03,2.495825574430075903e+03,2.642882422610771755e+03,2.322049021656460354e+03,2.322422249710564301e+03,2.544555208508349097e+03,2.545043223907578522e+03
1.251351242821620691e+00,2.759573285296002268e+03,2.758005901561131395e+03,2.495509389252521032e+03,2.648606644384573883e+03,2.322049335310802235e+03,2.322411310665732344e+03,2.542785420225264716e+03,2.543570764489786143e+03
1.252603219948625668e+00,2.759385429323914195e+03,2.758003704070602453e+03,2.495164317840356034e+03,2.644887782327415607e+03,2.322048975428910126e+03,2.322338676405655406e+03,2.541451890674445167e+03,2.541947615995510205e+03
1.253856449678957707e+00,2.760544399721301033e+03,2.758001515071694485e+03,2.494766680512807852e+03,2.655328694272775465e+03,2.322047844505073044e+03,2.322403715649953028e+03,2.539945901929517731e+03,2.543274405689214746e+03
1.255110933265842998e+00,2.760035660936895511e+03,2.757999334532703870e+03,2.494307259352870460e+03,2.647475676063987066e+03,2.322048532335199980e+03,2.322282803238916586e+03,2.539665956262876080e+03,2.537693664729341435e+03
1.256366671963763171e+00,2.759527868466272594e+03,2.757997162422035217e+03,2.493800870119869160e+03,2.638126075218049209e+03,2.322048324203571156e+03,2.322324158225366318e+03,2.538343341925714412e+03,2.537696432742102843e+03
1.257623667028460623e+00,2.759816662393731349e+03,2.757994998708205912e+03,2.493288786192724729e+03,2.642535008214793379e+03,2.322047328163704151e+03,2.322304172379892407e+03,2.536515727237936517e+03,2.533730235929798255e+03
1.258881919716929865e+00,2.759723574999020002e+03,2.757992843359836115e+03,2.492820861293796497e+03,2.649776890942116097e+03,2.322047312523827259e+03,2.322246240927890085e+03,2.536016171209570530e+03,2.529254411714247453e+03
1.260141431287421954e+00,2.759502475525175214e+03,2.757990696345660126e+03,2.492387415971789324e+03,2.646496139432777454e+03,2.322048183315523147e+03,2.322249219987349079e+03,2.534868763888855028e+03,2.519552021981997768e+03
1.261402202999453381e+00,2.759362237647672828e+03,2.757988557634517747e+03,2.491922187626155846e+03,2.636105441806784256e+03,2.322047676835823495e+03,2.322242545863937266e+03,2.534882006923139215e+03,2.521947321458428632e+03
1.262664236113794747e+00,2.760339927343995441e+03,2.757986427195358829e+03,2.491465083758837864e+03,2.655302695112457059e+03,2.322047133298283370e+03,2.322208317408685616e+03,2.534801492031819635e+03,2.517963035894191307e+03
1.263927531892475642e+00,2.759503638894660526e+03,2.757984304997239178e+03,2.491017809174575632e+03,2.649453534361930451e+03,2.322046554791565086e+03,2.322211776541706968e+03,2.533384947050482879e+03,2.509941431568722237e+03
1.265192091598793533e+00,2.759390988061774351e+03,2.757982191009322378e+03,2.490584647496389152e+03,2.636881746031174316e+03,2.322046598402112977e+03,2.322195999839867454e+03,2.534101638992388871e+03,2.512565832207393214e+03
1.266457916497306879e+00,2.760307595898711497e+03,2.757980085200877966e+03,2.490159123621815070e+03,2.658054425697921033e+03,2.322046540918509891e+03,2.322167575795525408e+03,2.533759112007122894e+03,2.507829684527509016e+03
1.267725007853840458e+00,2.759623919515188391e+03,2.757977987541285529e+03,2.489751259220920929e+03,2.647629625408495485e+03,2.322046431552723789e+03,2.322163872524738963e+03,2.535520890915682685e+03,2.506237470728200606e+03
1.268993366935489364e+00,2.759665780232057386e+03,2.757975898000030611e+03,2.489358283947806740e+03,2.649548975127145695e+03,2.322046371431228636e+03,2.322160140283251621e+03,2.535379821732733944e+03,2.512356560720703328e+03
1.270262995010612794e+00,2.759685731850840057e+03,2.757973816546700164e+03,2.488981263256914644e+03,2.645134761689134848e+03,2.322046105045442346e+03,2.322140126436427181e+03,2.535637623037780486e+03,2.512724016989181109e+03
1.271533893348835154e+00,2.759771460680410200e+03,2.757971743150994371e+03,2.488618262987869912e+03,2.651425058674818047e+03,2.322046190227396892e+03,2.322139616884749557e+03,2.537205265699838037e+03,2.518404677150377665e+03
1.272806063221056272e+00,2.761007865969117120e+03,2.757969677782713461e+03,2.488271314942786375e+03,2.658183191701482428e+03,2.322046281019810522e+03,2.322126906080183744e+03,2.537483972285999243e+03,2.522724596205765920e+03
1.274079505899448517e+00,2.761493435275619959e+03,2.757967620411763164e+03,2.487944255250867172e+03,2.663185635169048055e+03,2.322046227022436142e+03,2.322116150961699987e+03,2.539070359232856845e+03,2.528912628912290529e+03
1.275354222657453018e+00,2.759588826743394293e+03,2.757965571008159259e+03,2.487631499354392417e+03,2.645494526074431178e+03,2.322046053222080445e+03,2.322120512390883050e+03,2.539186364463454083e+03,2.533461643983846443e+03
1.276630214769785443e+00,2.761644518211573541e+03,2.757963529542014840e+03,2.487338438595018943e+03,2.657616245580412851e+03,2.322046237122554885e+03,2.322110422404432484e+03,2.543006297778315002e+03,2.536687461968164371e+03
1.277907483512440212e+00,2.759640472985783163e+03,2.757961495983555778e+03,2.487064734359975773e+03,2.650369716576495648e+03,2.322046140035495682e+03,2.322104353082286707e+03,2.543266759870794431e+03,2.547313252442019802e+03
1.279186030162684728e+00,2.762168399750732533e+03,2.757959470303104808e+03,2.486798937355697035e+03,2.665825297685778878e+03,2.322046043249941249e+03,2.322111298769325458e+03,2.547424466291786757e+03,2.548489468674424188e+03
1.280465855999066926e+00,2.763010383821263531e+03,2.757957452471090164e+03,2.486554283566753838e+03,2.669127047727449281e+03,2.322046004303412701e+03,2.322117030585570319e+03,2.550158567460777249e+03,2.553531398693869960e+03
1.281746962301411275e+00,2.761244071105001240e+03,2.757955442458046946e+03,2.486321606280431297e+03,2.654526039392805160e+03,2.322045977762197708e+03,2.322130749620319875e+03,2.551918255397436042e+03,2.559663971315760136e+03
1.283029350350822995e+00,2.762399974005026706e+03,2.757953440234610753e+03,2.486098194764100299e+03,2.669902557552353755e+03,2.322045953788649513e+03,2.322159355199479251e+03,2.556666118946326151e+03,2.562674452553178071e+03
1.284313021429691171e+00,2.761664781290369774e+03,2.757951445771518593e+03,2.485883562115817313e+03,2.654172452811364110e+03,2.322045947083663123e+03,2.322175413815910815e+03,2.560725506574165593e+03,2.565941814701134717e+03
1.285597976821686306e+00,2.761660778022901468e+03,2.757949459039614339e+03,2.485674527881454651e+03,2.660620515180301481e+03,2.322045932821147744e+03,2.322183321466917278e+03,2.562146307616514150e+03,2.565801888770656660e+03
1.286884217811766096e+00,2.764437228633985796e+03,2.757947480009840092e+03,2.485469724072565441e+03,2.683194805166118840e+03,2.322045923346084692e+03,2.322182187565032564e+03,2.565416718550362020e+03,2.571988877106958171e+03
1.288171745686169434e+00,2.764747417850628153e+03,2.757945508653240722e+03,2.485257676311982323e+03,2.679256196958202054e+03,2.322045915678505480e+03,2.322167696552256530e+03,2.571316560789035975e+03,2.566424955222057633e+03
1.289460561732425514e+00,2.764491180567703850e+03,2.757943544940965239e+03,2.485041109337915259e+03,2.673827387099685893e+03,2.322045924138279588e+03,2.322161241969243292e+03,2.574363305496104203e+03,2.572499770977258322e+03
1.290750667239352723e+00,2.762118952369761701e+03,2.757941588844262242e+03,2.484818049619770136e+03,2.661747476251830903e+03,2.322045908191047602e+03,2.322168951961827588e+03,2.578356541549248050e+03,2.567809748577494247e+03
1.292042063497055082e+00,2.769071409521678106e+03,2.757939640334480373e+03,2.484595352555223599e+03,2.702260409074155177e+03,2.322045899310263849e+03,2.322169114575141521e+03,2.583889681565005958e+03,2.568764614362781231e+03
1.293334751796927806e+00,2.762485715187850928e+03,2.757937699383070139e+03,2.484364735794079479e+03,2.668987660274311111e+03,2.322045911141512534e+03,2.322158315406620204e+03,2.586473037978728826e+03,2.561593076681997900e+03
1.294628733431659962e+00,2.766075999190758921e+03,2.757935765961583456e+03,2.484131385465519088e+03,2.680477278874119293e+03,2.322045902790072432e+03,2.322164302301865973e+03,2.592574454772330682e+03,2.569452766502170562e+03
1.295924009695232915e+00,2.767298496969379812e+03,2.757933840041671374e+03,2.483889632355115282e+03,2.689169880170119086e+03,2.322045894082845734e+03,2.322154058774321129e+03,2.594905470588187200e+03,2.566844412976025524e+03
1.297220581882923218e+00,2.766896849162792478e+03,2.757931921595084077e+03,2.483634054906247457e+03,2.690373565240822245e+03,2.322045892954235114e+03,2.322146835412374003e+03,2.600952532470600545e+03,2.562782207911641308e+03
1.298518451291303721e+00,2.762572234022085922e+03,2.757930010593674524e+03,2.483362289877848525e+03,2.663274463920886774e+03,2.322045884077816936e+03,2.322142639312233769e+03,2.603967132279886755e+03,2.561268690911264912e+03
1.299817619218243792e+00,2.766958118391371954e+03,2.757928107009388896e+03,2.483085042921302829e+03,2.688984911772620308e+03,2.322045876649648108e+03,2.322128608475972214e+03,2.609545883404151482e+03,2.562744381643295583e+03
1.301118086962911535e+00,2.768553495960167766e+03,2.757926210814281603e+03,2.482798444298290633e+03,2.699908162440028718e+03,2.322045873690639837e+03,2.322108028244967954e+03,2.614883504016935149e+03,2.568005918384969391e+03
1.302419855825775130e+00,2.767050202665163852e+03,2.757924321980493460e+03,2.482498172858833186e+03,2.693258570188540034e+03,2.322045876672655140e+03,2.322096900488504161e+03,2.620436212970530050e+03,2.566341004541244729e+03
1.303722927108603491e+00,2.769091807470415915e+03,2.757922440480275782e+03,2.482192041601131677e+03,2.690720485467563321e+03,2.322045876764875629e+03,2.322102357249335910e+03,2.620282693098311029e+03,2.573125903016104985e+03
1.305027302114467824e+00,2.765946066163930482e+03,2.757920566285970835e+03,2.481879024993170333e+03,2.683473231624757773e+03,2.322045871293872551e+03,2.322097479943276085e+03,2.626402363339570002e+03,2.569519994653480353e+03
1.306332982147742960e+00,2.769229300627920111e+03,2.757918699370019112e+03,2.481561272121029106e+03,2.699247366008443805e+03,2.322045871174618696e+03,2.322091271343255812e+03,2.633757099156312051e+03,2.567661177853350637e+03
1.307639968514105799e+00,2.768168476959405325e+03,2.757916839704964332e+03,2.481237815114251134e+03,2.693418333416441783e+03,2.322045871208300014e+03,2.322086989270348568e+03,2.638683887373219477e+03,2.568334049266337388e+03
1.308948262520545081e+00,2.767039832046245465e+03,2.757914987263438434e+03,2.480915664321571967e+03,2.689888376503432482e+03,2.322045867532104239e+03,2.322080614180486464e+03,2.640385230445907837e+03,2.567908848695534743e+03
1.310257865475357164e+00,2.771111831775016071e+03,2.757913142018179769e+03,2.480593996246474489e+03,2.706056624259493674e+03,2.322045871971628458e+03,2.322077778366576695e+03,2.636392443779498080e+03,2.572308508286683718e+03
1.311568778688145365e+00,2.767182701284863015e+03,2.757911303942014456e+03,2.480275859021920496e+03,2.686115945343321528e+03,2.322045868014092321e+03,2.322226737770097770e+03,2.649898550191252980e+03,2.569796085747350389e+03
1.312881003469822616e+00,2.770236556641902098e+03,2.757909473007870929e+03,2.479957379929835497e+03,2.697307854863203829e+03,2.322045869842920183e+03,2.322333882914907463e+03,2.654102281665162081e+03,2.578299789566731761e+03
1.314194541132613248e+00,2.772631298633689312e+03,2.757907649188774030e+03,2.479652401497865412e+03,2.710470157414227288e+03,2.322045868104488818e+03,2.322388392987526004e+03,2.656767433650212297e+03,2.575866822732669334e+03
1.315509392990052095e+00,2.772942932527246285e+03,2.757905832457838187e+03,2.479349597008327237e+03,2.715960114858108682e+03,2.322045865976134792e+03,2.322360804180429568e+03,2.649969160782434756e+03,2.582479540620936405e+03
1.316825560356992053e+00,2.770399685610790584e+03,2.757904022788278326e+03,2.479063199307465311e+03,2.697526007052330442e+03,2.322045865930624586e+03,2.322295266759103015e+03,2.664287546006549746e+03,2.586684721298796376e+03
1.318143044549605181e+00,2.769047678011983407e+03,2.757902220153407598e+03,2.478779490928643554e+03,2.698148094839581063e+03,2.322045866163854498e+03,2.322266957621862730e+03,2.666541532396207913e+03,2.573503514590993291e+03
1.319461846885372713e+00,2.770990010131501549e+03,2.757900424526624192e+03,2.478516790466794646e+03,2.705215312481441288e+03,2.322045865648354265e+03,2.322266920898106036e+03,2.660302985997894211e+03,2.581644130659289203e+03
1.320781968683094609e+00,2.773430091447800351e+03,2.757898635881430891e+03,2.478256704269444981e+03,2.707505869737423836e+03,2.322045865311994930e+03,2.322407459132873555e+03,2.675447994711395950e+03,2.576909673348707656e+03
1.322103411262894657e+00,2.769550711422330551e+03,2.757896854191418697e+03,2.478014948927557271e+03,2.701092804764931770e+03,2.322045864570337471e+03,2.322417299428964270e+03,2.669668041777244525e+03,2.573272876557351083e+03
1.323426175946215144e+00,2.774928633289859135e+03,2.757895079430274109e+03,2.477786974164340336e+03,2.724300887951735149e+03,2.322045865018937548e+03,2.322422856780331131e+03,2.673678894910859071e+03,2.568599348245202691e+03
1.324750264055823745e+00,2.772405164102419803e+03,2.757893311571781396e+03,2.477569319497467404e+03,2.715547701387011784e+03,2.322045865031209360e+03,2.322379081415207565e+03,2.671804753749818701e+03,2.570980286501705905e+03
1.326075676915806634e+00,2.772720793471870820e+03,2.757891550589810777e+03,2.477361651725959291e+03,2.710601563810049811e+03,2.322045864871231970e+03,2.322348816352406629e+03,2.668720667725021485e+03,2.566000620104302925e+03
1.327402415851577810e+00,2.771941832496511779e+03,2.757889796458330693e+03,2.477169015385774856e+03,2.709947143283544847e+03,2.322045864503867961e+03,2.322353122972890105e+03,2.685402604243683982e+03,2.564480940981936783e+03
1.328730482189877105e+00,2.782818124569447718e+03,2.757888049151403266e+03,2.476985183387992492e+03,2.736097953050851174e+03,2.322045864998226534e+03,2.322328559305175077e+03,2.706315257934306828e+03,2.556965146085989545e+03
1.330059877258766399e+00,2.781472642791301496e+03,2.757886308643179291e+03,2.476806785932245930e+03,2.737527329358042152e+03,2.322045864569246987e+03,2.322293043591224432e+03,2.700886246019332702e+03,2.568754371010755222e+03
1.331390602387644284e+00,2.795463426984345915e+03,2.757884574907903243e+03,2.476640557979927962e+03,2.754675464181066673e+03,2.322045864487063227e+03,2.322279107536014635e+03,2.757159656293310036e+03,2.560463992715286622e+03
1.332722658907238511e+00,2.785148126687868626e+03,2.757882847919915093e+03,2.476484327520929128e+03,2.749806604244665323e+03,2.322045864490195527e+03,2.322296633328560802e+03,2.732983561090351941e+03,2.563968697074859392e+03
1.334056048149601548e+00,2.787760140852714358e+03,2.757881127653641670e+03,2.476335213615747307e+03,2.759677789121377373e+03,2.322045864348569467e+03,2.322319023149288114e+03,2.716627412451728105e+03,2.562908741486030522e+03
1.335390771448121905e+00,2.782975987543910378e+03,2.757879414083603933e+03,2.476195879348012113e+03,2.754641524582928923e+03,2.322045864170314871e+03,2.322306871516683714e+03,2.709908550455645127e+03,2.558888476979862389e+03
1.336726830137523692e+00,2.787153672620476755e+03,2.757877707184411520e+03,2.476063635029121542e+03,2.762984601718874728e+03,2.322045864139176047e+03,2.322267184777154398e+03,2.713543403965847574e+03,2.552953803514110405e+03
1.338064225553867059e+00,2.786699280715118221e+03,2.757876006930772746e+03,2.475940524371002994e+03,2.764396177774427542e+03,2.322045864171244830e+03,2.322259536678860513e+03,2.709581068641533420e+03,2.560710938400044142e+03
1.339402959034549534e+00,2.783863865606766922e+03,2.757874313297475055e+03,2.475820570176012552e+03,2.757214251286792205e+03,2.322045864134324802e+03,2.322236991832560761e+03,2.711076538453554804e+03,2.550467360925053526e+03
1.340743031918303130e+00,2.788373676604468073e+03,2.757872626259400022e+03,2.475711706516994582e+03,2.767902128481183809e+03,2.322045864101637562e+03,2.322213112022844143e+03,2.711705057531231887e+03,2.553866437989724091e+03
1.342084445545197235e+00,2.784780481835598493e+03,2.757870945791526083e+03,2.475605025601300440e+03,2.765342878481568732e+03,2.322045864083846936e+03,2.322225408821823294e+03,2.719149809953123167e+03,2.551288989123861029e+03
1.343427201256649717e+00,2.792942433982830607e+03,2.757869271868915803e+03,2.475504423571097959e+03,2.779030401817211441e+03,2.322045864045191138e+03,2.322233560743806265e+03,2.716023162208709891e+03,2.546237677235090359e+03
1.344771300395417146e+00,2.794063999207965480e+03,2.757867604466719968e+03,2.475415181248858971e+03,2.779473857019725074e+03,2.322045864047653595e+03,2.322236386636114730e+03,2.720300985552926704e+03,2.549185183408226294e+03
1.346116744305594581e+00,2.793298782343984840e+03,2.757865943560181677e+03,2.475329477527301151e+03,2.777952663014539212e+03,2.322045864043966503e+03,2.322235289851041216e+03,2.727256397144172752e+03,2.545048048950390239e+03
1.347463534332628443e+00,2.804036069890493764e+03,2.757864289124630886e+03,2.475258264418863291e+03,2.794771258572507577e+03,2.322045864049877309e+03,2.322256505491213829e+03,2.726312352381250548e+03,2.540411993601928316e+03
1.348811671823311853e+00,2.794918842235000284e+03,2.757862641135488047e+03,2.475185481289095151e+03,2.781202256361995751e+03,2.322045864045569488e+03,2.322239396981877235e+03,2.728443718592043297e+03,2.539570175899474634e+03
1.350161158125778860e+00,2.805654541268344474e+03,2.757860999568259103e+03,2.475124834275053217e+03,2.794661259090569729e+03,2.322045863998470850e+03,2.322227247992735556e+03,2.733020065714873908e+03,2.538719632734728748e+03
1.351511994589517540e+00,2.803748354316201130e+03,2.757859364398541402e+03,2.475074619459976930e+03,2.792938787906502057e+03,2.322045863996046137e+03,2.322202450731883800e+03,2.734572892599959687e+03,2.535981175652942966e+03
1.352864182565362672e+00,2.805823070021418971e+03,2.757857735602019147e+03,2.475031502119798915e+03,2.795205941488368353e+03,2.322045863980943523e+03,2.322193354761073351e+03,2.739569244915411218e+03,2.537238901117237674e+03
1.354217723405502394e+00,2.821238005732855981e+03,2.757856113154460672e+03,2.475002447640581977e+03,2.816584621200464881e+03,2.322045863975265547e+03,2.322206222602201251e+03,2.732649337603852018e+03,2.530854431745963211e+03
1.355572618463477541e+00,2.813941398871389993e+03,2.757854497031728442e+03,2.474976867143477648e+03,2.806702480006349560e+03,2.322045863968634876e+03,2.322217621449588478e+03,2.736788068499905421e+03,2.534421112273554172e+03
1.356928869094182089e+00,2.809916204997784007e+03,2.757852887209763594e+03,2.474966942042426126e+03,2.800412018935443484e+03,2.322045863967579862e+03,2.322218628247110701e+03,2.743999622252578774e+03,2.527642067297504582e+03
1.358286476653869368e+00,2.823179748526441472e+03,2.757851283664603670e+03,2.474960801462048039e+03,2.814687032578702201e+03,2.322045863970947721e+03,2.322205828284413656e+03,2.769124778412068281e+03,2.526729617987284200e+03
1.359645442500144963e+00,2.821733839628228452e+03,2.757849686372362157e+03,2.474963861438959157e+03,2.812015281922767826e+03,2.322045863960260249e+03,2.322190855071330134e+03,2.774194375283762383e+03,2.527798196225211541e+03
1.361005767991978477e+00,2.817914311570328209e+03,2.757848095309248947e+03,2.474981931153191908e+03,2.809943037049082704e+03,2.322045863958499467e+03,2.322181206036601907e+03,2.766677331256580601e+03,2.525889069411136916e+03
1.362367454489693541e+00,2.828676510413171854e+03,2.757846510451550330e+03,2.475007645917199170e+03,2.823665396460410648e+03,2.322045863958080190e+03,2.322176662930930434e+03,2.767098768595056754e+03,2.521462641963827991e+03
1.363730503354976031e+00,2.811285266857765237e+03,2.757844931775642635e+03,2.475042051307756992e+03,2.801293481735837304e+03,2.322045863950339026e+03,2.322178566835034871e+03,2.750144906091610665e+03,2.516318917599027827e+03
1.365094915950876286e+00,2.821083529180325058e+03,2.757843359257992233e+03,2.475083653599536319e+03,2.816556047734768526e+03,2.322045863962688145e+03,2.322171547407174785e+03,2.736307601803950092e+03,2.521551856697777112e+03
1.366460693641805779e+00,2.802368203008334149e+03,2.757841792875140072e+03,2.475132490563311421e+03,2.789112012694270561e+03,2.322045863949523209e+03,2.322165862666093744e+03,2.742524148701016657e+03,2.511035405515230195e+03
1.367827837793543999e+00,2.814960270550832320e+03,2.757840232603720779e+03,2.475186386377312829e+03,2.808291887736176250e+03,2.322045863954871493e+03,2.322156334390383108e+03,2.743260326492273180e+03,2.508957331283452731e+03
1.369196349773233123e+00,2.805097559297073076e+03,2.757838678420450833e+03,2.475249931012846446e+03,2.794650962817911477e+03,2.322045863952016589e+03,2.322150568356625172e+03,2.737585064765600691e+03,2.511779136336620923e+03
1.370566230949384678e+00,2.816916309215297588e+03,2.757837130302129935e+03,2.475313572994415154e+03,2.809642276692894029e+03,2.322045863945560541e+03,2.322142087387654556e+03,2.756087058381630868e+03,2.505722456567312747e+03
1.371937482691882648e+00,2.814383391302158998e+03,2.757835588225640095e+03,2.475379392204215037e+03,2.804200794306415901e+03,2.322045863947503221e+03,2.322136363398939920e+03,2.760400677250118406e+03,2.503814535674169747e+03
1.373310106371978812e+00,2.816578020542075592e+03,2.757834052167953359e+03,2.475448466607096179e+03,2.805930065234722861e+03,2.322045863944978464e+03,2.322126614051315300e+03,2.767374118261471722e+03,2.503605192266022641e+03
1.374684103362296073e+00,2.814793151064639005e+03,2.757832522106117267e+03,2.475516156190956281e+03,2.802749654993371223e+03,2.322045863944907978e+03,2.322123799770619826e+03,2.765262992989365557e+03,2.499563073917576276e+03
1.376059475036832014e+00,2.809563157874727040e+03,2.757830998017270304e+03,2.475582006377373546e+03,2.793037467160080723e+03,2.322045863945052133e+03,2.322119151730464637e+03,2.765955055194765464e+03,2.502877950665881599e+03
1.377436222770957119e+00,2.809431422985108838e+03,2.757829479878625534e+03,2.475649298225851908e+03,2.793981415629448747e+03,2.322045863944796110e+03,2.322117477709003651e+03,2.768142136616448624e+03,2.496891356743977667e+03
1.378814347941416329e+00,2.820473891762726907e+03,2.757827967667488338e+03,2.475721895439607579e+03,2.806310763496687287e+03,2.322045863943849326e+03,2.322111839823698574e+03,2.774994540241737923e+03,2.496610665814729145e+03
1.380193851926337034e+00,2.820135561700218659e+03,2.757826461361239126e+03,2.475788617830427484e+03,2.806870819208973444e+03,2.322045863943820223e+03,2.322107762351295605e+03,2.773014798253439039e+03,2.496072777564575517e+03
1.381574736105227075e+00,2.811891004459404030e+03,2.757824960937340165e+03,2.475855241716590626e+03,2.793425588710331795e+03,2.322045863943350014e+03,2.322102285228745586e+03,2.775996237329387441e+03,2.493601407473476229e+03
1.382957001858968082e+00,2.839160405862764947e+03,2.757823466373342399e+03,2.475923340797482069e+03,2.833702920941489083e+03,2.322045863942466440e+03,2.322095650623089114e+03,2.771429166606458693e+03,2.493670107694405942e+03
1.384340650569826137e+00,2.816682991718151698e+03,2.757821977646872256e+03,2.475986283745482979e+03,2.801545914600683773e+03,2.322045863944198118e+03,2.322090441075312356e+03,2.776473649776607090e+03,2.493733891742678679e+03
1.385725683621452875e+00,2.820808040731050369e+03,2.757820494735636657e+03,2.476053620480312929e+03,2.810102654297602385e+03,2.322045863942373217e+03,2.322086952318460590e+03,2.777236930068135280e+03,2.489898735158692944e+03
1.387112102398877056e+00,2.804331236420986897e+03,2.757819017617430745e+03,2.476118271315334368e+03,2.782527548018491871e+03,2.322045863943038967e+03,2.322085211593683653e+03,2.776675887231047909e+03,2.487531938901604917e+03
1.388499908288514106e+00,2.817114754127989272e+03,2.757817546270122875e+03,2.476181286842958343e+03,2.807910784225160114e+03,2.322045863942742926e+03,2.322082810212255936e+03,2.767040025728170349e+03,2.493009606600114239e+03
1.389889102678176336e+00,2.803489598008032772e+03,2.757816080671666441e+03,2.476248667340001248e+03,2.782876045167830853e+03,2.322045863941899370e+03,2.322081576915649293e+03,2.772016903337766962e+03,2.485024645066516769e+03
1.391279686957058948e+00,2.808194260732089333e+03,2.757814620800093508e+03,2.476311837571177421e+03,2.793276186946597136e+03,2.322045863942094456e+03,2.322079788716240273e+03,2.768994820771136801e+03,2.490107707224786282e+03
1.392671662515744480e+00,2.818930978562224027e+03,2.757813166633515721e+03,2.476373018195861277e+03,2.805901533759280028e+03,2.322045863941832977e+03,2.322078350524145662e+03,2.774405155361931520e+03,2.487349984365154342e+03
1.394065030746209688e+00,2.810726495614727355e+03,2.757811718150126126e+03,2.476446631757721207e+03,2.792791333943436712e+03,2.322045863941802963e+03,2.322075216377298602e+03,2.777041631417410827e+03,2.488633049847253005e+03
1.395459793041823549e+00,2.819437309373980952e+03,2.757810275328193711e+03,2.476516651488634579e+03,2.806842619550789550e+03,2.322045863941766584e+03,2.322072325483858094e+03,2.778093966274990180e+03,2.487109741448760815e+03
1.396855950797346368e+00,2.820298741274618351e+03,2.757808838146072048e+03,2.476587121044336527e+03,2.807690113092054162e+03,2.322045863941787047e+03,2.322070193375695453e+03,2.778826110762624921e+03,2.488233576278661985e+03
1.398253505408935560e+00,2.810324457978104419e+03,2.757807406582190652e+03,2.476668111583972404e+03,2.786632201519817045e+03,2.322045863941680636e+03,2.322067811520284067e+03,2.788474585183583258e+03,2.488223338771919316e+03
1.399652458274146971e+00,2.811209080551106581e+03,2.757805980615055432e+03,2.476756865509815270e+03,2.795857056981697042e+03,2.322045863941584685e+03,2.322066254252149065e+03,2.774687511969514617e+03,2.489250593200886215e+03
1.401052810791931336e+00,2.830146973414294280e+03,2.757804560223256885e+03,2.476848071169652940e+03,2.822365745845099809e+03,2.322045863941577409e+03,2.322066662085761891e+03,2.780023619507471722e+03,2.502622079324657079e+03
1.402454564362640488e+00,2.804934881536015382e+03,2.757803145385460994e+03,2.476947171158191850e+03,2.785475486666251982e+03,2.322045863941516473e+03,2.322066282197241890e+03,2.767631164827946577e+03,2.498578938771017874e+03
1.403857720388033359e+00,2.812960119301687428e+03,2.757801736080405135e+03,2.477053823880439722e+03,2.796061419697245128e+03,2.322045863941687003e+03,2.322064788764251261e+03,2.769580950925831985e+03,2.501333886292681655e+03
1.405262280271267539e+00,2.817416661558661872e+03,2.757800332286915818e+03,2.477167368430847091e+03,2.805995023427511569e+03,2.322045863941459629e+03,2.322063115237899183e+03,2.764240246839122847e+03,2.504296140486648255e+03
1.406668245416895724e+00,2.813692291786405349e+03,2.757798933983887309e+03,2.477288795667225259e+03,2.800314530046324307e+03,2.322045863941514199e+03,2.322062131270182817e+03,2.767440984516151275e+03,2.511416482364960757e+03
1.408075617230885479e+00,2.802981058675883560e+03,2.757797541150296183e+03,2.477420251176033162e+03,2.787638847364723460e+03,2.322045863941453263e+03,2.322060885256124948e+03,2.764633893679557787e+03,2.513832672473864022e+03
1.409484397120611021e+00,2.821302965902081269e+03,2.757796153765198142e+03,2.477558655305208049e+03,2.814606724549877526e+03,2.322045863941427342e+03,2.322060784033667005e+03,2.762904553642789324e+03,2.518026221567282391e+03
1.410894586494849667e+00,2.806467004508394893e+03,2.757794771807717552e+03,2.477709471217377086e+03,2.793374863875124447e+03,2.322045863941436892e+03,2.322059672345230865e+03,2.754252718419876146e+03,2.525645040030193741e+03
1.412306186763792493e+00,2.808067370569317518e+03,2.757793395257064276e+03,2.477866877712976475e+03,2.795057146674059823e+03,2.322045863941390962e+03,2.322058416609905180e+03,2.753107174044389467e+03,2.526581236275934316e+03
1.413719199339038557e+00,2.809049147125254422e+03,2.757792024092515021e+03,2.478034339464435106e+03,2.798096572855207796e+03,2.322045863941363677e+03,2.322058076767166312e+03,2.753211125885220554e+03,2.540358330573459170e+03
1.415133625633601788e+00,2.817840199526045581e+03,2.757790658293433353e+03,2.478209639666743442e+03,2.809386383168689918e+03,2.322045863941379594e+03,2.322057729102337362e+03,2.750785933665725224e+03,2.536706507317004252e+03
1.416549467061908762e+00,2.801310904490066150e+03,2.757789297839248320e+03,2.478390826278081022e+03,2.786162041231049443e+03,2.322045863941370044e+03,2.322057118161432300e+03,2.751408658385407762e+03,2.542643064900269565e+03
1.417966725039801812e+00,2.801541129844704301e+03,2.757787942709469917e+03,2.478582038212851330e+03,2.788374872086937103e+03,2.322045863941360494e+03,2.322056026962306078e+03,2.753766547727996112e+03,2.552211030162842690e+03
1.419385400984538803e+00,2.821326728658132197e+03,2.757786592883684079e+03,2.478784620137404090e+03,2.816194235614875652e+03,2.322045863941334574e+03,2.322055576125641437e+03,2.747105112970140908e+03,2.552695706064065689e+03
1.420805496314794913e+00,2.804878466878004019e+03,2.757785248341542683e+03,2.478989729605048979e+03,2.791689880516029007e+03,2.322045863941350945e+03,2.322055004538872254e+03,2.752656244522768702e+03,2.564006087754838063e+03
1.422227012450665296e+00,2.807714045908974185e+03,2.757783909062789917e+03,2.479205923254058234e+03,2.796744077371155981e+03,2.322045863941349126e+03,2.322055148603877569e+03,2.748165698053527194e+03,2.567265134095957819e+03
1.423649950813663079e+00,2.813223800109771219e+03,2.757782575027225448e+03,2.479432313532701301e+03,2.805147377994383078e+03,2.322045863941335028e+03,2.322079627495683781e+03,2.747713349326898424e+03,2.569703584558691091e+03
1.425074312826731138e+00,2.802629627107611213e+03,2.757781246214734892e+03,2.479661490157520348e+03,2.790407467525963057e+03,2.322045863941355947e+03,2.322069460664655253e+03,2.741824424340201858e+03,2.574299630169882221e+03
1.426500099914232100e+00,2.799332880623316669e+03,2.757779922605274351e+03,2.479897819976183655e+03,2.788445129618464762e+03,2.322045863941328207e+03,2.322083633280520189e+03,2.738032267081006921e+03,2.567539482604384830e+03
1.427927313501949902e+00,2.810374002835332703e+03,2.757778604178872229e+03,2.480141469487835820e+03,2.801734310782703687e+03,2.322045863941334119e+03,2.322123733768797138e+03,2.741757508196821618e+03,2.580115702549844173e+03
1.429355955017101554e+00,2.804008009378307634e+03,2.757777290915633785e+03,2.480392176904931603e+03,2.793744799270951717e+03,2.322045863941334574e+03,2.322297483435992945e+03,2.731781301919182624e+03,2.571588274534331049e+03
1.430786025888328483e+00,2.787949924563548393e+03,2.757775982795734762e+03,2.480653611608394385e+03,2.764093517890740259e+03,2.322045863941325479e+03,2.355140472570971724e+03,2.734492847411613184e+03,2.587113567877079277e+03
1.432217527545700753e+00,2.811723382897936062e+03,2.757774679799422756e+03,2.480919837149002433e+03,2.805987439761516271e+03,2.322045863941316838e+03,2.344248235322735127e+03,2.725990333761819784e+03,2.568683321427011833e+03
1.433650461420720168e+00,2.804041885100494255e+03,2.757773381907021303e+03,2.481188383408091340e+03,2.796116032980107320e+03,2.322045863941323205e+03,2.327263152051522411e+03,2.725069394414384078e+03,2.587218865634852591e+03
1.435084828946318725e+00,2.801541794304334417e+03,2.757772089098928063e+03,2.481467470551358019e+03,2.790814579985163618e+03,2.322045863941318203e+03,2.326199215470619492e+03,2.721085877231276754e+03,2.577022586857214264e+03
1.436520631556862604e+00,2.796710722784613608e+03,2.757770801355605727e+03,2.481749906202980128e+03,2.784017521787233818e+03,2.322045863941316384e+03,2.329279946790049053e+03,2.718783060652047425e+03,2.582614615091531050e+03
1.437957870688159057e+00,2.801817411449175779e+03,2.757769518657595199e+03,2.482039359986240015e+03,2.791680678395567156e+03,2.322045863941314565e+03,2.339749810645957496e+03,2.716981159579369432e+03,2.580235241372017754e+03
1.439396547777445301e+00,2.801863598429589729e+03,2.757768240985506054e+03,2.482335261640690078e+03,2.790590055036263038e+03,2.322045863941315929e+03,2.356884707961118693e+03,2.718403758200178800e+03,2.586083223618336433e+03
1.440836664263399403e+00,2.794919268883704717e+03,2.757766968320021078e+03,2.482634577232575339e+03,2.780614079049666998e+03,2.322045863941315929e+03,2.336888059666616300e+03,2.719074052532477708e+03,2.579052068010119456e+03
1.442278221586138942e+00,2.796278253718143333e+03,2.757765700641894000e+03,2.482940593100202477e+03,2.784982874365421139e+03,2.322045863941314565e+03,2.330637129438553075e+03,2.718736856290524884e+03,2.587750181621600404e+03
1.443721221187219905e+00,2.792961950007181258e+03,2.757764437931949487e+03,2.483257193535173883e+03,2.777654381035451934e+03,2.322045863941313200e+03,2.335476820958878761e+03,2.709993248806398242e+03,2.570816086698767776e+03
1.445165664509644676e+00,2.809011879210679126e+03,2.757763180171081785e+03,2.483575558887426268e+03,2.803922158835653136e+03,2.322045863941316384e+03,2.342875163898246683e+03,2.704180587733872926e+03,2.589404134323143808e+03
1.446611552997854711e+00,2.794426610728826290e+03,2.757761927340258353e+03,2.483897436406087309e+03,2.782450323164633573e+03,2.322045863941312291e+03,2.354923686602640373e+03,2.710051014563691751e+03,2.581833330559132264e+03
1.448058888097737640e+00,2.787593875681676764e+03,2.757760679420511678e+03,2.484229972009565245e+03,2.770689233953997245e+03,2.322045863941313200e+03,2.339410299870237850e+03,2.700332616111698371e+03,2.589150685241034807e+03
1.449507671256628161e+00,2.786042596610413057e+03,2.757759436392952921e+03,2.484564591124664730e+03,2.767643352096190938e+03,2.322045863941313200e+03,2.332876257460259239e+03,2.701754794456388026e+03,2.588496022216525944e+03
1.450957903923310921e+00,2.803663741874567677e+03,2.757758198238754176e+03,2.484905107122763638e+03,2.794082382228838924e+03,2.322045863941311381e+03,2.333165263001203584e+03,2.699922716829575620e+03,2.590945328490850443e+03
1.452409587548017855e+00,2.784924749083962070e+03,2.757756964939164845e+03,2.485251358450208500e+03,2.762806406954862268e+03,2.322045863941311836e+03,2.342043713469350223e+03,2.698477173663831763e+03,2.597833790998611221e+03
1.453862723582431293e+00,2.790965465320491603e+03,2.757755736475495723e+03,2.485601581996502318e+03,2.775562508346001323e+03,2.322045863941311836e+03,2.343711797648298216e+03,2.697514665580888504e+03,2.601767549944495386e+03
1.455317313479687957e+00,2.784896371448474838e+03,2.757754512829134455e+03,2.485960041789605384e+03,2.764096986010573801e+03,2.322045863941311381e+03,2.338805931767456059e+03,2.692923485452479781e+03,2.614751242878530320e+03
1.456773358694377851e+00,2.784631562571977611e+03,2.757753293981533261e+03,2.486320062674227302e+03,2.766250141333363899e+03,2.322045863941311381e+03,2.332985821878079605e+03,2.690681677247394873e+03,2.617310012825660124e+03
1.458230860682547148e+00,2.781510968751232667e+03,2.757752079914213482e+03,2.486685443593618857e+03,2.756140893342358595e+03,2.322045863941311381e+03,2.332685058191452299e+03,2.687771535464858971e+03,2.626594155669952215e+03
1.459689820901702628e+00,2.783702910410391723e+03,2.757750870608766945e+03,2.487056545527173057e+03,2.762209654248227707e+03,2.322045863941311381e+03,2.335271313017801731e+03,2.684479923965351645e+03,2.635604918773089139e+03
1.461150240810803247e+00,2.788174993621109024e+03,2.757749666046845959e+03,2.487432832208367017e+03,2.770655212973746075e+03,2.322045863941310017e+03,2.335070535268131152e+03,2.685894320483743741e+03,2.641055799624717565e+03
1.462612121870266346e+00,2.789279932826629647e+03,2.757748466210187871e+03,2.487812318933634288e+03,2.773504848128897720e+03,2.322045863941310017e+03,2.337026686143620282e+03,2.679220961265378264e+03,2.648555358253085615e+03
1.464075465541970766e+00,2.779905913461955606e+03,2.757747271080576411e+03,2.488195468033392899e+03,2.756277308086749599e+03,2.322045863941310017e+03,2.330683695891092157e+03,2.682846045916845469e+03,2.657680967044102999e+03
1.465540273289261286e+00,2.784451189348154003e+03,2.757746080639877164e+03,2.488582222582053873e+03,2.762378677777476696e+03,2.322045863941310017e+03,2.330616626252266087e+03,2.683543397070378433e+03,2.661824643735152222e+03
1.467006546576947734e+00,2.785435254781625190e+03,2.757744894870022108e+03,2.488970299265706672e+03,2.763044782038878566e+03,2.322045863941310472e+03,2.330032120558822498e+03,2.676154667238383354e+03,2.666105530380149958e+03
1.468474286871301882e+00,2.788906223322607730e+03,2.757743713753005068e+03,2.489365798323457511e+03,2.773664259833174128e+03,2.322045863941310017e+03,2.331499992857799498e+03,2.672710398908796833e+03,2.669084909354991396e+03
1.469943495640066322e+00,2.786567341556391966e+03,2.757742537270886260e+03,2.489761969052149198e+03,2.769978254654202374e+03,2.322045863941310017e+03,2.330895599629824119e+03,2.665038609283481492e+03,2.673448877706063740e+03
1.471414174352450921e+00,2.788871744067186683e+03,2.757741365405800025e+03,2.490164478712505115e+03,2.772240269989365515e+03,2.322045863941310017e+03,2.328791644828000699e+03,2.670547035073016559e+03,2.689539362740626984e+03
1.472886324479134812e+00,2.783967982412436868e+03,2.757740198139938457e+03,2.490567307613634512e+03,2.758433066749591035e+03,2.322045863941310017e+03,2.327483142081716778e+03,2.674683510125306384e+03,2.695646070850737487e+03
1.474359947492264622e+00,2.783462583582896968e+03,2.757739035455564590e+03,2.490974049493474922e+03,2.759889861064702473e+03,2.322045863941310017e+03,2.327429382927272854e+03,2.668958955790818891e+03,2.685408672751619633e+03
1.475835044865461132e+00,2.784844569956459964e+03,2.757737877335007852e+03,2.491379822903732020e+03,2.764400990106349127e+03,2.322045863941310017e+03,2.327370643133082922e+03,2.661686513672529145e+03,2.684300880157654319e+03
1.477311618073823940e+00,2.788124966965535350e+03,2.757736723760659515e+03,2.491791209054866158e+03,2.771436086246829291e+03,2.322045863941310017e+03,2.327257080654886067e+03,2.653670396084332424e+03,2.688388681636973615e+03
1.478789668593927908e+00,2.782068319479532875e+03,2.757735574714980430e+03,2.492206899067733048e+03,2.753373952845832719e+03,2.322045863941310017e+03,2.326734919963808807e+03,2.653364232408571752e+03,2.683135463499305843e+03
1.480269197903824274e+00,2.786811364331396362e+03,2.757734430180494655e+03,2.492622750345833992e+03,2.771006521032659293e+03,2.322045863941310017e+03,2.325477937974017095e+03,2.652230487277094653e+03,2.684612274221056396e+03
1.481750207483043758e+00,2.783818535460601197e+03,2.757733290139792189e+03,2.493040862724588351e+03,2.760344085747554345e+03,2.322045863941310017e+03,2.325455210354831706e+03,2.647603796074413822e+03,2.684908930931921077e+03
1.483232698812595007e+00,2.782203458496854637e+03,2.757732154575525328e+03,2.493460606743211883e+03,2.758727440199003922e+03,2.322045863941310017e+03,2.325279466779405084e+03,2.646661819821681547e+03,2.680493833592227929e+03
1.484716673374970375e+00,2.784748748319632341e+03,2.757731023470415948e+03,2.493886746729433526e+03,2.763642083084429487e+03,2.322045863941310017e+03,2.325280885821401625e+03,2.641518505011819343e+03,2.675347831959876657e+03
1.486202132654143915e+00,2.786007169109270308e+03,2.757729896807243676e+03,2.494310625739209172e+03,2.764840703061715431e+03,2.322045863941310017e+03,2.324838624276022074e+03,2.635825122170419490e+03,2.675832549010413913e+03
1.487689078135571830e+00,2.788568728316678062e+03,2.757728774568859080e+03,2.494740324887120551e+03,2.764945617833377128e+03,2.322045863941310017e+03,2.324313849722861960e+03,2.634904404355610950e+03,2.690615138232248228e+03
1.489177511306200907e+00,2.782296364532867756e+03,2.757727656738170936e+03,2.495169751161597105e+03,2.759902822839399505e+03,2.322045863941310017e+03,2.323975184285448904e+03,2.633727039874583625e+03,2.672272584206575630e+03
1.490667433654462082e+00,2.774340883983901676e+03,2.757726543298155775e+03,2.495602065846512232e+03,2.742241598676768717e+03,2.322045863941310017e+03,2.323881283730912855e+03,2.626978391868437484e+03,2.670899275248724280e+03
1.492158846670277539e+00,2.786598601382860124e+03,2.757725434231850613e+03,2.496036343804121316e+03,2.767470050050653299e+03,2.322045863941310017e+03,2.323940642807222503e+03,2.631891944376237916e+03,2.682554851646082625e+03
1.493651751845064712e+00,2.780948645318740091e+03,2.757724329522358858e+03,2.496471776152613984e+03,2.755568025987300643e+03,2.322045863941310017e+03,2.323773113996358006e+03,2.622168537069675949e+03,2.678279219536175788e+03
1.495146150671731844e+00,2.777808511211694167e+03,2.757723229152845761e+03,2.496912827916315564e+03,2.746312687975769222e+03,2.322045863941310017e+03,2.323566672711514911e+03,2.621334989986416986e+03,2.685281798590959625e+03
1.496642044644675762e+00,2.779497130788310187e+03,2.757722133106534784e+03,2.497353212866587910e+03,2.748725663107990385e+03,2.322045863941310017e+03,2.323303651287860703e+03,2.616243303081149406e+03,2.688650946464498702e+03
1.498139435259789209e+00,2.776107126511827119e+03,2.757721041366719874e+03,2.497798342994482482e+03,2.746118306196357480e+03,2.322045863941310017e+03,2.323310998915836080e+03,2.612113475768037006e+03,2.669132312087416722e+03
1.499638324014463953e+00,2.774925757499097472e+03,2.757719953916753184e+03,2.498242754625726320e+03,2.742635559685126736e+03,2.322045863941310017e+03,2.323258383464483359e+03,2.610501433949780676e+03,2.674923019396758264e+03
1.501138712407587894e+00,2.777267364085148984e+03,2.757718870740048260e+03,2.498691568081706009e+03,2.749246014563403605e+03,2.322045863941310017e+03,2.323149846943648754e+03,2.611261420734290368e+03,2.674280431660272825e+03
1.502640601939549292e+00,2.775210195553997892e+03,2.757717791820081857e+03,2.499140018069436337e+03,2.743257707538043633e+03,2.322045863941310017e+03,2.323018894045907473e+03,2.611724785446300757e+03,2.675194720248076919e+03
1.504143994112236538e+00,2.781067723333948379e+03,2.757716717140393030e+03,2.499592148500036728e+03,2.754612912052275078e+03,2.322045863941310017e+03,2.322852763054819206e+03,2.606632903971601081e+03,2.679607680855513991e+03
1.505648890429041709e+00,2.775397465879684660e+03,2.757715646684584954e+03,2.500045792233073826e+03,2.745338396814558109e+03,2.322045863941310017e+03,2.322804961861149877e+03,2.607312361696862354e+03,2.682347902425735356e+03
1.507155292394863011e+00,2.775803815054805909e+03,2.757714580436313554e+03,2.500504089178462436e+03,2.744221290504067383e+03,2.322045863941310017e+03,2.322818480639998143e+03,2.602794369000407642e+03,2.692116078224053581e+03
1.508663201516102337e+00,2.777438846538510006e+03,2.757713518379303878e+03,2.500960326341970358e+03,2.741109622645130003e+03,2.322045863941310017e+03,2.322822686657853865e+03,2.602129080559383965e+03,2.692551683737653548e+03
1.510172619300667263e+00,2.774004879028139840e+03,2.757712460497339180e+03,2.501420167173352638e+03,2.733509400183631442e+03,2.322045863941310017e+03,2.322836823550368081e+03,2.595869689655965431e+03,2.696785063355357124e+03
1.511683547257977489e+00,2.776064112150871097e+03,2.757711406774263196e+03,2.501879749604071094e+03,2.732429182042042612e+03,2.322045863941310017e+03,2.322971463318961014e+03,2.593379537344299479e+03,2.706702882862093702e+03
1.513195986898960177e+00,2.777761935320126668e+03,2.757710357193981508e+03,2.502343493606495485e+03,2.746771883393256303e+03,2.322045863941310017e+03,2.323014365230152180e+03,2.592499093941950832e+03,2.695659903796744857e+03
1.514709939736056166e+00,2.773766012635435800e+03,2.757709311740458816e+03,2.502805509882184651e+03,2.724500305977686821e+03,2.322045863941310017e+03,2.323192627185956098e+03,2.589322359142609002e+03,2.699594303824241251e+03
1.516225407283221971e+00,2.774129316552318869e+03,2.757708270397716205e+03,2.503271907109446602e+03,2.722883197787961763e+03,2.322045863941310017e+03,2.323382141989894080e+03,2.584423670423491330e+03,2.701979766869460491e+03
1.517742391055919793e+00,2.775445306993894974e+03,2.757707233149845251e+03,2.503738041969017559e+03,2.737346593362411568e+03,2.322045863941310017e+03,2.323548648400163984e+03,2.582942879528942285e+03,2.699532108313831031e+03
1.519260892571134836e+00,2.774524593796615591e+03,2.757706199980983911e+03,2.504204689574230088e+03,2.734561534640078662e+03,2.322045863941310017e+03,2.323724829031695208e+03,2.584101146638140108e+03,2.688005374548085911e+03
1.520780913347369756e+00,2.770790796900699661e+03,2.757705170875339718e+03,2.504670790332041179e+03,2.726692939172205570e+03,2.322045863941310017e+03,2.323825911496153367e+03,2.579536902712526171e+03,2.693195380440915869e+03
1.522302454904640889e+00,2.771310191905865395e+03,2.757704145817174322e+03,2.505139974394256569e+03,2.731953390454448254e+03,2.322045863941310017e+03,2.323890904664904610e+03,2.575407339741524993e+03,2.679903222076048223e+03
1.523825518764496234e+00,2.771055545873624396e+03,2.757703124790808488e+03,2.505609819696670002e+03,2.718393076041908444e+03,2.322045863941310017e+03,2.323993737802276883e+03,2.575306275820479186e+03,2.689852078206890383e+03
1.525350106449998133e+00,2.772554386948818774e+03,2.757702107780627102e+03,2.506080678695835104e+03,2.731653545596004278e+03,2.322045863941310017e+03,2.323935697524173975e+03,2.572526385934602331e+03,2.686034996467900328e+03
1.526876219485730379e+00,2.770694701012645510e+03,2.757701094771065982e+03,2.506551162108352401e+03,2.729757073107084125e+03,2.322045863941310017e+03,2.323947003895226771e+03,2.569037170035313011e+03,2.682866557285164163e+03
1.528403859397809539e+00,2.768238428484935866e+03,2.757700085746623699e+03,2.507024790068846869e+03,2.712221089288008443e+03,2.322045863941310017e+03,2.323810318706152884e+03,2.568009667317306594e+03,2.686644003815956239e+03
1.529933027713875626e+00,2.772124091936716468e+03,2.757699080691858398e+03,2.507499227105571663e+03,2.732803450895546121e+03,2.322045863941310017e+03,2.323711156678667066e+03,2.568401964566312017e+03,2.675685059930041461e+03
1.531463725963096323e+00,2.767345607312600805e+03,2.757698079591380065e+03,2.507972442856968428e+03,2.721212088280356966e+03,2.322045863941310017e+03,2.323976270101294176e+03,2.566273477240984448e+03,2.670429200923425014e+03
1.532995955676171640e+00,2.768969205272257568e+03,2.757697082429864622e+03,2.508447700240446011e+03,2.717900017937962275e+03,2.322045863941310017e+03,2.324141940328357123e+03,2.566484075676125940e+03,2.681636052387640575e+03
1.534529718385328589e+00,2.767735352548168521e+03,2.757696089192040745e+03,2.508925054028476552e+03,2.712620927446385849e+03,2.322045863941310017e+03,2.323970643591564567e+03,2.575759023559799971e+03,2.678046919604809318e+03
1.536065015624331620e+00,2.767985031664861708e+03,2.757695099862692132e+03,2.509398443070831945e+03,2.714522454563403699e+03,2.322045863941310017e+03,2.323764031333147159e+03,2.576461712211260874e+03,2.679675188386896480e+03
1.537601848928477510e+00,2.767220885165281743e+03,2.757694114426667966e+03,2.509876203835979140e+03,2.716379321285623064e+03,2.322045863941310017e+03,2.323255911621227369e+03,2.573774388501186422e+03,2.666526164470214098e+03
1.539140219834601364e+00,2.768309099078072904e+03,2.757693132868864268e+03,2.510355300695921869e+03,2.709911528006560729e+03,2.322045863941310017e+03,2.323238585861331103e+03,2.567941050177856596e+03,2.677420862485284033e+03
1.540680129881076166e+00,2.766045268643984855e+03,2.757692155174242089e+03,2.510833579691215164e+03,2.705563879523880132e+03,2.322045863941310017e+03,2.323279582367194962e+03,2.569581123752662734e+03,2.670879270452488072e+03
1.542221580607809228e+00,2.766706355507462831e+03,2.757691181327815229e+03,2.511312033868918661e+03,2.713247640743368265e+03,2.322045863941310017e+03,2.323253210122022665e+03,2.566732079021865047e+03,2.662641375428741412e+03
1.543764573556249298e+00,2.767894468177778890e+03,2.757690211314655244e+03,2.511796387577831865e+03,2.719251103933197555e+03,2.322045863941310017e+03,2.323075425549151987e+03,2.567883487348507515e+03,2.674692898202757533e+03
1.545309110269391883e+00,2.764342738629251926e+03,2.757689245119885982e+03,2.512281604585092282e+03,2.701388350823680867e+03,2.322045863941310017e+03,2.323015805527603789e+03,2.573477459832286058e+03,2.655775547560191626e+03
1.546855192291775483e+00,2.764690163975828455e+03,2.757688282728692684e+03,2.512765186803355846e+03,2.695881374032849180e+03,2.322045863941310017e+03,2.322799416277181081e+03,2.571879666454683047e+03,2.666913037857286781e+03
1.548402821169479804e+00,2.764821599568830152e+03,2.757687324126314252e+03,2.513247306733699133e+03,2.697469463340429684e+03,2.322045863941310017e+03,2.322739172051788046e+03,2.570673076363321343e+03,2.669575925626286335e+03
1.549951998450134871e+00,2.764979737103129082e+03,2.757686369298044156e+03,2.513736439886339667e+03,2.701424680989215631e+03,2.322045863941310017e+03,2.322586346269887599e+03,2.568305649881465797e+03,2.662253712546404586e+03
1.551502725682915029e+00,2.765902799805325685e+03,2.757685418229232255e+03,2.514221345020775061e+03,2.715394767566147493e+03,2.322051798517993120e+03,2.322478888443948563e+03,2.579438175806989420e+03,2.654269173387346655e+03
1.553055004418551821e+00,2.763630799024629596e+03,2.757684470905284797e+03,2.514714572599478743e+03,2.690541120905983007e+03,2.322366993841880685e+03,2.322426136115751888e+03,2.587253896072620137e+03,2.661844214494295102e+03
1.554608836209321776e+00,2.763366208597889909e+03,2.757683527311660782e+03,2.515204448555368344e+03,2.692903608029605948e+03,2.323091182500839295e+03,2.322412952846762437e+03,2.584297764330821792e+03,2.653671469283795432e+03
1.556164222609055514e+00,2.764234518572312481e+03,2.757682587433876961e+03,2.515694698467231319e+03,2.700992803386031483e+03,2.325123509089736672e+03,2.322411671496191047e+03,2.588999734057151272e+03,2.652478411664099440e+03
1.557721165173142630e+00,2.762652967245334821e+03,2.757681651257498288e+03,2.516187297676622165e+03,2.698154096476215273e+03,2.387350917049049258e+03,2.322374864977446578e+03,2.582450922540291231e+03,2.652153085422761251e+03
1.559279665458527031e+00,2.762125100983225366e+03,2.757680718768153838e+03,2.516680036421864770e+03,2.687113621968131611e+03,2.472183893964332128e+03,2.322320902766922245e+03,2.589180519421366625e+03,2.643395152606986812e+03
1.560839725023707381e+00,2.762823281886251607e+03,2.757679789951516341e+03,2.517172955283577721e+03,2.691557865057848630e+03,2.446936729863223718e+03,2.322430927775143573e+03,2.594248699301184843e+03,2.639621607131593919e+03
1.562401345428738431e+00,2.763306474051718396e+03,2.757678864793323100e+03,2.517669272311391524e+03,2.694583801150171894e+03,2.435294604233939026e+03,2.323406891661469672e+03,2.595867602586500652e+03,2.644777516864932295e+03
1.563964528235243456e+00,2.762812768079085799e+03,2.757677943279357805e+03,2.518163683528113324e+03,2.691581513644281131e+03,2.411768453305241565e+03,2.326249496989920772e+03,2.596846358518202578e+03,2.633225320520372406e+03
1.565529275006407373e+00,2.761815407873886670e+03,2.757677025395458713e+03,2.518664082450111891e+03,2.693447466783542950e+03,2.404679419800686901e+03,2.330915997097521540e+03,2.591031969153696537e+03,2.635811537676558601e+03
1.567095587306978954e+00,2.761220356607783742e+03,2.757676111127523654e+03,2.519165402261401596e+03,2.679445668675159595e+03,2.390672006163401420e+03,2.335808802763113363e+03,2.592875955075693582e+03,2.626246856896636473e+03
1.568663466703268394e+00,2.761873803465678066e+03,2.757675200461495479e+03,2.519658228995283025e+03,2.683566880642305478e+03,2.384316368096979204e+03,2.338008587715373778e+03,2.594741462334913194e+03,2.629204395543287774e+03
1.570232914763153964e+00,2.760598041385769648e+03,2.757674293383372060e+03,2.520163716157989711e+03,2.676303444603360731e+03,2.373375684809301220e+03,2.337287560893706541e+03,2.596859190501009834e+03,2.622081461826923260e+03
1.571803933056086233e+00,2.761010951610074699e+03,2.757673389879209935e+03,2.520668952711474503e+03,2.687992326312749810e+03,2.363514678621254006e+03,2.333535259499077256e+03,2.596185290500054180e+03,2.619500860227747580e+03
1.573376523153083850e+00,2.760919027565613305e+03,2.757672489935112026e+03,2.521179335068456567e+03,2.682298103340061971e+03,2.348874965825622439e+03,2.330422561736084390e+03,2.596536259794085254e+03,2.625158196753838183e+03
1.574950686626736207e+00,2.759713051875755355e+03,2.757671593537237186e+03,2.521671014771173759e+03,2.668403188599076657e+03,2.332415185030155499e+03,2.329212814934463040e+03,2.597910591033400578e+03,2.610557715367135188e+03
1.576526425051205438e+00,2.760565322676213327e+03,2.757670700671793838e+03,2.522179531350119305e+03,2.675242386753310257e+03,2.340980796180284415e+03,2.331472143636994588e+03,2.601397454706560893e+03,2.612818420946807237e+03
1.578103740002232191e+00,2.761481276285855984e+03,2.757669811325046339e+03,2.522686653314473006e+03,2.679232352164134227e+03,2.416036255759453525e+03,2.336234074165785842e+03,2.602100914298393036e+03,2.617551498193404768e+03
1.579682633057129637e+00,2.760743932034413774e+03,2.757668925483307248e+03,2.523196509634034101e+03,2.671691284825143157e+03,2.413160903150714603e+03,2.336981041710863792e+03,2.602676478350160778e+03,2.607828992921200552e+03
1.581263105794789903e+00,2.759894746449393097e+03,2.757668043132943239e+03,2.523700709891510996e+03,2.675922209160276452e+03,2.414191031950748311e+03,2.336739044231722346e+03,2.608066003860334604e+03,2.604875599503101512e+03
1.582845159795690515e+00,2.760690286979835491e+03,2.757667164260371919e+03,2.524210759350943590e+03,2.674044850369091819e+03,2.394164322469392118e+03,2.334972591198586542e+03,2.611127126044803845e+03,2.608169080157346343e+03
1.584428796641882853e+00,2.759456189872694267e+03,2.757666288852062280e+03,2.524725346411905775e+03,2.668735951637147082e+03,2.391603632994795134e+03,2.333681132945843274e+03,2.613482639202160499e+03,2.598509437742860428e+03
1.586014017917000585e+00,2.759814214132174584e+03,2.757665416894533791e+03,2.525232592528616806e+03,2.666772116648954125e+03,2.398563128198951745e+03,2.332446719795408171e+03,2.618051921159307312e+03,2.603731474791440633e+03
1.587600825206265887e+00,2.760342629816165754e+03,2.757664548374359583e+03,2.525747362238775622e+03,2.665389021720262008e+03,2.377785382634282541e+03,2.331174632546085832e+03,2.620976375089076555e+03,2.596561006476239982e+03
1.589189220096486999e+00,2.759152327762225923e+03,2.757663683278160079e+03,2.526257173521818459e+03,2.659756002079151585e+03,2.371950280034325715e+03,2.330662691221044952e+03,2.629242876419827098e+03,2.594350424891021703e+03
1.590779204176061778e+00,2.760309265468506965e+03,2.757662821592609816e+03,2.526762742432907544e+03,2.671056091204889071e+03,2.370566567945254519e+03,2.330267453587986893e+03,2.631327960928675566e+03,2.592452276761147004e+03
1.592370779034972594e+00,2.760757153530503729e+03,2.757661963304431538e+03,2.527276415635878493e+03,2.671798018056677847e+03,2.363412651134001408e+03,2.329542921829817715e+03,2.639648288662927371e+03,2.590489210587739763e+03
1.593963946264796316e+00,2.760344311665085115e+03,2.757661108400398916e+03,2.527795677542652811e+03,2.664223836453009881e+03,2.370883946484892476e+03,2.328799450351837095e+03,2.642484285434148205e+03,2.590928122228689517e+03
1.595558707458699654e+00,2.760437751516345998e+03,2.757660256867332919e+03,2.528310092913432072e+03,2.659223056068814458e+03,2.356745913544096766e+03,2.329631607386889755e+03,2.649977967862967034e+03,2.588114863051975590e+03
1.597155064211443598e+00,2.760978788292748050e+03,2.757659408692113630e+03,2.528827156443504464e+03,2.667038196880604573e+03,2.357670689391371070e+03,2.331844109534546078e+03,2.657828417562846425e+03,2.583083476870068353e+03
1.598753018119386970e+00,2.759801939196997864e+03,2.757658563861658877e+03,2.529336840353872503e+03,2.660901775303613704e+03,2.378397560108582638e+03,2.332409761183243063e+03,2.663828196430768458e+03,2.584135058153296995e+03
1.600352570780481765e+00,2.759586103379676842e+03,2.757657722362944241e+03,2.529865597000852176e+03,2.644656846752111051e+03,2.386886823959135199e+03,2.331688349605454277e+03,2.672035839178694914e+03,2.584180140822732483e+03
1.601953723794279805e+00,2.760429520796630186e+03,2.757656884182994418e+03,2.530376989000023968e+03,2.654353353103822428e+03,2.371250186074372778e+03,2.330828827144822299e+03,2.676956547797051371e+03,2.578491311695439435e+03
1.603556478761936299e+00,2.760402606014878529e+03,2.757656049308877755e+03,2.530899165054212517e+03,2.655999305154009107e+03,2.372968298775304447e+03,2.331912655226106835e+03,2.688261512820194639e+03,2.578909925915842450e+03
1.605160837286207620e+00,2.760482242103253157e+03,2.757655217727718991e+03,2.531416853077747419e+03,2.656105552703037574e+03,2.364337642736589714e+03,2.331513226165145625e+03,2.691998580550765382e+03,2.578685727064323601e+03
1.606766800971446640e+00,2.761425817045720123e+03,2.757654389426684702e+03,2.531944543780273762e+03,2.646936628639987703e+03,2.364898626888639683e+03,2.332139077985352742e+03,2.701438275556731242e+03,2.579242072036304762e+03
1.608374371423619387e+00,2.762607221663263317e+03,2.757653564392996032e+03,2.532461385133397016e+03,2.658795661919120903e+03,2.364544434715955958e+03,2.333247593578510987e+03,2.703818629551750291e+03,2.577648310177775329e+03
1.609983550250299711e+00,2.762594459881017883e+03,2.757652742613917781e+03,2.532979554295679009e+03,2.651218322587118564e+03,2.365657425772911211e+03,2.333610371758143174e+03,2.707598660804594601e+03,2.583201645593082958e+03
1.611594339060662406e+00,2.764481125764739772e+03,2.757651924076766136e+03,2.533502616712434246e+03,2.647845690842159911e+03,2.352874540696963322e+03,2.333675286897798742e+03,2.718696249530385103e+03,2.576451035728258830e+03
1.613206739465496975e+00,2.764435215015809263e+03,2.757651108768907307e+03,2.534026393823047783e+03,2.655644499383995935e+03,2.349989258339378466e+03,2.333664069608080808e+03,2.719560751945094580e+03,2.573981353193152245e+03
1.614820753077206072e+00,2.768263475823191584e+03,2.757650296677752067e+03,2.534545074776779074e+03,2.646950073331593558e+03,2.347821156339991376e+03,2.334844253104151448e+03,2.733777761324606672e+03,2.580659149601472564e+03
1.616436381509801290e+00,2.766125578167217100e+03,2.757649487790758030e+03,2.535062392316551268e+03,2.651595399170692872e+03,2.339096447815897136e+03,2.335164705658196908e+03,2.723225531625480926e+03,2.576218432551524984e+03
1.618053626378912035e+00,2.769773217504466629e+03,2.757648682095435561e+03,2.535583991460227026e+03,2.643886160849207045e+03,2.345288948846780386e+03,2.334624429504674481e+03,2.736828456451438797e+03,2.579641095578620025e+03
1.619672489301787088e+00,2.772617570611748306e+03,2.757647879579337314e+03,2.536106041561440634e+03,2.651439948551273574e+03,2.349939216682169445e+03,2.332671215265610499e+03,2.744747051899192229e+03,2.581127115613131991e+03
1.621292971897286828e+00,2.773557885325361440e+03,2.757647080230067786e+03,2.536625626688701686e+03,2.652767812887854234e+03,2.348855836941337202e+03,2.333536318389231838e+03,2.745947175831100139e+03,2.576626001803132112e+03
1.622915075785891670e+00,2.775530119792556889e+03,2.757646284035275130e+03,2.537142516115909984e+03,2.627334725757714750e+03,2.350254135488326028e+03,2.333702859591126071e+03,2.751264248312480959e+03,2.584959027776882522e+03
1.624538802589706732e+00,2.771683312793820278e+03,2.757645490982655247e+03,2.537663744853366552e+03,2.646284470238887025e+03,2.342330537873483081e+03,2.333935152908957207e+03,2.742767812129886352e+03,2.583985291087318728e+03
1.626164153932459167e+00,2.778692791012224916e+03,2.757644701059950876e+03,2.538184876462746615e+03,2.642065232610053044e+03,2.341831683529564089e+03,2.332700632312962625e+03,2.758076544373591787e+03,2.576472040343456229e+03
1.627791131439499717e+00,2.783616648460723354e+03,2.757643914254952961e+03,2.538703234430107841e+03,2.634118428775944722e+03,2.337091848419952385e+03,2.332465780687820370e+03,2.765681687050269375e+03,2.581211280092251855e+03
1.629419736737808710e+00,2.773448194325017084e+03,2.757643130555500647e+03,2.539226067125544432e+03,2.648514325107978038e+03,2.344288120723474094e+03,2.332211186242571330e+03,2.750671240738290180e+03,2.579669702251055696e+03
1.631049971455992953e+00,2.781100307987745509e+03,2.757642349949472191e+03,2.539749953004505642e+03,2.655522413096407035e+03,2.336148965754627625e+03,2.331105069466088480e+03,2.761432127617678816e+03,2.588384577349178016e+03
1.632681837224285060e+00,2.783775386789458025e+03,2.757641572424798596e+03,2.540269416608952724e+03,2.654228328483759014e+03,2.335769078287768480e+03,2.330857470075904530e+03,2.765830006405305085e+03,2.585027290332599023e+03
1.634315335674550340e+00,2.774555328632790406e+03,2.757640797969454979e+03,2.540789619153670174e+03,2.643611153975251909e+03,2.334038620399955562e+03,2.330706734562344081e+03,2.752613406327311623e+03,2.577828629236942106e+03
1.635950468440285688e+00,2.780382690051605550e+03,2.757640026571462386e+03,2.541308408623528976e+03,2.647979553724900143e+03,2.329860115884257993e+03,2.330318810037616004e+03,2.759717229356651387e+03,2.587284065897354139e+03
1.637587237156621134e+00,2.774246913356619643e+03,2.757639258218887335e+03,2.541829264063650498e+03,2.637450631846471879e+03,2.331917387261880776e+03,2.329762676175902470e+03,2.750419448919489241e+03,2.579279216879228443e+03
1.639225643460328952e+00,2.772754918740352878e+03,2.757638492899840003e+03,2.542350844327637333e+03,2.646051923677676314e+03,2.333448032404753576e+03,2.329422513269239971e+03,2.747116749389401321e+03,2.577631854189109617e+03
1.640865688989820104e+00,2.776740289748066516e+03,2.757637730602476950e+03,2.542871299437247217e+03,2.639945699107754535e+03,2.329940366619005545e+03,2.328726341074372613e+03,2.755219803423037320e+03,2.581436094622628389e+03
1.642507375385137580e+00,2.773882879154818511e+03,2.757636971315004303e+03,2.543391329848082933e+03,2.655338893422245746e+03,2.329548556964823547e+03,2.327903529434393477e+03,2.747481583238501116e+03,2.580378694793686009e+03
1.644150704287967280e+00,2.772045570247717933e+03,2.757636215025667752e+03,2.543912371324524884e+03,2.651813739730045199e+03,2.331875657994568883e+03,2.327342775082474418e+03,2.748769689525619924e+03,2.581058300606893681e+03
1.645795677341638008e+00,2.777520029793227422e+03,2.757635461722759828e+03,2.544435012660240773e+03,2.647431480444158751e+03,2.329880075076431694e+03,2.326854682449762095e+03,2.755497931682046328e+03,2.584608689462383609e+03
1.647442296191122812e+00,2.779072068333336119e+03,2.757634711394616716e+03,2.544960731997762650e+03,2.655517898004771268e+03,2.328310896594818132e+03,2.326619753848504388e+03,2.760078621031999774e+03,2.578359930202007945e+03
1.649090562483040978e+00,2.786049273779100531e+03,2.757633964029620529e+03,2.545477894935976565e+03,2.650384691829551684e+03,2.327805365146819895e+03,2.326546241397737958e+03,2.770664114199989854e+03,2.585079791256477165e+03
1.650740477865658917e+00,2.782121210913594041e+03,2.757633219616194765e+03,2.546001826893500493e+03,2.656158094505792633e+03,2.325956500769195372e+03,2.326426983881204706e+03,2.760190341239271675e+03,2.579287207381764802e+03
1.652392043988892167e+00,2.769633405587088419e+03,2.757632478142812033e+03,2.546524272836516957e+03,2.650473585433368044e+03,2.325831542473597892e+03,2.326224430629340532e+03,2.742543067910039554e+03,2.580225911274088048e+03
1.654045262504306724e+00,2.770734777256143389e+03,2.757631739597988599e+03,2.547045201436639672e+03,2.645682235420502820e+03,2.324809186985890847e+03,2.326059478680369921e+03,2.742411654367859228e+03,2.590605808860950219e+03
1.655700135065120815e+00,2.788872521490850886e+03,2.757631003970279380e+03,2.547568255939308074e+03,2.669307529325096311e+03,2.325924055465358833e+03,2.325880864644263966e+03,2.774544872588105136e+03,2.585529035257005944e+03
1.657356663326206236e+00,2.782130937296371030e+03,2.757630271248282952e+03,2.548089833422232459e+03,2.656874304104368093e+03,2.324103609801896710e+03,2.325406179602122847e+03,2.765983420662746539e+03,2.590034976011977960e+03
1.659014848944093679e+00,2.775539761797516348e+03,2.757629541420651094e+03,2.548617333783833146e+03,2.655845794958125225e+03,2.324397099131179402e+03,2.325011785974611939e+03,2.756635731209500591e+03,2.588291260841856456e+03
1.660674693576969840e+00,2.770301769465655980e+03,2.757628814476067419e+03,2.549139933391535578e+03,2.662514626233885792e+03,2.326866189850987212e+03,2.324627941981280401e+03,2.746192824410337835e+03,2.573153785232881091e+03
1.662336198884679650e+00,2.773647488781844913e+03,2.757628090403266469e+03,2.549661695646284898e+03,2.680429483062123381e+03,2.324745406763348001e+03,2.324457266605276345e+03,2.748670448342338659e+03,2.588018937128280868e+03
1.663999366528727375e+00,2.770209856680595749e+03,2.757627369191022353e+03,2.550183084059020530e+03,2.661260954392196709e+03,2.322748799315518681e+03,2.324390757548597321e+03,2.742395614996837594e+03,2.586891433747975498e+03
1.665664198172279953e+00,2.796693574978214656e+03,2.757626650828150105e+03,2.550704204859915080e+03,2.660714947180556464e+03,2.323652708633169823e+03,2.324252955864135401e+03,2.780102675561766318e+03,2.572930066786933821e+03
1.667330695480168545e+00,2.798924238371710089e+03,2.757625935303515689e+03,2.551221702691383143e+03,2.654780804434375568e+03,2.323387939455087690e+03,2.324295414882700697e+03,2.788609572117023617e+03,2.598982146103267951e+03
1.668998860118890315e+00,2.803141429186181085e+03,2.757625222606017360e+03,2.551742430563256221e+03,2.663869604227271793e+03,2.323016769370809016e+03,2.324332933075516848e+03,2.799366741249209554e+03,2.573458195243048976e+03
1.670668693756610423e+00,2.783433384489991568e+03,2.757624512724606575e+03,2.552261876163654051e+03,2.650227717391978786e+03,2.322700216806981643e+03,2.324263754683365278e+03,2.774940198391750073e+03,2.578792679238645178e+03
1.672340198063162919e+00,2.787410070501810878e+03,2.757623805648264806e+03,2.552781778664010290e+03,2.657415174069511068e+03,2.322741409663075501e+03,2.324186809596753392e+03,2.781150657615540240e+03,2.591577241423095529e+03
1.674013374710054736e+00,2.784573153377164999e+03,2.757623101366025367e+03,2.553297914439300712e+03,2.661573286030090458e+03,2.322656185917333005e+03,2.323983791830597511e+03,2.777344997757132205e+03,2.581273276594649360e+03
1.675688225370461693e+00,2.777867394264721042e+03,2.757622399866960222e+03,2.553815704118590020e+03,2.664860183373659311e+03,2.322512347067141491e+03,2.323817566335026640e+03,2.763977810964405762e+03,2.586935904952854798e+03
1.677364751719235381e+00,2.783019804020419997e+03,2.757621701140183632e+03,2.554331471320096625e+03,2.660496976653152160e+03,2.322527882844688520e+03,2.323684957815246889e+03,2.769897475510088498e+03,2.580803770010247717e+03
1.679042955432901163e+00,2.776558993479953642e+03,2.757621005174849870e+03,2.554851080667918723e+03,2.663658920354431302e+03,2.322466368523495476e+03,2.323579725386057362e+03,2.758689474503903966e+03,2.587309651528170889e+03
1.680722838189661950e+00,2.786046471921124976e+03,2.757620311960157778e+03,2.555368997597999169e+03,2.635539579270065587e+03,2.322279532921572354e+03,2.323568111165176106e+03,2.771029371080965120e+03,2.580850099972724820e+03
1.682404401669400418e+00,2.776233266566916882e+03,2.757619621485344851e+03,2.555884951746673323e+03,2.643258143331041083e+03,2.322836666032916128e+03,2.323586831256597634e+03,2.757437173052704111e+03,2.585440932107366280e+03
1.684087647553678124e+00,2.784244765641033155e+03,2.757618933739690419e+03,2.556403726486016694e+03,2.654130810755184029e+03,2.322455144949951773e+03,2.323491236399078389e+03,2.767050785266632374e+03,2.587084271823240215e+03
1.685772577525743499e+00,2.780432214780641971e+03,2.757618248712516561e+03,2.556921176695451777e+03,2.643729480073492141e+03,2.322152337716304828e+03,2.323381443012025102e+03,2.763615192211894282e+03,2.570221360888147956e+03
1.687459193270526736e+00,2.783060522145955474e+03,2.757617566393184006e+03,2.557436430471262156e+03,2.658653337304214347e+03,2.322259610848144803e+03,2.323342168307701286e+03,2.766433294699759244e+03,2.590743087380245925e+03
1.689147496474642240e+00,2.782721571324379966e+03,2.757616886771095778e+03,2.557955731185677905e+03,2.669057641568977488e+03,2.322236926550388489e+03,2.323261027350902168e+03,2.768429116936213632e+03,2.576768483502849904e+03
1.690837488826394619e+00,2.785785034293647186e+03,2.757616209835696736e+03,2.558470051145188791e+03,2.662955182032322682e+03,2.322161326470891709e+03,2.323230538256365435e+03,2.772235716639969269e+03,2.591961821398265329e+03
1.692529172015778904e+00,2.787631079885159124e+03,2.757615535576467209e+03,2.558987946303243007e+03,2.656599368323519229e+03,2.322172499375329608e+03,2.323180606469567920e+03,2.777022998259567885e+03,2.589910870336654625e+03
1.694222547734476336e+00,2.793874197357102275e+03,2.757614863982933002e+03,2.559506975308904202e+03,2.669077534850411666e+03,2.322153342262839942e+03,2.323093413780838546e+03,2.785475901105871799e+03,2.579185424499199598e+03
1.695917617675861910e+00,2.790216601599270689e+03,2.757614195044659027e+03,2.560024761154249973e+03,2.652844099597305103e+03,2.322137301254036174e+03,2.323029682837182918e+03,2.781171278601629638e+03,2.586398546796277515e+03
1.697614383535007043e+00,2.796961367760778103e+03,2.757613528751247486e+03,2.560544882663213684e+03,2.682639086102380588e+03,2.322118345490153388e+03,2.323003985859482782e+03,2.788798877138272928e+03,2.580672737587609390e+03
1.699312847008676242e+00,2.799313873989416606e+03,2.757612865092342417e+03,2.561062779114576188e+03,2.665066885570634895e+03,2.322109942238469102e+03,2.322930973256116886e+03,2.792887071191817085e+03,2.578613526253946475e+03
1.701013009795334430e+00,2.802723384117126443e+03,2.757612204057630606e+03,2.561584961970142558e+03,2.678503998635816515e+03,2.322101044917719264e+03,2.322885219109169611e+03,2.796335343959397505e+03,2.589102731075590782e+03
1.702714873595143397e+00,2.805530632843365765e+03,2.757611545636834762e+03,2.562103300848019444e+03,2.656228242272471107e+03,2.322089715769195209e+03,2.322832735046820289e+03,2.798811462945488074e+03,2.584400592904466066e+03
1.704418440109970678e+00,2.798383712701202512e+03,2.757610889819713520e+03,2.562624350938624502e+03,2.665804234715189068e+03,2.322164771423766524e+03,2.322766950193314187e+03,2.789501755464181770e+03,2.585310386557885067e+03
1.706123711043382674e+00,2.797225700365585908e+03,2.757610236596075083e+03,2.563147546654221060e+03,2.680528953701525097e+03,2.322093227400886462e+03,2.322747857404868682e+03,2.787706456758016429e+03,2.581696965724805978e+03
1.707830688100642202e+00,2.793573630461769426e+03,2.757609585955756302e+03,2.563669963555935738e+03,2.670965016280973487e+03,2.322064547808754014e+03,2.322704713533160430e+03,2.783449054321745734e+03,2.583356019645653760e+03
1.709539372988733374e+00,2.790212743059860713e+03,2.757608937888639957e+03,2.564192804630535647e+03,2.663233770452999124e+03,2.322083204814983219e+03,2.322657915705141477e+03,2.777910859175759015e+03,2.583932429244053765e+03
1.711249767416338718e+00,2.803410375910413222e+03,2.757608292384644301e+03,2.564714145786737845e+03,2.672872275933691526e+03,2.322074620620264341e+03,2.322618598114639553e+03,2.796779656569539839e+03,2.578281470483321300e+03
1.712961873093852061e+00,2.801769998679195851e+03,2.757607649433726237e+03,2.565236953786561571e+03,2.684521142323309050e+03,2.322059775633124900e+03,2.322574349297273784e+03,2.795424064445090607e+03,2.581513460111679251e+03
1.714675691733381857e+00,2.800806301426617665e+03,2.757607009025885418e+03,2.565760878778666665e+03,2.689324248958452245e+03,2.322062150137648132e+03,2.322539796126329747e+03,2.793968385398650753e+03,2.576725020592446072e+03
1.716391225048745195e+00,2.780981092771352451e+03,2.757606371151155145e+03,2.566283469804935521e+03,2.688897456757295004e+03,2.322061938885468408e+03,2.322497736632846227e+03,2.766905646720590994e+03,2.575800080763247479e+03
1.718108474755477344e+00,2.783555398736760253e+03,2.757605735799606464e+03,2.566808113176066854e+03,2.689551795941709770e+03,2.322059507071567168e+03,2.322466534621133178e+03,2.770668359581865843e+03,2.581887702730097772e+03
1.719827442570826648e+00,2.780211578310215373e+03,2.757605102961354078e+03,2.567333259970447671e+03,2.687926435010089790e+03,2.322056284144205620e+03,2.322435276259449438e+03,2.763181827686172255e+03,2.572082967905939768e+03
1.721548130213762073e+00,2.784744476001264502e+03,2.757604472626544975e+03,2.567857436193219655e+03,2.693705590294423018e+03,2.322053698519833233e+03,2.322405815266545233e+03,2.767336465811688868e+03,2.571058661826883508e+03
1.723270539404973434e+00,2.789459773772020526e+03,2.757603844785369802e+03,2.568383956800477790e+03,2.701988126831913178e+03,2.322054146429611137e+03,2.322374674494719784e+03,2.772492561719674541e+03,2.571218468234931606e+03
1.724994671866867169e+00,2.788785001461047159e+03,2.757603219428051034e+03,2.568907630414224968e+03,2.706808348591669073e+03,2.322051300288683251e+03,2.322352537391828719e+03,2.772616778997256006e+03,2.562399029875401084e+03
1.726720529323575670e+00,2.795461423689040657e+03,2.757602596544852531e+03,2.569432397987583045e+03,2.693003642920426046e+03,2.322061128467491017e+03,2.322328163616276925e+03,2.782892027575239354e+03,2.569695674466975561e+03
1.728448113500954841e+00,2.803790224263594610e+03,2.757601976126074078e+03,2.569955039849159675e+03,2.703407072350600174e+03,2.322050727877351164e+03,2.322306948966929667e+03,2.793966937847854751e+03,2.562950335806863222e+03
1.730177426126591200e+00,2.797588149932636043e+03,2.757601358162054112e+03,2.570478900213787711e+03,2.696550659609030845e+03,2.322050382593066843e+03,2.322283502081216284e+03,2.788935720291369307e+03,2.557122593293058799e+03
1.731908468929800105e+00,2.796180942832543678e+03,2.757600742643162903e+03,2.571001885184219191e+03,2.720141858470395164e+03,2.322050554009729240e+03,2.322270966177379705e+03,2.785698333188156994e+03,2.562306927390539840e+03
1.733641243641624197e+00,2.795099132257613746e+03,2.757600129559817105e+03,2.571524282520639645e+03,2.701098681879454489e+03,2.322048806012436671e+03,2.322249546497360370e+03,2.787306574085283955e+03,2.556029566185080057e+03
1.735375751994837179e+00,2.792494485913182871e+03,2.757599518902464297e+03,2.572046077167267867e+03,2.707383772472330747e+03,2.322047531756547414e+03,2.322232464764178985e+03,2.783143011549700987e+03,2.554877761299691883e+03
1.737111995723943814e+00,2.790270113754707836e+03,2.757598910661589343e+03,2.572567151943490444e+03,2.719213036882111282e+03,2.322049229839042710e+03,2.322215003597208579e+03,2.778957650275399374e+03,2.556122346257572190e+03
1.738849976565191691e+00,2.790237914578378422e+03,2.757598304827713946e+03,2.573088848863380008e+03,2.694798093495710873e+03,2.322047648367973579e+03,2.322198479768741890e+03,2.780496627350609288e+03,2.552774121578661379e+03
1.740589696256562569e+00,2.788227516112443936e+03,2.757597701391397095e+03,2.573608162334541703e+03,2.720388070366339434e+03,2.322047558602782829e+03,2.322184433268884277e+03,2.775811504370277362e+03,2.556178815090991066e+03
1.742331156537773262e+00,2.784898520507896592e+03,2.757597100343233706e+03,2.574128218960252525e+03,2.712470009803903849e+03,2.322047404204419763e+03,2.322169125457690825e+03,2.770447870855731708e+03,2.545261307783302982e+03
1.744074359150284748e+00,2.784880651440796100e+03,2.757596501673853709e+03,2.574646581563485142e+03,2.705685696105902480e+03,2.322046762647355536e+03,2.322159617026962678e+03,2.769313376536985743e+03,2.545708165934725912e+03
1.745819305837302382e+00,2.780978943718290338e+03,2.757595905373927963e+03,2.575164254178952433e+03,2.707622194901764487e+03,2.322046772375142609e+03,2.322149991305767799e+03,2.762782805025791731e+03,2.548285388754676660e+03
1.747565998343771909e+00,2.786417214897626309e+03,2.757595311434154155e+03,2.575681176723574026e+03,2.733772962435607951e+03,2.322046830452200084e+03,2.322142621979711294e+03,2.765867960714407673e+03,2.545245500323166652e+03
1.749314438416385231e+00,2.783623728884349930e+03,2.757594719845276359e+03,2.576196522956051012e+03,2.718759264611140225e+03,2.322047823074411554e+03,2.322136530948430845e+03,2.766014625721014454e+03,2.541577933273466897e+03
1.751064627803578411e+00,2.782298047606395357e+03,2.757594130598067750e+03,2.576711702199037973e+03,2.729708686930629028e+03,2.322046472142225866e+03,2.322134808681628328e+03,2.761517656669044300e+03,2.541209937794717916e+03
1.752816568255545437e+00,2.780287248902427109e+03,2.757593543683336065e+03,2.577226123500003723e+03,2.709681992377093593e+03,2.322046694748370555e+03,2.323082423090735574e+03,2.760970182492882032e+03,2.539768274290827776e+03
1.754570261524226238e+00,2.786031426756564088e+03,2.757592959091930425e+03,2.577737355857626426e+03,2.725264273585475621e+03,2.322046400071202243e+03,2.323844099264388205e+03,2.768830771090218150e+03,2.537856041277544591e+03
1.756325709363312892e+00,2.783280197699981727e+03,2.757592376814731324e+03,2.578249274083863384e+03,2.727619999851810917e+03,2.322046070461439285e+03,2.322597434960079227e+03,2.763194038392609855e+03,2.540374690344782266e+03
1.758082913528259184e+00,2.785314425104511884e+03,2.757591796842653366e+03,2.578757612469430114e+03,2.732996592879223954e+03,2.322046287383412164e+03,2.323023330293412528e+03,2.767440365665511763e+03,2.538047530815596929e+03
1.759841875776263942e+00,2.783913022610393455e+03,2.757591219166647988e+03,2.579266339425844308e+03,2.695039930281810484e+03,2.322046128098779718e+03,2.323569636629424167e+03,2.768217974988562673e+03,2.530477304028913750e+03
1.761602597866289921e+00,2.783786969607559968e+03,2.757590643777701644e+03,2.579772762982088352e+03,2.726582810400985181e+03,2.322046123362353228e+03,2.322732293271703838e+03,2.764152878658973805e+03,2.533479681902926131e+03
1.763365081559061576e+00,2.786467626549411762e+03,2.757590070666837619e+03,2.580275806255617681e+03,2.728458388903155992e+03,2.322046154474378909e+03,2.322436497963300553e+03,2.770349667523178596e+03,2.534251554606399168e+03
1.765129328617062177e+00,2.789701659980781187e+03,2.757589499825109215e+03,2.580777845458771935e+03,2.739339845367181169e+03,2.322046002688795852e+03,2.322963862534874352e+03,2.769868527995214208e+03,2.529567417573361581e+03
1.766895340804538028e+00,2.785967157302319265e+03,2.757588931243607476e+03,2.581277075035370672e+03,2.735910264523216028e+03,2.322046057823865794e+03,2.323466818341047201e+03,2.767668932371173923e+03,2.528782791169930533e+03
1.768663119887500024e+00,2.785128699766694808e+03,2.757588364913454825e+03,2.581773886668350769e+03,2.746539972459185719e+03,2.322045971826721143e+03,2.322928301896705307e+03,2.764873990698723446e+03,2.529093241530504201e+03
1.770432667633729862e+00,2.791273596983907737e+03,2.757587800825812337e+03,2.582266859075463344e+03,2.743588474525533456e+03,2.322046005507484551e+03,2.323009156558555787e+03,2.776143666227525955e+03,2.528677921846956451e+03
1.772203985812774718e+00,2.792408397192422854e+03,2.757587238971872466e+03,2.582756443333959396e+03,2.739356862984318468e+03,2.322045942939841552e+03,2.322776090434748767e+03,2.779265988302311598e+03,2.522287174592976498e+03
1.773977076195952796e+00,2.798778277469363729e+03,2.757586679342861316e+03,2.583243260674903468e+03,2.741901178777488440e+03,2.322046094520521820e+03,2.323857075637494745e+03,2.786532005919303174e+03,2.525721094847495806e+03
1.775751940556355990e+00,2.790520890833940484e+03,2.757586121930039099e+03,2.583724473723007577e+03,2.758853220145649630e+03,2.322045955021386362e+03,2.323199941101817330e+03,2.768241832387320756e+03,2.531376479019259477e+03
1.777528580668849223e+00,2.782282465465455971e+03,2.757585566724704222e+03,2.584203064954155707e+03,2.738655525908549407e+03,2.322045915949734081e+03,2.322786193503376580e+03,2.758311220105617849e+03,2.515015470428389563e+03
1.779306998310069332e+00,2.780027116777588162e+03,2.757585013718179653e+03,2.584677007561489972e+03,2.748553904405696812e+03,2.322045929874777357e+03,2.322965439345093273e+03,2.746881669354797850e+03,2.513773211904187519e+03
1.781087195258436395e+00,2.784262954777447248e+03,2.757584462901830648e+03,2.585147709847564784e+03,2.757610096869710105e+03,2.322045921567174901e+03,2.322933041913523084e+03,2.747636275681019470e+03,2.520009103359066557e+03
1.782869173294147735e+00,2.780300693565273832e+03,2.757583914267051568e+03,2.585616989596725489e+03,2.737503416969511363e+03,2.322045884785768067e+03,2.323145835400711803e+03,2.752079219952179301e+03,2.510639205408555426e+03
1.784652934199179475e+00,2.792849159203056388e+03,2.757583367805269518e+03,2.586080414435996772e+03,2.763650740213136487e+03,2.322045911721749690e+03,2.322956664521822859e+03,2.764762308510115417e+03,2.515300627982408059e+03
1.786438479757295417e+00,2.791077794718165478e+03,2.757582823507946614e+03,2.586544037436254257e+03,2.766701079683451098e+03,2.322045890041204530e+03,2.325611236517062935e+03,2.764328237922974495e+03,2.510766106722408495e+03
1.788225811754039052e+00,2.789257995054151252e+03,2.757582281366578627e+03,2.586999296028880053e+03,2.747755973958651794e+03,2.322045890174727901e+03,2.323403849147045094e+03,2.769916722287265657e+03,2.508140035534323033e+03
1.790014931976739998e+00,2.798529562705491571e+03,2.757581741372691340e+03,2.587455981088154658e+03,2.742513964948650937e+03,2.322045882517268183e+03,2.323197754017894113e+03,2.784994751109424669e+03,2.513524546852890126e+03
1.791805842214524880e+00,2.800743996086318930e+03,2.757581203517843733e+03,2.587908691772417569e+03,2.769219481462832846e+03,2.322045882714342952e+03,2.322976218021988188e+03,2.784316502922974905e+03,2.504948171683859528e+03
1.793598544258301120e+00,2.798754417972817919e+03,2.757580667793632529e+03,2.588359436321118665e+03,2.767092283146601403e+03,2.322045878402475864e+03,2.322892828337358878e+03,2.780265957663393692e+03,2.505281146310960139e+03
1.795393039900770704e+00,2.792228842187413647e+03,2.757580134191680372e+03,2.588803861385592427e+03,2.761686828600298213e+03,2.322045878038216415e+03,2.322975770676730463e+03,2.771906605616180968e+03,2.504787668836765988e+03
1.797189330936432849e+00,2.790043314114355326e+03,2.757579602703644468e+03,2.589249583902108952e+03,2.762860581761617595e+03,2.322045889498793258e+03,2.322874352498326971e+03,2.767256561011495705e+03,2.501793468987732012e+03
1.798987419161574230e+00,2.783957347095762998e+03,2.757579073321214764e+03,2.589692681861516576e+03,2.744411285983422204e+03,2.322045873209332967e+03,2.323008790531188424e+03,2.757120312050549273e+03,2.507411271622432196e+03
1.800787306374282082e+00,2.799461814816564129e+03,2.757578546036117586e+03,2.590127490932195542e+03,2.789152364085636691e+03,2.322045876721665991e+03,2.322856102213928352e+03,2.755362529990832627e+03,2.504255908632243973e+03
1.802588994374447084e+00,2.791697010300982129e+03,2.757578020840099725e+03,2.590567006379023042e+03,2.777973355001344316e+03,2.322045869105817474e+03,2.323149256291843358e+03,2.752667071572849181e+03,2.500974139509050474e+03
1.804392484963757370e+00,2.787103940674957812e+03,2.757577497724952991e+03,2.590997872973606718e+03,2.763316090950339003e+03,2.322045871071883084e+03,2.324883964433788151e+03,2.754535203369362080e+03,2.504389725083747635e+03
1.806197779945701409e+00,2.798436986751392396e+03,2.757576976682495115e+03,2.591432060924136294e+03,2.789460375194683365e+03,2.322045870235947405e+03,2.324088453009966088e+03,2.746441965629321203e+03,2.500891848644551374e+03
1.808004881125578445e+00,2.789390463034852473e+03,2.757576457704570657e+03,2.591861011243423491e+03,2.774840419832177304e+03,2.322045867580643062e+03,2.323184943740390281e+03,2.743648310067118018e+03,2.501384704464842798e+03
1.809813790310486281e+00,2.789182452118739548e+03,2.757575940783065107e+03,2.592291694864229157e+03,2.772782674052392395e+03,2.322045867734252170e+03,2.322735062145004576e+03,2.737389305612698081e+03,2.502169326249871119e+03
1.811624509309332609e+00,2.796145581031033089e+03,2.757575425909892147e+03,2.592718496356957985e+03,2.785624604840649681e+03,2.322045867683681081e+03,2.322686674765894168e+03,2.743693559888837171e+03,2.505426221809515027e+03
1.813437039932838113e+00,2.791683457501515932e+03,2.757574913076991379e+03,2.593150331153880416e+03,2.772789569848230258e+03,2.322045866468235999e+03,2.322966524210083662e+03,2.741678959398106144e+03,2.508173134315416974e+03
1.815251383993535805e+00,2.791261672820503463e+03,2.757574402276339697e+03,2.593574832758527464e+03,2.775134031907324697e+03,2.322045866696720168e+03,2.323238223033230952e+03,2.741700138512192552e+03,2.505893926856516373e+03
1.817067543305768140e+00,2.791866891108998061e+03,2.757573893499944916e+03,2.594003594031979446e+03,2.779128503321057451e+03,2.322045865244635024e+03,2.322944473552300678e+03,2.733769364900048913e+03,2.505589493481951649e+03
1.818885519685695895e+00,2.795574592034627130e+03,2.757573386739840316e+03,2.594429085232433863e+03,2.782278733125945564e+03,2.322045866059463606e+03,2.322740032909837737e+03,2.747974696304931513e+03,2.513758212479800932e+03
1.820705314951296394e+00,2.809035017358113691e+03,2.757572881988099198e+03,2.594851134479445136e+03,2.804547973785828617e+03,2.322045865162166137e+03,2.322856045846815050e+03,2.739538953622158715e+03,2.506863330477948239e+03
1.822526930922362398e+00,2.801581457979479637e+03,2.757572379236814868e+03,2.595277571777273806e+03,2.794064302278137802e+03,2.322045867344853832e+03,2.324016673280721989e+03,2.737000765582362874e+03,2.514662886505846018e+03
1.824350369420509654e+00,2.780019244724467171e+03,2.757571878478120652e+03,2.595698759105770478e+03,2.750647848856632663e+03,2.322045864823369811e+03,2.323347709940487675e+03,2.737021985453049183e+03,2.519658870175320317e+03
1.826175632269178450e+00,2.806590027517527687e+03,2.757571379704173069e+03,2.596117902220621545e+03,2.800441690014832147e+03,2.322045865316662002e+03,2.322798903850958141e+03,2.736477167903035934e+03,2.518018436048766489e+03
1.828002721293633615e+00,2.792223931165111026e+03,2.757570882907164560e+03,2.596538300042987885e+03,2.778590250067687066e+03,2.322045864765855185e+03,2.322691880427540582e+03,2.741569040889733969e+03,2.530829759071294120e+03
1.829831638320960963e+00,2.794104932967032710e+03,2.757570388079317127e+03,2.596959983794615255e+03,2.783038638680451186e+03,2.322045864474367590e+03,2.322726693903641717e+03,2.731326151263259362e+03,2.526769442771323156e+03
1.831662385180078179e+00,2.799833777528705923e+03,2.757569895212876872e+03,2.597378844504203244e+03,2.791817359008367930e+03,2.322045864682662341e+03,2.323054712150508294e+03,2.736021506710148060e+03,2.525813464869082509e+03
1.833494963701736591e+00,2.794903195467529713e+03,2.757569404300127189e+03,2.597794611532644012e+03,2.780711083571481595e+03,2.322045864416480072e+03,2.322860386489725443e+03,2.740285193365119540e+03,2.530408944649816476e+03
1.835329375718512512e+00,2.807407200995643052e+03,2.757568915333381483e+03,2.598217111672141073e+03,2.801574611514518438e+03,2.322045864381322190e+03,2.322632463307663329e+03,2.743326875592124907e+03,2.535010503353291824e+03
1.837165623064816344e+00,2.815160393299249336e+03,2.757568428304974532e+03,2.598630378842700338e+03,2.811046780977188973e+03,2.322045864421346778e+03,2.322565153639677192e+03,2.738793009864067699e+03,2.536156180371415303e+03
1.839003707576895241e+00,2.795822824836694053e+03,2.757567943207281587e+03,2.599048240126077872e+03,2.784012967445790764e+03,2.322045864237460592e+03,2.323014667054326765e+03,2.747259090549413486e+03,2.542555500041887171e+03
1.840843631092833332e+00,2.801618757916222876e+03,2.757567460032698364e+03,2.599460092428673761e+03,2.794113290410935861e+03,2.322045864291873386e+03,2.322799947624962897e+03,2.731752871850553674e+03,2.537072439457784640e+03
1.842685395452557051e+00,2.805833435492208991e+03,2.757566978773656956e+03,2.599871774240169998e+03,2.797803311927924824e+03,2.322045864049950978e+03,2.322720405349392422e+03,2.737336418362620861e+03,2.546221210794884882e+03
1.844529002497830250e+00,2.781415562545541434e+03,2.757566499422616289e+03,2.600285702444651633e+03,2.762780576361909425e+03,2.322045864224494835e+03,2.322635698539609621e+03,2.725140458595660675e+03,2.548622524867077118e+03
1.846374454072257754e+00,2.810578943159990104e+03,2.757566021972060753e+03,2.600697890561842996e+03,2.803583096944081262e+03,2.322045864053166952e+03,2.322573014022021198e+03,2.727322297784063267e+03,2.554915574151589681e+03
1.848221752021293574e+00,2.812772159231586102e+03,2.757565546414511118e+03,2.601108947147838080e+03,2.808410952147035459e+03,2.322045864341467677e+03,2.322738135724222047e+03,2.728066393209675880e+03,2.553597403699032839e+03
1.850070898192236690e+00,2.802462494183766921e+03,2.757565072742512257e+03,2.601516610150029919e+03,2.794245780174140236e+03,2.322045864035737850e+03,2.322705659668238241e+03,2.735665212598823928e+03,2.558776218377569421e+03
1.851921894434231275e+00,2.786205532060952009e+03,2.757564600948639054e+03,2.601933487615721788e+03,2.768654619624293446e+03,2.322045864133584928e+03,2.322513881195631257e+03,2.721918549452831030e+03,2.556992318235386847e+03
1.853774742598273573e+00,2.807702430759090021e+03,2.757564131025496408e+03,2.602340592249478959e+03,2.804156843019410189e+03,2.322045864096594414e+03,2.322448738583765589e+03,2.724903847422317085e+03,2.562080099324791718e+03
1.855629444537212569e+00,2.791746510597462930e+03,2.757563662965715594e+03,2.602752510346933377e+03,2.779630589602465079e+03,2.322045864050270211e+03,2.322624371743445408e+03,2.719156450883476737e+03,2.571870234350494684e+03
1.857486002105752876e+00,2.801474787284036211e+03,2.757563196761959716e+03,2.603167565409712097e+03,2.796692371598134287e+03,2.322045864096607602e+03,2.322562339194936158e+03,2.721168967718225304e+03,2.569622789980762263e+03
1.859344417160450957e+00,2.800859993944959115e+03,2.757562732406915075e+03,2.603579144719592023e+03,2.793987874068605834e+03,2.322045864039266235e+03,2.322568306886432310e+03,2.721381825601385572e+03,2.575811523388978458e+03
1.861204691559718460e+00,2.810971708408643735e+03,2.757562269893302528e+03,2.603989484814857860e+03,2.806795002807114997e+03,2.322045864032128065e+03,2.322624534377084274e+03,2.709961216303308447e+03,2.576571506717978991e+03
1.863066827163835537e+00,2.790272012712167907e+03,2.757561809213870220e+03,2.604401506470983804e+03,2.780794100685296598e+03,2.322045864039418575e+03,2.322592727330811613e+03,2.710734620623357387e+03,2.584349428913491010e+03
1.864930825834933747e+00,2.816282633334267757e+03,2.757561350361389032e+03,2.604818422520508648e+03,2.814818980002076387e+03,2.322045864002778217e+03,2.322608865843982130e+03,2.713544292863617557e+03,2.584933331805252692e+03
1.866796689437008494e+00,2.795420357794188021e+03,2.757560893328663497e+03,2.605232941807892075e+03,2.788810799543529356e+03,2.322045864016196447e+03,2.322737422082332159e+03,2.708972962659399855e+03,2.585767179918531838e+03
1.868664419835928125e+00,2.818588380725865591e+03,2.757560438108524977e+03,2.605653900185422117e+03,2.815812602121978671e+03,2.322045863961851410e+03,2.322691145041904292e+03,2.704346590547842425e+03,2.598174700845346706e+03
1.870534018899425055e+00,2.820220892582112810e+03,2.757559984693831666e+03,2.606062168069828658e+03,2.818908750132095065e+03,2.322045864005622207e+03,2.322901702454350016e+03,2.703747548317741348e+03,2.601276256494447807e+03
1.872405488497095538e+00,2.810355678046751109e+03,2.757559533077467222e+03,2.606479253649303246e+03,2.805265665076842197e+03,2.322045863978682519e+03,2.323733165709918012e+03,2.703981916777816878e+03,2.605091784872987773e+03
1.874278830500408777e+00,2.807907884365641621e+03,2.757559083252348501e+03,2.606892085917644636e+03,2.802246633621281035e+03,2.322045864015366988e+03,2.323484478617052901e+03,2.696907473320938152e+03,2.604273461131675958e+03
1.876154046782708917e+00,2.809675080728035937e+03,2.757558635211416913e+03,2.607300182384827167e+03,2.805284092630719897e+03,2.322045863975822613e+03,2.323391718040702017e+03,2.696717427303228305e+03,2.607948060830290615e+03
1.878031139219213941e+00,2.795497295428214784e+03,2.757558188947640701e+03,2.607717558556515996e+03,2.787598144964228140e+03,2.322045863985915275e+03,2.323319283255081245e+03,2.695747587171643318e+03,2.618573974953968445e+03
1.879910109687015440e+00,2.782421710296534457e+03,2.757557744454014937e+03,2.608130174397545943e+03,2.763621272089479589e+03,2.322045863967885452e+03,2.323470003238287063e+03,2.691153840812754424e+03,2.619109603069315199e+03
1.881790960065083507e+00,2.789066458985608278e+03,2.757557301723567889e+03,2.608543622804303141e+03,2.776115805547568925e+03,2.322045863962444855e+03,2.324970170607080036e+03,2.688949646650354225e+03,2.622218038120954589e+03
1.883673692234267838e+00,2.794403211472747444e+03,2.757556860749343741e+03,2.608961672572593670e+03,2.781162059299938846e+03,2.322045863969184211e+03,2.324797082062298159e+03,2.688653216905671798e+03,2.619986696545041468e+03
1.885558308077303513e+00,2.788471117247759139e+03,2.757556421524423513e+03,2.609371623500827354e+03,2.776094647695005733e+03,2.322045863956097037e+03,2.324541482713521418e+03,2.686975383115359818e+03,2.633565026342992951e+03
1.887444809478806329e+00,2.787434259971004849e+03,2.757555984041913234e+03,2.609779951876958421e+03,2.772418764252647634e+03,2.322045863959482176e+03,2.324537451220275216e+03,2.682836633164431078e+03,2.637710873263270059e+03
1.889333198325271912e+00,2.789044544714376570e+03,2.757555548294941218e+03,2.610190650575152176e+03,2.778146434105673507e+03,2.322045863959184317e+03,2.324736526330398647e+03,2.684009628053727283e+03,2.631668388554759076e+03
1.891223476505090817e+00,2.787695975541267217e+03,2.757555114276668064e+03,2.610599874614113105e+03,2.777110432491927440e+03,2.322045863955957429e+03,2.325377341773785702e+03,2.681887910637984533e+03,2.640325536231466685e+03
1.893115645908544309e+00,2.797674960999900122e+03,2.757554681980278474e+03,2.611013235840273865e+03,2.788109902975904788e+03,2.322045863956550420e+03,2.325022760688114431e+03,2.676083520037717790e+03,2.648539821677161399e+03
1.895009708427802808e+00,2.778384942612285158e+03,2.757554251398982615e+03,2.611417673505796301e+03,2.757890268025881142e+03,2.322045863953030675e+03,2.324858613626186525e+03,2.676024963116266463e+03,2.641057819581224976e+03
1.896905665956926557e+00,2.787118788219785984e+03,2.757553822526018394e+03,2.611821840800059363e+03,2.770312552003528708e+03,2.322045863953562730e+03,2.325194756869749199e+03,2.679303451301729183e+03,2.652490867178079043e+03
1.898803520391874056e+00,2.802312910578709761e+03,2.757553395354653730e+03,2.612223392136813345e+03,2.796899030327422224e+03,2.322045863950100284e+03,2.325413279571436306e+03,2.671288520146097653e+03,2.654400956650392345e+03
1.900703273630501400e+00,2.796025382643915691e+03,2.757552969878169733e+03,2.612623877820217785e+03,2.789091574669117563e+03,2.322045863952035688e+03,2.325664763453081378e+03,2.671939500832299018e+03,2.658217700976633296e+03
1.902604927572561166e+00,2.791166626717329109e+03,2.757552546089893895e+03,2.613016809417119021e+03,2.778302969096750076e+03,2.322045863945927522e+03,2.325909274234375061e+03,2.668866669815070964e+03,2.660512994705028632e+03
1.904508484119706635e+00,2.790221144876317794e+03,2.757552123983160072e+03,2.613411826200503128e+03,2.781157909451986143e+03,2.322045863949655995e+03,2.326149503310756245e+03,2.675692958307197387e+03,2.671426688434553853e+03
1.906413945175493563e+00,2.811101863883995975e+03,2.757551703551340779e+03,2.613799891801333160e+03,2.808890766521385558e+03,2.322045863946407735e+03,2.326772498881866795e+03,2.667028469749986471e+03,2.666719721852146449e+03
1.908321312645386403e+00,2.779343800912894494e+03,2.757551284787831264e+03,2.614188891900132603e+03,2.757280711478420017e+03,2.322045863947266298e+03,2.326819252885177775e+03,2.663575941925776078e+03,2.661650105790137331e+03
1.910230588436751420e+00,2.781285363135801617e+03,2.757550867686049060e+03,2.614565696375469543e+03,2.767616175894333992e+03,2.322045863946398185e+03,2.326732058332607721e+03,2.666278622301595078e+03,2.667956995670235301e+03
1.912141774458864241e+00,2.804324947406328192e+03,2.757550452239439892e+03,2.614941710745660203e+03,2.798163972007971552e+03,2.322045863942984397e+03,2.326646613783992507e+03,2.673267406731380561e+03,2.681283266462452502e+03
1.914054872622910297e+00,2.806387733068979287e+03,2.757550038441477227e+03,2.615308668237796155e+03,2.802937344176757051e+03,2.322045863944942539e+03,2.326250518425366863e+03,2.662080099490819975e+03,2.670423858514265248e+03
1.915969884841984605e+00,2.794637393716826864e+03,2.757549626285656359e+03,2.615673479771302027e+03,2.783443580270277380e+03,2.322045863943533277e+03,2.325826120405915844e+03,2.659354638857586451e+03,2.686458353132363300e+03
1.917886813031101756e+00,2.776276962922639541e+03,2.757549215765497138e+03,2.616028491581029357e+03,2.754812854101323865e+03,2.322045863943491440e+03,2.326850213432800047e+03,2.657427403534003133e+03,2.678616784258219468e+03
1.919805659107190587e+00,2.802500507771168941e+03,2.757548806874549427e+03,2.616376898487029848e+03,2.794472576747313724e+03,2.322045863943048516e+03,2.329096878759278297e+03,2.664880203640859690e+03,2.687953793200442306e+03
1.921726424989098847e+00,2.795395475252285451e+03,2.757548399606384919e+03,2.616719146164507947e+03,2.784419860544191124e+03,2.322045863943105815e+03,2.332071540971619015e+03,2.667830135285481447e+03,2.686483852909800135e+03
1.923649112597594968e+00,2.800268102081508459e+03,2.757547993954600770e+03,2.617056413710321067e+03,2.790646569761150204e+03,2.322045863942690175e+03,2.337475418964444543e+03,2.664825802669291079e+03,2.691512193188585570e+03
1.925573723855364738e+00,2.780677615111045270e+03,2.757547589912819603e+03,2.617383769328057042e+03,2.763683950073444521e+03,2.322045863942541018e+03,2.345169637964393587e+03,2.656489549215647003e+03,2.688680705533546643e+03
1.927500260687016631e+00,2.797372639435796827e+03,2.757547187474687689e+03,2.617710557206251906e+03,2.789402802933042494e+03,2.322045863941777952e+03,2.354055136547439361e+03,2.654883383311131638e+03,2.697789684239460257e+03
1.929428725019089796e+00,2.795666466810790098e+03,2.757546786633878583e+03,2.618023432820501057e+03,2.785445662879576957e+03,2.322045863942425513e+03,2.370783573358182821e+03,2.655231763197847613e+03,2.694494159964191567e+03
1.931359118780052064e+00,2.802326153158843681e+03,2.757546387384086302e+03,2.618333969018001426e+03,2.796540170839424718e+03,2.322045863941563312e+03,2.386733329122362647e+03,2.651997998790200199e+03,2.696797552655887102e+03
1.933291443900291728e+00,2.793896199036523285e+03,2.757545989719036697e+03,2.618636632037225354e+03,2.785094507234703997e+03,2.322045863941739299e+03,2.402827464703722853e+03,2.653470972891671408e+03,2.691284338698719239e+03
1.935225702312132645e+00,2.785082230343081847e+03,2.757545593632469263e+03,2.618931545827545051e+03,2.772881070556722989e+03,2.322045863941618791e+03,2.419120051482343570e+03,2.641240258722192266e+03,2.700359060651401705e+03
1.937161895949836898e+00,2.794423073097268571e+03,2.757545199118160326e+03,2.619221292869079662e+03,2.786841965207982412e+03,2.322045863941540119e+03,2.434184745696393747e+03,2.647273648603184483e+03,2.696605873495013839e+03
1.939100026749600802e+00,2.803382858660781039e+03,2.757544806169901221e+03,2.619500374618016394e+03,2.799447232698431435e+03,2.322045863941587413e+03,2.447848881740434990e+03,2.644222898654114488e+03,2.692821486829287551e+03
1.941040096649554014e+00,2.802359843377374091e+03,2.757544414781509204e+03,2.619764840777302197e+03,2.798361004429207696e+03,2.322045863941494645e+03,2.453553257201788711e+03,2.635088336198363777e+03,2.697615197677986998e+03
1.942982107589766194e+00,2.781037399954356715e+03,2.757544024946830177e+03,2.620027948351425039e+03,2.761111536384842566e+03,2.322045863941479638e+03,2.459218604681009310e+03,2.634745313168768007e+03,2.706132373838193416e+03
1.944926061512247450e+00,2.794593231442248907e+03,2.757543636659728691e+03,2.620279982246016516e+03,2.785703678174676952e+03,2.322045863941409152e+03,2.458118669285486249e+03,2.634648244946901741e+03,2.701246846655872559e+03
1.946871960360953224e+00,2.790609543753679191e+03,2.757543249914097942e+03,2.620519610858505530e+03,2.778536568482011717e+03,2.322045863941364587e+03,2.458794055959677735e+03,2.635230805586950737e+03,2.698926193482425333e+03
1.948819806081781181e+00,2.793660172309897462e+03,2.757542864703850682e+03,2.620753205438668829e+03,2.785523352476166565e+03,2.322045863941380503e+03,2.456374035400552657e+03,2.634109246332322982e+03,2.695043342455342099e+03
1.950769600622574318e+00,2.784706204405110839e+03,2.757542481022923312e+03,2.620982908492087972e+03,2.765327722741309117e+03,2.322045863941334574e+03,2.446558365425822103e+03,2.627506351951371471e+03,2.697374311835544631e+03
1.952721345933128960e+00,2.790621326272628266e+03,2.757542098865282696e+03,2.621200708039237725e+03,2.779558492491400102e+03,2.322045863941367770e+03,2.456391145622721524e+03,2.624458740344005491e+03,2.700700345740297962e+03
1.954675043965192538e+00,2.787774664307658895e+03,2.757541718224909800e+03,2.621424921457903565e+03,2.778220951483850968e+03,2.322045863941338666e+03,2.457771995663643793e+03,2.623257091542122453e+03,2.705582838477092537e+03
1.956630696672464920e+00,2.789329347272977429e+03,2.757541339095815147e+03,2.621633541777018763e+03,2.780147164200368024e+03,2.322045863941379139e+03,2.460718559224856108e+03,2.622659716566125098e+03,2.692822368333804206e+03
1.958588306010599078e+00,2.790709070035424247e+03,2.757540961472031540e+03,2.621845505260317168e+03,2.777161741293926752e+03,2.322045863941334119e+03,2.456797789344524517e+03,2.613250280767967979e+03,2.710882336908268371e+03
1.960547873937201979e+00,2.779117273511693384e+03,2.757540585347615433e+03,2.622050425512411493e+03,2.763179535687687348e+03,2.322045863941344578e+03,2.446539892296699236e+03,2.611029120002976015e+03,2.686839111891102675e+03
1.962509402411841464e+00,2.785068005328012987e+03,2.757540210716645106e+03,2.622251954546389243e+03,2.771103304015776757e+03,2.322045863941328207e+03,2.454075822923103260e+03,2.611534583308043693e+03,2.708913910977883006e+03
1.964472893396044695e+00,2.782032667913455043e+03,2.757539837573221575e+03,2.622445007650630941e+03,2.767472416598838208e+03,2.322045863941329571e+03,2.454223683120892929e+03,2.608869992723065479e+03,2.691509965696476229e+03
1.966438348853305262e+00,2.780511218689734051e+03,2.757539465911472689e+03,2.622641072672101927e+03,2.758595936489703945e+03,2.322045863941325933e+03,2.450257501141018565e+03,2.607477558904369289e+03,2.712452494911118265e+03
1.968405770749080963e+00,2.781759759693519300e+03,2.757539095725541756e+03,2.622834261545382560e+03,2.765998603555792670e+03,2.322045863941318203e+03,2.449663561618529002e+03,2.600781218688150147e+03,2.682847452799995153e+03
1.970375161050789137e+00,2.779344491038402793e+03,2.757538727009604827e+03,2.623023732754727462e+03,2.749954818004971457e+03,2.322045863941325024e+03,2.444464253691824069e+03,2.603440674260789820e+03,2.723401024092034277e+03
1.972346521727821766e+00,2.782820445318706788e+03,2.757538359757853868e+03,2.623214385434131600e+03,2.766388796172640923e+03,2.322045863941316838e+03,2.437086875810007768e+03,2.595844013509859906e+03,2.693877499249027096e+03
1.974319854751540149e+00,2.785769324342136770e+03,2.757537993964504494e+03,2.623406767450966072e+03,2.766968785252871839e+03,2.322045863941320931e+03,2.423302854374255730e+03,2.598379428882004504e+03,2.717241935217822629e+03
1.976295162095278002e+00,2.777745088918129568e+03,2.757537629623795056e+03,2.623602921235455142e+03,2.756448627152485187e+03,2.322045863941316384e+03,2.416787684905440074e+03,2.595752967263496885e+03,2.691278297361224759e+03
1.978272445734343687e+00,2.779315216107032938e+03,2.757537266729989369e+03,2.623794357907045196e+03,2.751312499088885943e+03,2.322045863941317748e+03,2.408437293809523908e+03,2.593665000913314998e+03,2.715278438278990507e+03
1.980251707646021986e+00,2.781926487602902853e+03,2.757536905277368987e+03,2.623987956138587833e+03,2.766502470400210314e+03,2.322045863941312746e+03,2.404726645132783233e+03,2.592001647326580496e+03,2.696592104279791329e+03
1.982232949809572098e+00,2.777219725225000275e+03,2.757536545260241837e+03,2.624185574883411391e+03,2.757069496234518283e+03,2.322045863941317748e+03,2.397451965821121576e+03,2.590416837399970518e+03,2.700437320171187366e+03
1.984216174206235639e+00,2.773662648969695056e+03,2.757536186672935401e+03,2.624390167289254350e+03,2.743933395803335316e+03,2.322045863941312291e+03,2.393206531034147702e+03,2.591940639069727240e+03,2.705486284892315325e+03
1.986201382819236860e+00,2.775122066701886979e+03,2.757535829509801715e+03,2.624592535775292617e+03,2.746009236164555205e+03,2.322045863941317748e+03,2.383446471886898507e+03,2.585335451887179715e+03,2.696762249253335540e+03
1.988188577633787979e+00,2.773838710377920506e+03,2.757535473765212373e+03,2.624803552854764348e+03,2.752469772709556310e+03,2.322045863941312746e+03,2.380197865592884682e+03,2.585830053995496201e+03,2.686495009052889145e+03
1.990177760637085180e+00,2.782356081356619597e+03,2.757535119433561704e+03,2.625015023452788682e+03,2.766925232526752097e+03,2.322045863941313200e+03,2.374280765826483275e+03,2.591909699813233146e+03,2.705148773508231898e+03
1.992168933818306176e+00,2.770971531344579944e+03,2.757534766509268138e+03,2.625230870650565066e+03,2.738838242803872163e+03,2.322045863941311836e+03,2.391584710777011423e+03,2.586382084917684097e+03,2.691615480514166848e+03
1.994162099168625968e+00,2.774488444640137459e+03,2.757534414986768297e+03,2.625449766083597297e+03,2.744683907854175686e+03,2.322045863941311836e+03,2.445228679207224559e+03,2.582541127139872060e+03,2.696537737491510597e+03
1.996157258681210411e+00,2.770064122424810193e+03,2.757534064860525177e+03,2.625672331605438103e+03,2.738875019535950287e+03,2.322045863941312291e+03,2.464351049419741685e+03,2.582754485090468279e+03,2.681100865320463981e+03
1.998154414351219987e+00,2.776991393757423793e+03,2.757533716125018145e+03,2.625901591953831030e+03,2.749761441789241417e+03,2.322045863941310472e+03,2.482740814203943046e+03,2.593471865195013379e+03,2.702502001887312872e+03
2.000153568175812691e+00,2.768921327607393323e+03,2.757533368774750215e+03,2.626134438736035918e+03,2.740212879479960066e+03,2.322045863941311836e+03,2.495841027912292702e+03,2.580434628583067479e+03,2.672679622924171326e+03
2.002154722154140476e+00,2.774605606745191835e+03,2.757533022804248958e+03,2.626366072017141050e+03,2.743117043508610550e+03,2.322045863941311836e+03,2.500991417858325349e+03,2.585426265422107917e+03,2.699956239091946827e+03
2.004157878287355476e+00,2.772149503823834038e+03,2.757532678208059679e+03,2.626607135742495757e+03,2.736351404206094230e+03,2.322045863941310472e+03,2.505582266422163684e+03,2.585832419227180253e+03,2.683939450299222244e+03
2.006163038578616220e+00,2.777135874689603952e+03,2.757532334980750875e+03,2.626844533694667916e+03,2.753654216239736343e+03,2.322045863941310472e+03,2.501550017540782846e+03,2.585118613122705483e+03,2.699493462219656976e+03
2.008170205033081412e+00,2.770115244321854334e+03,2.757531993116911053e+03,2.627089201060685355e+03,2.736571648375492714e+03,2.322045863941310017e+03,2.503655679555831739e+03,2.587688082058102736e+03,2.673932339516658431e+03
2.010179379657917487e+00,2.769102290332547454e+03,2.757531652611149184e+03,2.627337872105635142e+03,2.732646461989858835e+03,2.322045863941310017e+03,2.503944372803635360e+03,2.586575820926783308e+03,2.694571454971539879e+03
2.012190564462303488e+00,2.769329775974077165e+03,2.757531313458099703e+03,2.627586197915401044e+03,2.728614186340346805e+03,2.322045863941310017e+03,2.507754244440150160e+03,2.584175067272440629e+03,2.687252385346021128e+03
2.014203761457421749e+00,2.770889402494194201e+03,2.757530975652410689e+03,2.627839091400893722e+03,2.732607068439368049e+03,2.322045863941310017e+03,2.506463806753620702e+03,2.593240437648219086e+03,2.693683431681913135e+03
2.016218972656465880e+00,2.776643067584508117e+03,2.757530639188759778e+03,2.628092781827777344e+03,2.751842649037623687e+03,2.322045863941311381e+03,2.505798762867212645e+03,2.590114691213967490e+03,2.684380281101692617e+03
2.018236200074652320e+00,2.774495395792082036e+03,2.757530304061838706e+03,2.628346939711990217e+03,2.734990521391864604e+03,2.322045863941310017e+03,2.510741077556719574e+03,2.592217421610363999e+03,2.709734207764253824e+03
2.020255445729207899e+00,2.772690869126075086e+03,2.757529970266362852e+03,2.628608290689016940e+03,2.739385473981742507e+03,2.322045863941310017e+03,2.511303068640865604e+03,2.596591818675754439e+03,2.702124067757890316e+03
2.022276711639375613e+00,2.767564234223589210e+03,2.757529637797068062e+03,2.628864640214552310e+03,2.717703088619505706e+03,2.322045863941310017e+03,2.514798624219068643e+03,2.600972140354927888e+03,2.699080535916520148e+03
2.024299999826423946e+00,2.768705818974291105e+03,2.757529306648711099e+03,2.629127454799017414e+03,2.718775890202339269e+03,2.322045863941310017e+03,2.508488150512644552e+03,2.594751446830064197e+03,2.691291708209595981e+03
2.026325312313641991e+00,2.767763078810794923e+03,2.757528976816064642e+03,2.629391257485597180e+03,2.723079451072651864e+03,2.322045863941310017e+03,2.512525789072666157e+03,2.592387695836195689e+03,2.695137332377772054e+03
2.028352651126337669e+00,2.771786364164214774e+03,2.757528648293932747e+03,2.629655287017792944e+03,2.735409850339827699e+03,2.322045863941310017e+03,2.505546573645225180e+03,2.600652633307143333e+03,2.690067506215005324e+03
2.030382018291853718e+00,2.769774355818588901e+03,2.757528321077126748e+03,2.629922148925520560e+03,2.733021374947364166e+03,2.322045863941310017e+03,2.510304160739078270e+03,2.602106781583685461e+03,2.687299762676613682e+03
2.032413415839559701e+00,2.768410074353844720e+03,2.757527995160487535e+03,2.630189110737376268e+03,2.722601722491715464e+03,2.322045863941310017e+03,2.502896419833915843e+03,2.596420897125306965e+03,2.680678152328239321e+03
2.034446845800850667e+00,2.767446156017360408e+03,2.757527670538873281e+03,2.630457752714436083e+03,2.721122882995187865e+03,2.322045863941310017e+03,2.498794402972545868e+03,2.606671863518509326e+03,2.691087618059739270e+03
2.036482310209152935e+00,2.763690263888355275e+03,2.757527347207162165e+03,2.630729538527400564e+03,2.703600346872347927e+03,2.322045863941310017e+03,2.493110204729023280e+03,2.604411888993417961e+03,2.679930288607275088e+03
2.038519811099934742e+00,2.765433057798162281e+03,2.757527025160251469e+03,2.631001967751775283e+03,2.710930106707015966e+03,2.322045863941310017e+03,2.490430900363310684e+03,2.607629141390403674e+03,2.682544866335994811e+03
2.040559350510698700e+00,2.772096672853251675e+03,2.757526704393060299e+03,2.631276941898957375e+03,2.740789009397089558e+03,2.322045863941310017e+03,2.487077479899159698e+03,2.608774790891508474e+03,2.679765697912702763e+03
2.042600930480983568e+00,2.766318973126291894e+03,2.757526384900528228e+03,2.631554490079817697e+03,2.709712208961634587e+03,2.322045863941310017e+03,2.485940443647265965e+03,2.609259046511677752e+03,2.683332242800231597e+03
2.044644553052370917e+00,2.768172084198139146e+03,2.757526066677609833e+03,2.631835362829398491e+03,2.720079016715608304e+03,2.322045863941310017e+03,2.483271438985390432e+03,2.612787193787641627e+03,2.679448727752313062e+03
2.046690220268486016e+00,2.762329522598095082e+03,2.757525749719284704e+03,2.632118566252251640e+03,2.696703905499588018e+03,2.322045863941310017e+03,2.479968590767328806e+03,2.616581322216816261e+03,2.675605878327110076e+03
2.048737934174989839e+00,2.763033661767704416e+03,2.757525434020550620e+03,2.632401732866562270e+03,2.702047600045624677e+03,2.322045863941310017e+03,2.475406375181630665e+03,2.617860742790538097e+03,2.668409919554127555e+03
2.050787696819598604e+00,2.765653696673972718e+03,2.757525119576425368e+03,2.632686708918047316e+03,2.702242007343844762e+03,2.322045863941310017e+03,2.471930561583521467e+03,2.616196049691802273e+03,2.675603292535130095e+03
2.052839510252075783e+00,2.767348086837600022e+03,2.757524806381945837e+03,2.632974850846672780e+03,2.722120374784770775e+03,2.322045863941310017e+03,2.467904516260758555e+03,2.623169632721569087e+03,2.664171418911671481e+03
2.054893376524232984e+00,2.764890173391693679e+03,2.757524494432165284e+03,2.633263635963694469e+03,2.712644907523030270e+03,2.322045863941310017e+03,2.460739961006040630e+03,2.619280824884724098e+03,2.669295532549573181e+03
2.056949297689938394e+00,2.764194392545498431e+03,2.757524183722160160e+03,2.633555851672450899e+03,2.701193913679819161e+03,2.322045863941310017e+03,2.450823880272467250e+03,2.624899346084709123e+03,2.660191747443142049e+03
2.059007275805113224e+00,2.763788791074235178e+03,2.757523874247026015e+03,2.633851384315654286e+03,2.691514399096178749e+03,2.322045863941310017e+03,2.442531396423722981e+03,2.630274848807963281e+03,2.665769699038812632e+03
2.061067312927732598e+00,2.764163704917859832e+03,2.757523566001877498e+03,2.634149350065823000e+03,2.700352300934289815e+03,2.322045863941310017e+03,2.435696315040433092e+03,2.625064906634566341e+03,2.659778335054864783e+03
2.063129411117835321e+00,2.768159414103242852e+03,2.757523258981846084e+03,2.634446827375963494e+03,2.721959988068407256e+03,2.322045863941310017e+03,2.442182608328871993e+03,2.627652974267850823e+03,2.658780013865987712e+03
2.065193572437520331e+00,2.764391176898499452e+03,2.757522953182085530e+03,2.634748160218086014e+03,2.698766159078893907e+03,2.322045863941310017e+03,2.444233093475213536e+03,2.639428922079024233e+03,2.653402121763170726e+03
2.067259798950950245e+00,2.762707862100711736e+03,2.757522648597767784e+03,2.635049655391739179e+03,2.690699929214728400e+03,2.322045863941310017e+03,2.444750205077555620e+03,2.629808717258219531e+03,2.655668811881341753e+03
2.069328092724351809e+00,2.766679671494511695e+03,2.757522345224079800e+03,2.635354058642955806e+03,2.708378278661125933e+03,2.322045863941310017e+03,2.447885355975451148e+03,2.634433681203548986e+03,2.646620946210948205e+03
2.071398455826018559e+00,2.763720881497034952e+03,2.757522043056232633e+03,2.635655370209697139e+03,2.698945513000393021e+03,2.322045863941310017e+03,2.444114422119168466e+03,2.642165233063577034e+03,2.645759311014458035e+03
2.073470890326312599e+00,2.760911696287654195e+03,2.757521742089455529e+03,2.635962179811347141e+03,2.682089928068388417e+03,2.322045863941310017e+03,2.447513361480099320e+03,2.641179950934306817e+03,2.646634341640690764e+03
2.075545398297670818e+00,2.762842126625276251e+03,2.757521442318992285e+03,2.636264474032107501e+03,2.691887249806801265e+03,2.322045863941310017e+03,2.436788324928722886e+03,2.640974359042320884e+03,2.637271983830888985e+03
2.077621981814597785e+00,2.765403071359642126e+03,2.757521143740110347e+03,2.636569333374848156e+03,2.696975483146537044e+03,2.322045863941310017e+03,2.435413257101096406e+03,2.651421429742415512e+03,2.638108647346800353e+03
2.079700642953678624e+00,2.760211339699818836e+03,2.757520846348090345e+03,2.636874710403345034e+03,2.682949390872493495e+03,2.322045863941310017e+03,2.425417720732913040e+03,2.646063357894520777e+03,2.640076502219504619e+03
2.081781383793575024e+00,2.762925897951427487e+03,2.757520550138237923e+03,2.637181094363997545e+03,2.690599648664589040e+03,2.322045863941310017e+03,2.426704031934906197e+03,2.653517107062243213e+03,2.640240079942480406e+03
2.083864206415028786e+00,2.763653540865839204e+03,2.757520255105873730e+03,2.637480434672194406e+03,2.688636823882506178e+03,2.322045863941310017e+03,2.427097712357804539e+03,2.653374462131826931e+03,2.627092983240078411e+03
2.085949112900862712e+00,2.763310752167392366e+03,2.757519961246335242e+03,2.637779617314418829e+03,2.690573717310237498e+03,2.322045863941310017e+03,2.424579914539603578e+03,2.657128772196120735e+03,2.632896667182371402e+03
2.088036105335985937e+00,2.762096733779019814e+03,2.757519668554980854e+03,2.638074357461642194e+03,2.692194931511819505e+03,2.322045863941310017e+03,2.421048355552042722e+03,2.659404463778100308e+03,2.628961866992599425e+03
2.090125185807389485e+00,2.761278401328201653e+03,2.757519377027183509e+03,2.638364875752439275e+03,2.684910309696166223e+03,2.322045863941310017e+03,2.428376106136865474e+03,2.660429872934621926e+03,2.620524324786781108e+03
2.092216356404151156e+00,2.763523638375147584e+03,2.757519086658341621e+03,2.638647902982843789e+03,2.691127061184170998e+03,2.322045863941310017e+03,2.425293726511924888e+03,2.669525082930385452e+03,2.619700693487406170e+03
2.094309619217441298e+00,2.764064773254843658e+03,2.757518797443862240e+03,2.638929990301581711e+03,2.690217141169636761e+03,2.322045863941310017e+03,2.428576376234612326e+03,2.666988920152819901e+03,2.626285790269204426e+03
2.096404976340523252e+00,2.762003132258073947e+03,2.757518509379180614e+03,2.639202820178151342e+03,2.683863026806559901e+03,2.322045863941310017e+03,2.422677978234474267e+03,2.671974993679006730e+03,2.616792657797814172e+03
2.098502429868758234e+00,2.764877294099185292e+03,2.757518222459739263e+03,2.639470291727413041e+03,2.684481748138646708e+03,2.322045863941310017e+03,2.423460547300424878e+03,2.675398080505342023e+03,2.616952411317129190e+03
2.100601981899600013e+00,2.763055165329434658e+03,2.757517936681006177e+03,2.639726293518663624e+03,2.675909027528895876e+03,2.322045863941310017e+03,2.420370647828357960e+03,2.677902755192009863e+03,2.617874110405457486e+03
2.102703634532599342e+00,2.762946581023028557e+03,2.757517652038464803e+03,2.639977131441828533e+03,2.687927298508217063e+03,2.322045863941310017e+03,2.415646493560373528e+03,2.678210253915195153e+03,2.614294183006132243e+03
2.104807389869406631e+00,2.763353709157288449e+03,2.757517368527616782e+03,2.640222198496240708e+03,2.680939764666412884e+03,2.322045863941310017e+03,2.414501997386453695e+03,2.682925811905152386e+03,2.606518232277909192e+03
2.106913250013779493e+00,2.761838839688843109e+03,2.757517086143979668e+03,2.640456085881859963e+03,2.671201798179831258e+03,2.322045863941310017e+03,2.413242881721972935e+03,2.686800032899981034e+03,2.603235861731218392e+03
2.109021217071576970e+00,2.762314723921303994e+03,2.757516804883092391e+03,2.640682904869417598e+03,2.682186369146239031e+03,2.322045863941310017e+03,2.410496780076170126e+03,2.686234842156765808e+03,2.607302800431030846e+03
2.111131293150767085e+00,2.763316813599916259e+03,2.757516524740505247e+03,2.640895476369087646e+03,2.669410334329806119e+03,2.322045863941310017e+03,2.405180893389961966e+03,2.695610079022161699e+03,2.601645970103158561e+03
2.113243480361425952e+00,2.762916852984685647e+03,2.757516245711793545e+03,2.641102271236487013e+03,2.672338861514546807e+03,2.322045863941310017e+03,2.403883305941347317e+03,2.696287282796792624e+03,2.599045165398454174e+03
2.115357780815740441e+00,2.764003978818866472e+03,2.757515967792543961e+03,2.641299638801696801e+03,2.679437964762040792e+03,2.322045863941310017e+03,2.402306195414347258e+03,2.690892418457032363e+03,2.597477476437457426e+03
2.117474196628013505e+00,2.764852204343202175e+03,2.757515690978361363e+03,2.641491226981249383e+03,2.686598225330515561e+03,2.322045863941310017e+03,2.399796763838843617e+03,2.701427560053523848e+03,2.599213046521164870e+03
2.119592729914662410e+00,2.766848810239128852e+03,2.757515415264872445e+03,2.641675214106763633e+03,2.685433444900489121e+03,2.322045863941310017e+03,2.398438745228912467e+03,2.705318533059179117e+03,2.595734252830756759e+03
2.121713382794218283e+00,2.761787591480815991e+03,2.757515140647716180e+03,2.641852572958655401e+03,2.663274361760801639e+03,2.322045863941310017e+03,2.393700798226956977e+03,2.695288193022015548e+03,2.594648294058608371e+03
2.123836157387335000e+00,2.766709023779851123e+03,2.757514867122548821e+03,2.642022411546833609e+03,2.669359313207494779e+03,2.322045863941310017e+03,2.390955879233544692e+03,2.712725764361063739e+03,2.594131134627173196e+03
2.125961055816783407e+00,2.762097341529484311e+03,2.757514594685048451e+03,2.642186534712297998e+03,2.656822368463457678e+03,2.322045863941310017e+03,2.387758134653864090e+03,2.703829323841846417e+03,2.597139863345365484e+03
2.128088080207463317e+00,2.768098193701900527e+03,2.757514323330904517e+03,2.642340703578978719e+03,2.665344239804194331e+03,2.322045863941310017e+03,2.385808007117638681e+03,2.723590793459025463e+03,2.593851537443227699e+03
2.130217232686400397e+00,2.764411748584236648e+03,2.757514053055828299e+03,2.642491701951856157e+03,2.682687183549017391e+03,2.322045863941310017e+03,2.381997208386610964e+03,2.713359589925833916e+03,2.595756695733857669e+03
2.132348515382747944e+00,2.766556484495100449e+03,2.757513783855541533e+03,2.642636368915553248e+03,2.654708501592887387e+03,2.322045863941310017e+03,2.379774622665152037e+03,2.719993223836649577e+03,2.601436210573508561e+03
2.134481930427790441e+00,2.763579965133394580e+03,2.757513515725787329e+03,2.642777390666220981e+03,2.651613928358869089e+03,2.322045863941310017e+03,2.376929756921667831e+03,2.713479231438394436e+03,2.595006689127683330e+03
2.136617479954937782e+00,2.768964621023255859e+03,2.757513248662329715e+03,2.642913091485495897e+03,2.665472819820401128e+03,2.322045863941310017e+03,2.372463189750551919e+03,2.725188423355828490e+03,2.604138082267903883e+03
2.138755166099743477e+00,2.765891879135463569e+03,2.757512982660938633e+03,2.643045701799893777e+03,2.669171611503343684e+03,2.322045863941310017e+03,2.370946147326551909e+03,2.718604715750781907e+03,2.607024106557817049e+03
2.140894990999892666e+00,2.764752526406654397e+03,2.757512717717411306e+03,2.643174409242246838e+03,2.672666459456860139e+03,2.322045863941310017e+03,2.368021873332626001e+03,2.718712310250984501e+03,2.595701039355681587e+03
2.143036956795210557e+00,2.772617612823391028e+03,2.757512453827550416e+03,2.643300423686151134e+03,2.663552983237998887e+03,2.322045863941310017e+03,2.364949948742120341e+03,2.736592545410776893e+03,2.614759675777538632e+03
2.145181065627663308e+00,2.766561351668005955e+03,2.757512190987186386e+03,2.643426201901427703e+03,2.660011419087672493e+03,2.322045863941310017e+03,2.362344031508174794e+03,2.726273387663292851e+03,2.611326643440057524e+03
2.147327319641362031e+00,2.768353496129115683e+03,2.757511929192162370e+03,2.643549769502355048e+03,2.652706542241010084e+03,2.322045863941310017e+03,2.360412385600387552e+03,2.729904181092234921e+03,2.617038013292119103e+03
2.149475720982560567e+00,2.769273626241848888e+03,2.757511668438331526e+03,2.643677657992704553e+03,2.656619020070779243e+03,2.322045863941310017e+03,2.358184937179836652e+03,2.732061153297034252e+03,2.623204988026845513e+03
2.151626271799657264e+00,2.773686613389292688e+03,2.757511408721572479e+03,2.643805793952862132e+03,2.686288630702631963e+03,2.322045863941310017e+03,2.355173220902927824e+03,2.741340503810084101e+03,2.623868667898553213e+03
2.153778974243205191e+00,2.768139187976548783e+03,2.757511150037773859e+03,2.643936258203909802e+03,2.663019329637152623e+03,2.322045863941310017e+03,2.353184861802851174e+03,2.729973545474645107e+03,2.624869719890104534e+03
2.155933830465906809e+00,2.774538994033716790e+03,2.757510892382842485e+03,2.644068346601074154e+03,2.667654676848596409e+03,2.322045863941310017e+03,2.350589148776164166e+03,2.744893831067330666e+03,2.626349320898472342e+03
2.158090842622617522e+00,2.772185593513750064e+03,2.757510635752702456e+03,2.644202916987576828e+03,2.658186364531936306e+03,2.322045863941310017e+03,2.348970763845086822e+03,2.742943421924340782e+03,2.631454080465255174e+03
2.160250012870349678e+00,2.777339231371286132e+03,2.757510380143291968e+03,2.644343712838324791e+03,2.669663029176756027e+03,2.322045863941310017e+03,2.346434776959633837e+03,2.752786154435599656e+03,2.637947373826541480e+03
2.162411343368275229e+00,2.776980470220088591e+03,2.757510125550566954e+03,2.644487732725360274e+03,2.653743010734021027e+03,2.322045863941310017e+03,2.345299821410559616e+03,2.753565433074148586e+03,2.646797368135343731e+03
2.164574836277725733e+00,2.772634427501461232e+03,2.757509871970496988e+03,2.644635480067342087e+03,2.655007120887340534e+03,2.322045863941310017e+03,2.342370461452304880e+03,2.746449491485592716e+03,2.634522915347557955e+03
2.166740493762190578e+00,2.783641476368628446e+03,2.757509619399071653e+03,2.644786983360882459e+03,2.672764913832046204e+03,2.322045863941310017e+03,2.341212631849542049e+03,2.764073620266633952e+03,2.653916493696888665e+03
2.168908317987328083e+00,2.776427196606977304e+03,2.757509367832288717e+03,2.644943897740893135e+03,2.652133460934907816e+03,2.322045863941310017e+03,2.339411072586070532e+03,2.752770746785071424e+03,2.646726954986980218e+03
2.171078311120967275e+00,2.777980453381240750e+03,2.757509117266170961e+03,2.645103738725060339e+03,2.647457949717039810e+03,2.322045863941310017e+03,2.338081271978366203e+03,2.754686048645621213e+03,2.653880301206704644e+03
2.173250475333098120e+00,2.779025745938983164e+03,2.757508867696748894e+03,2.645271501947133402e+03,2.671793540519531689e+03,2.322045863941310017e+03,2.336665501942077753e+03,2.756876462267356601e+03,2.659558100818449475e+03
2.175424812795882623e+00,2.773867540720037141e+03,2.757508619120072126e+03,2.645442800719776642e+03,2.663018829079508578e+03,2.322045863941310017e+03,2.335413337709209372e+03,2.749060247019937378e+03,2.658659832616360745e+03
2.177601325683665046e+00,2.775776057717363983e+03,2.757508371532210276e+03,2.645617475275036668e+03,2.655672133343214682e+03,2.322045863941310017e+03,2.334330221042066569e+03,2.754291317235354200e+03,2.670435327501620122e+03
2.179780016172957691e+00,2.773363476778523363e+03,2.757508124929238420e+03,2.645799948652274907e+03,2.672719319393444948e+03,2.322045863941310017e+03,2.333400715835236952e+03,2.750506657051750153e+03,2.667708894916663667e+03
2.181960886442447567e+00,2.770041533637133853e+03,2.757507879307256189e+03,2.645984991046086179e+03,2.645972340254862502e+03,2.322045863941310017e+03,2.332410803978423701e+03,2.745567301621746992e+03,2.665636236280027333e+03
2.184143938673002605e+00,2.777290464865872764e+03,2.757507634662373221e+03,2.646174672530281441e+03,2.667956053516996690e+03,2.322045863941310017e+03,2.331331376185070894e+03,2.757610913680236990e+03,2.667230725117198745e+03
2.186329175047673878e+00,2.773771277936796650e+03,2.757507390990716885e+03,2.646367878016083978e+03,2.672634428399056105e+03,2.322045863941310017e+03,2.330461612183646594e+03,2.754085279444636853e+03,2.668857489775887643e+03
2.188516597751704484e+00,2.775884171117862934e+03,2.757507148288428198e+03,2.646566348991088034e+03,2.666737958189566598e+03,2.322045863941310017e+03,2.329640282155929071e+03,2.756495292431503458e+03,2.666106505665019540e+03
2.190706208972517111e+00,2.776625208948920317e+03,2.757506906551664997e+03,2.646768923113013898e+03,2.651253324529709971e+03,2.322045863941310017e+03,2.329047694650716494e+03,2.760002626499790040e+03,2.677702873361984985e+03
2.192898010899720251e+00,2.783408930832008537e+03,2.757506665776599220e+03,2.646974556494375975e+03,2.658672208963591856e+03,2.322045863941310017e+03,2.328288852486244195e+03,2.772609789590851960e+03,2.676180558257522080e+03
2.195092005725113982e+00,2.787521600724244308e+03,2.757506425959418721e+03,2.647186693348858171e+03,2.670318874668473654e+03,2.322045863941310017e+03,2.327652034957859996e+03,2.777642160313992463e+03,2.680921899525278150e+03
2.197288195642695285e+00,2.802653037130201938e+03,2.757506187096323629e+03,2.647400418129367608e+03,2.682385131714041108e+03,2.322045863941310017e+03,2.327090680687768327e+03,2.797930439647538606e+03,2.667091854522382164e+03
2.199486582848655836e+00,2.823695250072948966e+03,2.757505949183534085e+03,2.647613387326521661e+03,2.670717205020426718e+03,2.322045863941310017e+03,2.326520971491491764e+03,2.820791362029920492e+03,2.680707248946211621e+03
2.201687169541381994e+00,2.829527232374697178e+03,2.757505712217283417e+03,2.647833583927455493e+03,2.661642429366725992e+03,2.322045863941310017e+03,2.326143184021471370e+03,2.827529508351182812e+03,2.664714338465658784e+03
2.203889957921461917e+00,2.817063839387946246e+03,2.757505476193810409e+03,2.648053881054268004e+03,2.678768762880609756e+03,2.322045863941310017e+03,2.325704554906219073e+03,2.814208443356918451e+03,2.678253186884221122e+03
2.206094950191684223e+00,2.811921121379200031e+03,2.757505241109387498e+03,2.648276944045089749e+03,2.660993615444960597e+03,2.322045863941310017e+03,2.325427099664596426e+03,2.810783382680388058e+03,2.671635388545782462e+03
2.208302148557041988e+00,2.794441036790478393e+03,2.757505006960285300e+03,2.648499205848185738e+03,2.678305641838524934e+03,2.322045863941310017e+03,2.325131591511757051e+03,2.791776848861305552e+03,2.671859871716800626e+03
2.210511555224734526e+00,2.789899528333201943e+03,2.757504773742795805e+03,2.648725447255491417e+03,2.659248062245922938e+03,2.322045863941310017e+03,2.324813724601011927e+03,2.785587641556478047e+03,2.680736691054009498e+03
2.212723172404166938e+00,2.792203636667459705e+03,2.757504541453223737e+03,2.648953816122449552e+03,2.646736383057058902e+03,2.322045863941310017e+03,2.324565769094491770e+03,2.788232860615155460e+03,2.679909981046826488e+03
2.214937002306954117e+00,2.783557212790758513e+03,2.757504310087892009e+03,2.649182626822541351e+03,2.679840450037112078e+03,2.322045863941310017e+03,2.324325838182415737e+03,2.773924866841618496e+03,2.676295790874935392e+03
2.217153047146928291e+00,2.792551908097538671e+03,2.757504079643133991e+03,2.649413471654744626e+03,2.670026005897001596e+03,2.322045863941310017e+03,2.324126011554083107e+03,2.786754601979187100e+03,2.665166657917927751e+03
2.219371309140134585e+00,2.783597402419816262e+03,2.757503850115296700e+03,2.649645760646637427e+03,2.691729567475296335e+03,2.322045863941310017e+03,2.323878306769198844e+03,2.773764176976025283e+03,2.662458993760722933e+03
2.221591790504835462e+00,2.794725280594820106e+03,2.757503621500748523e+03,2.649878182447103427e+03,2.666219832983437755e+03,2.322045863941310017e+03,2.323717690229801519e+03,2.788946548850678482e+03,2.688405200262100607e+03
2.223814493461512498e+00,2.790065359397131488e+03,2.757503393795864213e+03,2.650112151361632186e+03,2.679928704815357378e+03,2.322045863941310017e+03,2.323531959538182491e+03,2.782596509758282991e+03,2.685431310917574137e+03
2.226039420232865051e+00,2.795980900310451943e+03,2.757503166997034441e+03,2.650348827647809230e+03,2.677029958130627165e+03,2.322045863941310017e+03,2.323366326648482755e+03,2.790622021195496018e+03,2.670583889295685822e+03
2.228266573043822252e+00,2.798189799795669842e+03,2.757502941100669887e+03,2.650583961727008955e+03,2.674375799916515916e+03,2.322045863941310017e+03,2.323223027055999410e+03,2.793362281647162035e+03,2.673058522217709196e+03
2.230495954121537672e+00,2.795264808393975727e+03,2.757502716103188050e+03,2.650820212572340097e+03,2.661952736115365497e+03,2.322045863941310017e+03,2.323107432808468275e+03,2.789582716244578023e+03,2.689567989218514413e+03
2.232727565695392880e+00,2.801715107116086983e+03,2.757502492001025530e+03,2.651057059540622504e+03,2.656129767745359004e+03,2.322045863941310017e+03,2.322996314207707201e+03,2.797261485732222354e+03,2.683538115117317830e+03
2.234961409997001436e+00,2.799552019130770532e+03,2.757502268790631206e+03,2.651294460662862548e+03,2.680375360768168321e+03,2.322045863941310017e+03,2.322930273511661198e+03,2.795469345867617903e+03,2.665002100874230564e+03
2.237197489260204453e+00,2.810476576816937268e+03,2.757502046468464414e+03,2.651532675417594419e+03,2.665548600703478314e+03,2.322045863941310017e+03,2.322830301218379645e+03,2.807767259176135667e+03,2.671223580746907828e+03
2.239435805721083472e+00,2.803056314920002478e+03,2.757501825031004955e+03,2.651771118632744674e+03,2.664502432711146866e+03,2.322045863941310017e+03,2.322769677046034758e+03,2.799905413698152643e+03,2.689984130540368369e+03
2.241676361617952473e+00,2.813026999672877537e+03,2.757501604474743999e+03,2.652007621314873177e+03,2.674400785516819724e+03,2.322045863941310017e+03,2.322704984346119545e+03,2.811069057647847330e+03,2.685247157886478362e+03
2.243919159191370305e+00,2.807329221073487588e+03,2.757501384796181810e+03,2.652247104141763430e+03,2.680148848574021031e+03,2.322045863941310017e+03,2.322641929950442318e+03,2.804983774364398869e+03,2.672765904447768207e+03
2.246164200684134471e+00,2.825950959786608109e+03,2.757501165991841390e+03,2.652485395473234348e+03,2.662084735410594931e+03,2.322045863941310017e+03,2.322585385735783802e+03,2.824821969920066749e+03,2.686382601478039305e+03
2.248411488341286901e+00,2.813457500612120839e+03,2.757500948058253925e+03,2.652723842402674109e+03,2.679457231632819003e+03,2.322045863941310017e+03,2.322533319873909477e+03,2.811595532681902114e+03,2.692123243559501134e+03
2.250661024410114397e+00,2.819453569280351530e+03,2.757500730991960609e+03,2.652961145096001474e+03,2.662492454901498604e+03,2.322045863941310017e+03,2.322477811396128800e+03,2.818023886978598057e+03,2.687014679731849355e+03
2.252912811140153959e+00,2.817967861104937128e+03,2.757500514789524004e+03,2.653199451211833093e+03,2.664243112952915908e+03,2.322045863941310017e+03,2.322504534709860309e+03,2.816532281646315369e+03,2.677329256580094807e+03
2.255166850783189236e+00,2.819643637167974703e+03,2.757500299447516227e+03,2.653437628567909996e+03,2.678127277623921145e+03,2.322045863941310017e+03,2.322475564002637839e+03,2.818427479676047369e+03,2.697733089280319746e+03
2.257423145593265179e+00,2.817741146832892809e+03,2.757500084962526216e+03,2.653676142246367363e+03,2.683774611481047941e+03,2.322045863941310017e+03,2.322394386510994991e+03,2.816278982501532482e+03,2.703334292775696213e+03
2.259681697826675162e+00,2.811990087014019537e+03,2.757499871331150189e+03,2.653913789194174569e+03,2.661433080349770080e+03,2.322045863941310017e+03,2.322367175451803632e+03,2.809886689761845446e+03,2.693434799842269513e+03
2.261942509741970309e+00,2.818250873414396665e+03,2.757499658550000731e+03,2.654151702284975272e+03,2.665125008583363979e+03,2.322045863941310017e+03,2.322323614060516775e+03,2.816758987592414542e+03,2.691832834825397640e+03
2.264205583599967930e+00,2.817975936155482486e+03,2.757499446615708621e+03,2.654388759015709638e+03,2.683508222531637330e+03,2.322045863941310017e+03,2.322305933975879725e+03,2.816539055196312802e+03,2.691559004093605836e+03
2.266470921663736870e+00,2.810314482328516533e+03,2.757499235524908272e+03,2.654625971902426045e+03,2.681748585661723610e+03,2.322045863941310017e+03,2.322309966165125843e+03,2.808459142184806296e+03,2.700464580026447948e+03
2.268738526198614380e+00,2.819740785149805106e+03,2.757499025274257292e+03,2.654864895751038603e+03,2.698647813537916591e+03,2.322045863941310017e+03,2.322279332971198528e+03,2.818649285413961024e+03,2.705027390585624289e+03
2.271008399472205230e+00,2.807810415902825298e+03,2.757498815860420564e+03,2.655101082605938245e+03,2.683783174332505951e+03,2.322045863941310017e+03,2.322279623169485149e+03,2.806043802451156353e+03,2.694288440810401426e+03
2.273280543754384375e+00,2.814418005295309740e+03,2.757498607280073429e+03,2.655337089170990566e+03,2.672554209882900977e+03,2.322045863941310017e+03,2.322256088118401749e+03,2.813268652648778243e+03,2.696160211500033256e+03
2.275554961317296510e+00,2.813107738969894854e+03,2.757498399529914877e+03,2.655572159758177349e+03,2.672998591174606190e+03,2.322045863941310017e+03,2.322235717458597719e+03,2.811855859255821997e+03,2.699225752046948855e+03
2.277831654435360065e+00,2.813897509051149882e+03,2.757498192606647535e+03,2.655807498420344473e+03,2.666354752209113030e+03,2.322045863941310017e+03,2.322221855570572643e+03,2.812640699415282597e+03,2.700294343046670747e+03
2.280110625385271206e+00,2.807618302864622365e+03,2.757497986506989491e+03,2.656041443324344073e+03,2.692336989096574598e+03,2.322462609432691806e+03,2.322212758138777644e+03,2.806397130524189834e+03,2.702101571723525467e+03
2.282391876445996282e+00,2.814535402901769885e+03,2.757497781227673386e+03,2.656272738426522210e+03,2.674259014262879646e+03,2.326358996760073751e+03,2.322207530993709497e+03,2.813634124581550623e+03,2.691247695398687938e+03
2.284675409898784260e+00,2.819744079905687158e+03,2.757497576765441863e+03,2.656502981233639275e+03,2.677453836533650247e+03,2.333246194989163996e+03,2.322185170742218361e+03,2.818995970086427405e+03,2.702993774175507497e+03
2.286961228027174720e+00,2.815021016481514835e+03,2.757497373117052121e+03,2.656733798607428980e+03,2.679744007184891416e+03,2.344292374888508675e+03,2.322174887442719410e+03,2.813873855334674772e+03,2.697892945820408841e+03
2.289249333116982310e+00,2.827704903618728167e+03,2.757497170279276361e+03,2.656961038188593648e+03,2.664639936596262032e+03,2.362407987241283990e+03,2.322208436296426498e+03,2.827312769438195119e+03,2.698119546079495194e+03
2.291539727456315845e+00,2.830211739594516075e+03,2.757496968248897247e+03,2.657187898220254283e+03,2.693891070812270300e+03,2.394773368199732431e+03,2.322179861540923412e+03,2.829787714665053954e+03,2.691855133548269350e+03
2.293832413335568976e+00,2.827397056436659568e+03,2.757496767022708354e+03,2.657411752760075160e+03,2.686780805922479885e+03,2.527518654483933005e+03,2.322163452014164250e+03,2.826737743596626387e+03,2.689974170427235549e+03
2.296127393047421972e+00,2.832964758948323379e+03,2.757496566597518267e+03,2.657634920855668042e+03,2.703697740732995044e+03,2.555018108210550508e+03,2.322155511898383793e+03,2.832544228784530787e+03,2.694039831258856339e+03
2.298424668886857702e+00,2.825178130906801471e+03,2.757496366970146937e+03,2.657855220859787551e+03,2.685603416625182490e+03,2.554419196087986620e+03,2.322142644621249019e+03,2.824473413312711727e+03,2.695987998850444001e+03
2.300724243151155868e+00,2.822390921341358990e+03,2.757496168137430232e+03,2.658070940761951988e+03,2.687941735718634391e+03,2.561069140437802616e+03,2.322139433652615480e+03,2.821423663644009139e+03,2.695639547924756698e+03
2.303026118139892109e+00,2.824722237034830869e+03,2.757495970096212204e+03,2.658287445377782205e+03,2.652901616531221407e+03,2.572570777466399250e+03,2.322134884651092761e+03,2.823839429995124192e+03,2.694219350490722718e+03
2.305330296154936232e+00,2.815659526366910541e+03,2.757495772843349187e+03,2.658500430018755196e+03,2.676906595791834206e+03,2.567725465994010392e+03,2.322131097995777964e+03,2.814314762261776195e+03,2.685091405152983953e+03
2.307636779500468638e+00,2.805096833840061208e+03,2.757495576375714791e+03,2.658709297480790610e+03,2.675961863873379571e+03,2.589097667724069197e+03,2.322143786825205098e+03,2.803385521442298341e+03,2.691732690227844614e+03
2.309945570482975441e+00,2.796029310933194665e+03,2.757495380690191269e+03,2.658917354547566447e+03,2.694824888114458190e+03,2.581767603735100238e+03,2.322133125757336984e+03,2.793148783043638559e+03,2.683421172788750027e+03
2.312256671411244913e+00,2.790125010588088571e+03,2.757495185783672696e+03,2.659118789497013950e+03,2.686930501534123778e+03,2.594189139056829390e+03,2.322127255625477574e+03,2.786201594728665896e+03,2.685626928355122800e+03
2.314570084596378141e+00,2.790725303322821674e+03,2.757494991653069519e+03,2.659320027537461556e+03,2.693626048493166763e+03,2.584539420411018455e+03,2.322266561925478527e+03,2.785220643919171380e+03,2.694475493710428054e+03
2.316885812351786811e+00,2.849482378322026761e+03,2.757494798295295823e+03,2.659515853457767207e+03,2.698426634210723932e+03,2.587516670468727170e+03,2.322428904526816041e+03,2.849010429976157411e+03,2.702913446854067843e+03
2.319203856993203416e+00,2.842756719519521994e+03,2.757494605707288883e+03,2.659707354457884776e+03,2.675665032202231032e+03,2.565908000087030359e+03,2.322245231735677407e+03,2.842273567628385081e+03,2.703393257023416481e+03
2.321524220838667496e+00,2.826945769154827303e+03,2.757494413885988706e+03,2.659896750570052518e+03,2.702782144050888746e+03,2.589054373006921651e+03,2.322168208174735355e+03,2.826035127425407609e+03,2.700443790232947777e+03
2.323846906208542507e+00,2.817056291877222066e+03,2.757494222828353486e+03,2.660081571687740961e+03,2.711988585779287405e+03,2.578025135702056559e+03,2.322141148147486092e+03,2.816042168372543529e+03,2.701293301868186518e+03
2.326171915425521153e+00,2.819263582430810857e+03,2.757494032531354151e+03,2.660261055274660521e+03,2.658528356352230276e+03,2.592333410837812607e+03,2.322131222190169865e+03,2.818551572969056451e+03,2.700297044247988197e+03
2.328499250814608956e+00,2.819127564689163137e+03,2.757493842991965721e+03,2.660437153006543213e+03,2.692425881125139313e+03,2.572096608057699541e+03,2.322145559246111588e+03,2.818596197998998377e+03,2.701918010607944780e+03
2.330828914703140242e+00,2.815556139045210784e+03,2.757493654207181407e+03,2.660608162151959277e+03,2.699700299420638203e+03,2.584363568889221824e+03,2.322146973272681407e+03,2.814520829163882354e+03,2.720541091206313467e+03
2.333160909420783025e+00,2.816564155308396494e+03,2.757493466174006244e+03,2.660774109059681905e+03,2.676605350100696796e+03,2.570748235569688859e+03,2.322204722075417976e+03,2.815927292469773420e+03,2.703852185355455276e+03
2.335495237299530125e+00,2.825137643767424834e+03,2.757493278889454359e+03,2.660935632826663550e+03,2.678625137340089168e+03,2.562945656756108747e+03,2.322282244767965494e+03,2.824692818873273154e+03,2.704513657246913681e+03
2.337831900673706720e+00,2.819187187592552618e+03,2.757493092350555798e+03,2.661091537187602171e+03,2.678314938409068418e+03,2.564485859686690674e+03,2.322429027737908655e+03,2.818322473001475373e+03,2.695458175989041138e+03
2.340170901879976562e+00,2.826153047815625996e+03,2.757492906554346064e+03,2.661241631877374402e+03,2.706908753224606698e+03,2.576565402282255945e+03,2.322240307279800618e+03,2.825607283323177853e+03,2.685720694423141140e+03
2.342512243257343307e+00,2.817859650191962373e+03,2.757492721497878847e+03,2.661386138831721382e+03,2.696750390314671677e+03,2.555231925375986521e+03,2.322301481890262039e+03,2.817029758826547550e+03,2.694899323485414243e+03
2.344855927147150076e+00,2.830018631373011885e+03,2.757492537178216935e+03,2.661524922927728312e+03,2.705759259407651825e+03,2.534361577672358180e+03,2.322245530752008563e+03,2.829500457046938209e+03,2.688287489680558338e+03
2.347201955893081227e+00,2.824166887424162724e+03,2.757492353592432664e+03,2.661656102507459309e+03,2.698093031780649198e+03,2.511494468554786636e+03,2.322187668924740137e+03,2.823682501572405272e+03,2.703035958998885690e+03
2.349550331841163242e+00,2.823043717248378925e+03,2.757492170737614288e+03,2.661782128876185197e+03,2.693434817956476763e+03,2.519000649054496080e+03,2.322181022011780897e+03,2.822253820961804195e+03,2.688393850530165764e+03
2.351901057339769618e+00,2.821391496319723956e+03,2.757491988610855060e+03,2.661902752073879128e+03,2.740593800240680594e+03,2.550963328882703991e+03,2.322181546746328422e+03,2.820400384291678165e+03,2.692531368394995297e+03
2.354254134739628412e+00,2.817714098505794027e+03,2.757491807209265517e+03,2.662014758765856186e+03,2.676039972936059257e+03,2.542963569747227211e+03,2.322288003701685739e+03,2.816797807748673222e+03,2.684736496014814747e+03
2.356609566393820909e+00,2.816732887106863018e+03,2.757491626529968471e+03,2.662119864850513750e+03,2.697346941009503553e+03,2.549300041769902236e+03,2.322346579803216173e+03,2.815834688093537352e+03,2.678855674785186693e+03
2.358967354657777182e+00,2.822377720765278355e+03,2.757491446570089920e+03,2.662216827787437524e+03,2.700359769458855681e+03,2.557792805723383026e+03,2.322302911083929757e+03,2.821504030648224671e+03,2.687294873262918372e+03
2.361327501889283198e+00,2.807040746805862000e+03,2.757491267326774050e+03,2.662306693753995205e+03,2.700351444531519064e+03,2.552044706548745580e+03,2.322237403899742731e+03,2.805180799545365062e+03,2.689248870773178623e+03
2.363690010448485701e+00,2.807904480649571269e+03,2.757491088797180964e+03,2.662388414599550742e+03,2.701486473112440763e+03,2.553127584281411146e+03,2.322270355899446258e+03,2.806345640361429105e+03,2.675104528135746932e+03
2.366054882697896211e+00,2.810748157546115635e+03,2.757490910978472130e+03,2.662461934079590719e+03,2.686952779963555713e+03,2.565550204604990540e+03,2.322250252795584402e+03,2.809263573901807831e+03,2.683532411225050964e+03
2.368422121002387026e+00,2.810483685737186079e+03,2.757490733867822655e+03,2.662526349011812727e+03,2.716378162733381942e+03,2.556260189121547683e+03,2.322206397801770891e+03,2.808796423751005477e+03,2.680369778531633528e+03
2.370791727729192999e+00,2.844380092586793580e+03,2.757490557462419019e+03,2.662579777286077388e+03,2.723758240086814112e+03,2.552561273674406493e+03,2.322188244442852465e+03,2.843884060928430245e+03,2.684133309504873978e+03
2.373163705247925304e+00,2.825999058336808048e+03,2.757490381759462707e+03,2.662626125297984800e+03,2.698040174481729537e+03,2.554078755568459655e+03,2.322205002300610431e+03,2.824964893598036269e+03,2.682196797422588588e+03
2.375538055930560777e+00,2.820065141798934746e+03,2.757490206756162934e+03,2.662661953603109396e+03,2.702045327334199101e+03,2.555901434864364091e+03,2.322273259356337803e+03,2.819397437718191668e+03,2.680134888390622109e+03
2.377914782151449469e+00,2.814629822348773359e+03,2.757490032449741648e+03,2.662686123379141009e+03,2.712822182821472779e+03,2.545587408202744882e+03,2.322361288417216656e+03,2.813942253269945013e+03,2.671493984619656658e+03
2.380293886287319527e+00,2.818898102900162485e+03,2.757489858837429892e+03,2.662699953391063900e+03,2.723447283832582343e+03,2.546849508614669503e+03,2.322271578508060429e+03,2.818526609102201292e+03,2.673934568537865744e+03
2.382675370717275865e+00,2.811812571634156029e+03,2.757489685916470989e+03,2.662702987211286654e+03,2.722074859504020424e+03,2.538293808401946535e+03,2.322238648619211290e+03,2.810992003763869889e+03,2.687440722581377941e+03
2.385059237822800604e+00,2.812943908798131815e+03,2.757489513684117355e+03,2.662692465947435721e+03,2.737573523393787127e+03,2.528070491639728971e+03,2.322246806535396445e+03,2.811664023245229600e+03,2.681667761763149429e+03
2.387445489987759739e+00,2.810212413936981193e+03,2.757489342137632775e+03,2.662670780138224472e+03,2.727227904729468719e+03,2.550006047972874967e+03,2.322353863000692854e+03,2.809082158284100387e+03,2.670662740206866602e+03
2.389834129598409795e+00,2.806807086674950369e+03,2.757489171274296041e+03,2.662635300248913609e+03,2.693615480948071308e+03,2.551395177618843263e+03,2.322220452622633729e+03,2.805338922352675581e+03,2.679856870871390129e+03
2.392225159043389393e+00,2.802862802802901570e+03,2.757489001091390037e+03,2.662585652113404194e+03,2.715738904275626282e+03,2.555406335463523646e+03,2.322190162607488674e+03,2.800854459781654441e+03,2.676469029713062355e+03
2.394618580713724576e+00,2.808402641646612665e+03,2.757488831586213564e+03,2.662527547226712159e+03,2.698885227257530460e+03,2.539853781227652235e+03,2.322200247407240113e+03,2.806469755005447041e+03,2.685560493832595512e+03
2.397014397002838582e+00,2.803564001771971107e+03,2.757488662756075428e+03,2.662453213519650944e+03,2.722185005515137618e+03,2.529763185362736294e+03,2.322238101474378254e+03,2.800543114693005464e+03,2.690580697174543729e+03
2.399412610306550508e+00,2.805123253924060919e+03,2.757488494598288980e+03,2.662365904901365411e+03,2.703255125347394369e+03,2.520166302809520403e+03,2.322245201766976606e+03,2.803084691733904492e+03,2.674248719901808727e+03
2.401813223023073984e+00,2.800851098546479079e+03,2.757488327110189402e+03,2.662264357087386543e+03,2.707382215777396141e+03,2.549704525963215474e+03,2.322241443921151131e+03,2.797921937817209255e+03,2.660013541245202759e+03
2.404216237553020274e+00,2.800937094320607684e+03,2.757488160289110510e+03,2.662147290589381100e+03,2.720046557697347907e+03,2.551258561991812257e+03,2.322217643719656735e+03,2.797345669096617257e+03,2.672827475053729813e+03
2.406621656299405387e+00,2.795682164845858551e+03,2.757487994132404765e+03,2.662017327728107375e+03,2.725701641490845759e+03,2.540698135111747888e+03,2.322198276548769627e+03,2.790140671161764203e+03,2.669393241980184939e+03
2.409029481667643857e+00,2.798819997098183649e+03,2.757487828637433722e+03,2.661874208207246284e+03,2.729323399177656484e+03,2.513113212480396669e+03,2.322187312946489783e+03,2.794864304053969590e+03,2.673778637046154927e+03
2.411439716065562955e+00,2.792909654544281238e+03,2.757487663801564850e+03,2.661717744342544393e+03,2.726310163502361320e+03,2.527019217478821247e+03,2.322190294533059841e+03,2.788268754280898975e+03,2.665360523315163391e+03
2.413852361903402688e+00,2.794297422569723949e+03,2.757487499622180621e+03,2.661549393544246868e+03,2.730351815730119142e+03,2.540407639075495808e+03,2.322179724481948142e+03,2.789490299750921167e+03,2.661863035562886125e+03
2.416267421593803366e+00,2.796297893518989440e+03,2.757487336096675790e+03,2.661366424693320369e+03,2.734153451770958327e+03,2.531157408786131782e+03,2.322175303108087064e+03,2.791522972431676408e+03,2.667940175506247670e+03
2.418684897551825586e+00,2.806038407781372825e+03,2.757487173222449201e+03,2.661170853786426505e+03,2.748475054985443421e+03,2.503187488559528447e+03,2.322200180452610766e+03,2.801374328741513636e+03,2.658194552198103338e+03
2.421104792194948452e+00,2.796568573559578908e+03,2.757487010996912431e+03,2.660961781074734517e+03,2.720617342089394697e+03,2.504252607467743019e+03,2.322202669136788700e+03,2.791776743734781576e+03,2.676780892429802407e+03
2.423527107943065584e+00,2.822054716106543765e+03,2.757486849417488884e+03,2.660741146649094389e+03,2.723442164625133046e+03,2.520108567004452198e+03,2.322166527634565682e+03,2.820704985186097929e+03,2.651458043442234612e+03
2.425951847218492219e+00,2.805923471422887815e+03,2.757486688481612418e+03,2.660506572863298516e+03,2.717457899526312303e+03,2.525670192598033736e+03,2.322163171362755293e+03,2.802460326650825664e+03,2.660535856916283137e+03
2.428379012445967877e+00,2.805644807743385627e+03,2.757486528186725991e+03,2.660259584187768723e+03,2.726270882637522391e+03,2.488386708438963069e+03,2.322351302391040917e+03,2.802778128527424997e+03,2.652535277836274417e+03
2.430808606052657250e+00,2.794401065410425872e+03,2.757486368530278469e+03,2.659998175922145037e+03,2.732381174296582230e+03,2.529753834885682409e+03,2.322288606119458109e+03,2.790028042999997979e+03,2.667902952591308804e+03
2.433240630468156418e+00,2.798713094911054668e+03,2.757486209509734636e+03,2.659723741225725462e+03,2.722829078943843342e+03,2.496971832633648773e+03,2.322205448962572063e+03,2.794819130146086081e+03,2.669544450076520661e+03
2.435675088124486631e+00,2.809388142189226073e+03,2.757486051122570188e+03,2.659436900904042432e+03,2.770909449158108600e+03,2.486194243464640294e+03,2.322194965652116935e+03,2.801548427341356273e+03,2.656633084957853043e+03
2.438111981456106747e+00,2.797739508538127666e+03,2.757485893366266282e+03,2.659135509478352560e+03,2.722487339518362205e+03,2.507308476341557707e+03,2.322164282514689148e+03,2.794680889385756473e+03,2.649357685596582996e+03
2.440551312899912340e+00,2.793246205747287604e+03,2.757485736238313621e+03,2.658825258364050569e+03,2.714721412835573574e+03,2.492186265687100331e+03,2.322179282797178985e+03,2.788499386778879852e+03,2.652727759352242629e+03
2.442993084895234812e+00,2.791067386960892236e+03,2.757485579736218369e+03,2.658504186682642285e+03,2.740912638147814505e+03,2.463764914546115961e+03,2.322177748395742583e+03,2.785213082591955299e+03,2.657911251710822398e+03
2.445437299883853388e+00,2.791190720847805096e+03,2.757485423857492151e+03,2.658172817413079429e+03,2.759294190620787504e+03,2.470868139578535192e+03,2.322207875271824832e+03,2.780312961717695543e+03,2.664181742036692867e+03
2.447883960309979123e+00,2.798554725240440348e+03,2.757485268599657957e+03,2.657832250389999444e+03,2.750862642142632922e+03,2.497397412556402742e+03,2.322206793196444323e+03,2.792851318725980946e+03,2.647749203489550837e+03
2.450333068620264676e+00,2.788890961375533152e+03,2.757485113960245599e+03,2.657481445219603756e+03,2.753188462262230132e+03,2.468805987692884173e+03,2.322246479791234833e+03,2.774612217717958174e+03,2.652406898449025448e+03
2.452784627263817185e+00,2.792777360725729977e+03,2.757484959936801715e+03,2.657120595596988096e+03,2.765495275113341449e+03,2.470413456982057596e+03,2.322182910126522529e+03,2.783782119759049237e+03,2.645811845541497405e+03
2.455238638692204489e+00,2.789452983271969515e+03,2.757484806526872944e+03,2.656751728264082885e+03,2.735360664651520437e+03,2.489220479332739615e+03,2.322174255400215316e+03,2.781747332630519850e+03,2.652554429148884083e+03
2.457695105359434695e+00,2.790273686847032877e+03,2.757484653728024568e+03,2.656374843156507723e+03,2.728425665132980612e+03,2.457697486989024128e+03,2.322192368336790878e+03,2.784574039688294306e+03,2.656871771530619753e+03
2.460154029721969504e+00,2.784653472800779582e+03,2.757484501537826873e+03,2.655989029422681142e+03,2.749456088500865917e+03,2.477108932194004865e+03,2.322215048867429687e+03,2.773557032000963318e+03,2.651406241081779172e+03
2.462615414238743750e+00,2.791698439256280835e+03,2.757484349953860146e+03,2.655596373473314088e+03,2.765459377550381760e+03,2.470135687260416034e+03,2.322219001749063409e+03,2.778988448264193266e+03,2.646730007147033120e+03
2.465079261371135200e+00,2.783883880311134362e+03,2.757484198973716047e+03,2.655196301934057828e+03,2.738091422997683821e+03,2.463355481021536434e+03,2.323437838760339673e+03,2.772386303041215342e+03,2.648475757678696937e+03
2.467545573582992535e+00,2.785318580081801883e+03,2.757484048594993510e+03,2.654790015129868152e+03,2.756035576950730501e+03,2.471907510325616840e+03,2.323533836453038930e+03,2.773447386765246847e+03,2.652349960499696408e+03
2.470014353340631796e+00,2.787240642778941037e+03,2.757483898815301472e+03,2.654376009869828067e+03,2.751848458333477993e+03,2.450737717199958297e+03,2.322955243531385349e+03,2.777158124604775367e+03,2.653057299488669742e+03
2.472485603112830166e+00,2.792650725660945227e+03,2.757483749632258878e+03,2.653957006911530243e+03,2.772892270619381179e+03,2.452459062922455814e+03,2.322679440405682726e+03,2.771972723366071932e+03,2.655707985653204105e+03
2.474959325370837071e+00,2.785755868395106518e+03,2.757483601043494673e+03,2.653531729463967167e+03,2.770425383771547331e+03,2.464203274160054207e+03,2.322471578420669175e+03,2.764390900292099104e+03,2.653168259356526960e+03
2.477435522588375072e+00,2.785350779142887859e+03,2.757483453046646446e+03,2.653101113658623490e+03,2.760061224235363625e+03,2.398606430491358878e+03,2.322479751988000316e+03,2.768633980211775906e+03,2.654225768745773166e+03
2.479914197241638973e+00,2.786879963165417848e+03,2.757483305639359514e+03,2.652665387626005213e+03,2.763838262624739855e+03,2.446545390831888653e+03,2.322570211726149864e+03,2.768165947002805751e+03,2.666972041635083770e+03
2.482395351809303374e+00,2.787519255968799371e+03,2.757483158819293749e+03,2.652223560496857772e+03,2.774734528245320234e+03,2.443824073434424463e+03,2.332540811816198129e+03,2.761280318313644329e+03,2.648056413515461827e+03
2.484878988772528885e+00,2.783024847649638104e+03,2.757483012584112203e+03,2.651778205719305333e+03,2.750843969782290969e+03,2.406826387505402636e+03,2.326867845130467231e+03,2.765361273399018955e+03,2.650197905686465219e+03
2.487365110614955466e+00,2.793728773044545051e+03,2.757482866931491117e+03,2.651327603652843209e+03,2.780134946282288638e+03,2.438937428426455426e+03,2.324149681212132691e+03,2.762908774866981275e+03,2.645666162301707573e+03
2.489853719822701983e+00,2.794623050568164217e+03,2.757482721859113099e+03,2.650873449357323807e+03,2.789012723566491331e+03,2.410510102855457262e+03,2.323185736100255326e+03,2.764248779094999009e+03,2.649574350990747462e+03
2.492344818884375091e+00,2.788401722816781330e+03,2.757482577364672125e+03,2.650415369380932134e+03,2.775254848169850447e+03,2.426972226992897504e+03,2.323813465710710261e+03,2.760323681240460701e+03,2.648957010929766511e+03
2.494838410291070563e+00,2.784020164342412954e+03,2.757482433445871266e+03,2.649953363217845890e+03,2.765052316332863484e+03,2.412899577284358202e+03,2.324050198627937789e+03,2.754914812226316826e+03,2.639926987090662806e+03
2.497334496536383064e+00,2.792855021849603872e+03,2.757482290100420869e+03,2.649489288566077903e+03,2.787844843794571261e+03,2.411817773700112411e+03,2.328775380440222307e+03,2.754313783060255901e+03,2.638922463695916122e+03
2.499833080116400374e+00,2.786712306973964587e+03,2.757482147326040376e+03,2.649021406649082110e+03,2.774252200608842486e+03,2.438536583602979590e+03,2.331688839674841347e+03,2.759393770168686387e+03,2.640371402115178626e+03
2.502334163529706501e+00,2.787367062706934576e+03,2.757482005120461054e+03,2.648550471540569106e+03,2.775747960779233836e+03,2.394912396469988380e+03,2.325560583879507249e+03,2.752397018577611107e+03,2.641222662687066531e+03
2.504837749277384784e+00,2.792181325713908791e+03,2.757481863481422351e+03,2.648076651002153540e+03,2.786235349368238076e+03,2.409098957859323946e+03,2.324472656150298462e+03,2.754659394137873278e+03,2.642920154256979913e+03
2.507343839863014345e+00,2.788745025182601239e+03,2.757481722406668268e+03,2.647600752851810739e+03,2.779302706327850956e+03,2.413150723921601184e+03,2.324353637804993923e+03,2.748073485805859491e+03,2.632473629446273662e+03
2.509852437792693625e+00,2.791950204127226698e+03,2.757481581893961902e+03,2.647120794839473092e+03,2.784948357093725008e+03,2.388529887270447034e+03,2.323657793805251913e+03,2.750830973215124686e+03,2.630188606923270527e+03
2.512363545575025725e+00,2.801255264899698432e+03,2.757481441941060439e+03,2.646640938649385589e+03,2.797668439851264793e+03,2.398286574517898771e+03,2.323743179244364910e+03,2.753065028799393986e+03,2.636391780773754817e+03
2.514877165721114416e+00,2.804341834376419229e+03,2.757481302545743802e+03,2.646156953369895746e+03,2.800834961456105702e+03,2.424864841038852774e+03,2.333195900645840084e+03,2.747284657421685552e+03,2.630850399354158981e+03
2.517393300744581452e+00,2.801858259069777887e+03,2.757481163705791460e+03,2.645672600338985376e+03,2.799092239979053375e+03,2.375107810956098547e+03,2.328235040434654366e+03,2.746717119987307797e+03,2.623929590024631125e+03
2.519911953161556806e+00,2.789005804277121570e+03,2.757481025418998343e+03,2.645184603323886677e+03,2.782074428670639008e+03,2.382273209011984818e+03,2.325644833015453059e+03,2.748919504306915314e+03,2.624343215583583515e+03
2.522433125490685324e+00,2.793166444268357282e+03,2.757480887683163019e+03,2.644695466611232860e+03,2.789052811161211139e+03,2.382349180057953618e+03,2.327906036342183597e+03,2.745229955363610316e+03,2.628802170501326600e+03
2.524956820253147161e+00,2.813454382223389985e+03,2.757480750496094970e+03,2.644206703386418667e+03,2.812480680052883145e+03,2.364278893263192003e+03,2.327747960494231393e+03,2.741912547794855072e+03,2.623045413139502216e+03
2.527483039972645340e+00,2.803102521644656463e+03,2.757480613855611409e+03,2.643713842706491505e+03,2.801012421380464275e+03,2.390715758879953228e+03,2.326214569769679656e+03,2.742962809674702839e+03,2.626164642435970563e+03
2.530011787175398652e+00,2.797142255126219425e+03,2.757480477759538189e+03,2.643221862413425697e+03,2.794030820069007405e+03,2.345354470756592491e+03,2.333817404788316253e+03,2.739760662008975942e+03,2.622727732874209323e+03
2.532543064390146537e+00,2.825677507208134102e+03,2.757480342205713441e+03,2.642730081340555444e+03,2.825467685942986918e+03,2.378849405338288761e+03,2.330503268101531830e+03,2.738014415154584640e+03,2.608795439501508554e+03
2.535076874148167736e+00,2.804896480860431893e+03,2.757480207191977570e+03,2.642236437597752683e+03,2.803648324546044478e+03,2.341959860986728927e+03,2.328976415722039746e+03,2.739225138994707777e+03,2.619734958781820751e+03
2.537613218983271413e+00,2.804948548431632389e+03,2.757480072716186896e+03,2.641744552476066474e+03,2.803475260118976166e+03,2.361177123710752767e+03,2.330725923954323207e+03,2.739977945916486533e+03,2.609148785215920725e+03
2.540152101431809584e+00,2.798211678476114685e+03,2.757479938776197287e+03,2.641250758715466873e+03,2.794987617896905704e+03,2.353186936401876665e+03,2.329465665176713173e+03,2.732342528452023998e+03,2.612630718080711631e+03
2.542693524032659802e+00,2.822818293996639113e+03,2.757479805369881433e+03,2.640755862339181476e+03,2.822499038235907847e+03,2.357302549700745658e+03,2.328711401047437448e+03,2.737494460256907132e+03,2.601479658876749454e+03
2.545237489327245139e+00,2.814157540485090067e+03,2.757479672495115210e+03,2.640262611143079994e+03,2.813044960611051010e+03,2.353583389146562240e+03,2.330764087624949752e+03,2.741158018608026850e+03,2.610515595517347265e+03
2.547783999859532411e+00,2.827839691704763482e+03,2.757479540149787226e+03,2.639770425493387393e+03,2.826990707058859698e+03,2.368788380197751849e+03,2.332482626664031159e+03,2.753551380204452016e+03,2.610311994930779747e+03
2.550333058176030399e+00,2.810869425087983018e+03,2.757479408331788363e+03,2.639277066545169419e+03,2.809044649010105331e+03,2.336735227687832776e+03,2.332482522611894183e+03,2.749530582708413021e+03,2.600628916648781342e+03
2.552884666825802729e+00,2.826098770190098094e+03,2.757479277039023600e+03,2.638782762745675427e+03,2.825592802097818094e+03,2.344782019490814491e+03,2.334783055916886497e+03,2.746751181605001875e+03,2.602949657103681147e+03
2.555438828360458547e+00,2.797169494288611531e+03,2.757479146269404282e+03,2.638290015381184730e+03,2.794223864046015024e+03,2.337924251907174494e+03,2.335328276714705225e+03,2.741582384357202045e+03,2.597228821277036332e+03
2.557995545334151632e+00,2.797867486439133245e+03,2.757479016020849031e+03,2.637801106721912674e+03,2.785104290050505824e+03,2.336706763645901901e+03,2.335989933775596455e+03,2.766717608113877759e+03,2.605443556179342522e+03
2.560554820303596824e+00,2.837254749645119773e+03,2.757478886291285107e+03,2.637310517013308072e+03,2.836806255455474911e+03,2.339167082348018539e+03,2.339046444246526789e+03,2.756416267780605722e+03,2.595409758424234951e+03
2.563116655828077128e+00,2.834305238410624497e+03,2.757478757078647959e+03,2.636820341379446745e+03,2.834020695041349882e+03,2.331021412069486814e+03,2.342009441420872918e+03,2.744291573324971978e+03,2.595714396930242401e+03
2.565681054469429068e+00,2.831299092200406449e+03,2.757478628380885311e+03,2.636331884464811083e+03,2.830573667258511705e+03,2.336854894603332468e+03,2.343034897556868145e+03,2.754079930930771297e+03,2.592705018931985251e+03
2.568248018792045340e+00,2.823376974620821329e+03,2.757478500195943070e+03,2.635843793898556214e+03,2.822815307120542911e+03,2.329964877763356526e+03,2.346291538242669958e+03,2.744353440563030290e+03,2.600236264845324968e+03
2.570817551362897468e+00,2.812252059336080038e+03,2.757478372521787151e+03,2.635355428659964673e+03,2.808637959459091235e+03,2.332157929353839336e+03,2.349062614476802082e+03,2.760327277923553993e+03,2.605617541802973847e+03
2.573389654751518485e+00,2.831116567461015165e+03,2.757478245356382104e+03,2.634867970202928973e+03,2.830674798228470081e+03,2.330836153900880163e+03,2.349061326285183441e+03,2.750767612112134429e+03,2.596205572894605211e+03
2.575964331530008700e+00,2.835431319158537917e+03,2.757478118697705668e+03,2.634382519293831592e+03,2.835048204897581854e+03,2.329502796835436584e+03,2.352290589956029635e+03,2.755936909475602533e+03,2.598959596205042544e+03
2.578541584273044585e+00,2.806449661623974862e+03,2.757477992543743767e+03,2.633899755339583407e+03,2.804339700593980524e+03,2.329997322805810654e+03,2.354416679402271711e+03,2.755207009185670813e+03,2.590795629344212102e+03
2.581121415557876553e+00,2.822049605080481797e+03,2.757477866892487782e+03,2.633418943035420853e+03,2.820993546957183753e+03,2.335995948314258385e+03,2.354549372501758171e+03,2.754981862441014982e+03,2.591448741327634707e+03
2.583703827964337396e+00,2.846274601973225344e+03,2.757477741741937280e+03,2.632936803186493762e+03,2.846169319117068881e+03,2.326308093494769764e+03,2.355125078165955074e+03,2.751148699078755726e+03,2.584212373967127405e+03
2.586288824074843173e+00,2.827530088376085132e+03,2.757477617090101830e+03,2.632456220083794506e+03,2.826083258454342740e+03,2.326460142878393526e+03,2.355134629999732624e+03,2.766772979291182764e+03,2.592178770632984197e+03
2.588876406474389658e+00,2.834387186447173008e+03,2.757477492934996462e+03,2.631979239240931747e+03,2.832864858883440775e+03,2.325614015673440463e+03,2.355477572126239465e+03,2.771555306772317635e+03,2.589875848526277423e+03
2.591466577750558553e+00,2.819466648973670544e+03,2.757477369274646207e+03,2.631502509870951144e+03,2.817454859041649797e+03,2.325234496463714095e+03,2.357302135827275833e+03,2.764221134378778970e+03,2.594916412370174839e+03
2.594059340493517940e+00,2.852968388610205693e+03,2.757477246107082465e+03,2.631029205355333033e+03,2.852794172691733365e+03,2.325080645596296108e+03,2.364242967658649377e+03,2.759336237335121496e+03,2.598667314026275562e+03
2.596654697296031600e+00,2.839209139088829033e+03,2.757477123430343909e+03,2.630553035342409657e+03,2.838994154378648091e+03,2.324211600739587993e+03,2.370687196195528031e+03,2.751038203955584777e+03,2.627099965161821729e+03
2.599252650753462568e+00,2.802344637771961061e+03,2.757477001242478764e+03,2.630083135092052544e+03,2.799267413552604921e+03,2.324804116997859637e+03,2.378763694947115255e+03,2.747351306535533240e+03,2.633895455152569411e+03
2.601853203463758923e+00,2.825936726126942631e+03,2.757476879541544349e+03,2.629613787810683789e+03,2.825297819486893331e+03,2.323414295508510804e+03,2.378690018140575376e+03,2.751991273766167524e+03,2.620714606788387755e+03
2.604456358027470664e+00,2.847867753902846744e+03,2.757476758325599349e+03,2.629143302962293546e+03,2.847777973066931736e+03,2.323981148382447827e+03,2.386382018428205356e+03,2.747220110100489364e+03,2.625774380847649809e+03
2.607062117047760808e+00,2.829321340196059282e+03,2.757476637592720635e+03,2.628677278524798567e+03,2.828985311118155096e+03,2.323318855104037084e+03,2.385507070325352288e+03,2.751036870623952382e+03,2.619202565029944253e+03
2.609670483130390295e+00,2.820082318419590592e+03,2.757476517340978717e+03,2.628208719339553227e+03,2.819164895334040011e+03,2.323409934299749693e+03,2.388875529598519279e+03,2.751172928035100085e+03,2.608322787642967796e+03
2.612281458883716212e+00,2.816675215790839047e+03,2.757476397568466382e+03,2.627745714999866777e+03,2.814851354592596635e+03,2.323166067539782034e+03,2.390599368042905098e+03,2.753563401891658486e+03,2.606917803800999536e+03
2.614895046918714439e+00,2.816386534661026417e+03,2.757476278273271419e+03,2.627284779005191467e+03,2.814931373734865701e+03,2.323977290674302822e+03,2.389537859754508645e+03,2.756343377706807587e+03,2.605246287045162717e+03
2.617511249848980981e+00,2.847593121924575826e+03,2.757476159453497075e+03,2.626825949312997182e+03,2.847513754017153587e+03,2.322951520421727309e+03,2.379561537351211882e+03,2.747282679067585832e+03,2.602316211403881880e+03
2.620130070290716873e+00,2.834220332468979450e+03,2.757476041107254787e+03,2.626371685354063175e+03,2.834026525566809141e+03,2.322766586113176800e+03,2.371651015479198577e+03,2.742291977539164691e+03,2.601163002852905720e+03
2.622751510862746382e+00,2.796899327602048288e+03,2.757475923232656896e+03,2.625916045977426620e+03,2.792692462769663052e+03,2.322641286050187318e+03,2.365131670145872249e+03,2.749790270875525039e+03,2.598376150267653429e+03
2.625375574186502803e+00,2.810491676608195121e+03,2.757475805827826207e+03,2.625466870368826676e+03,2.808619876944520911e+03,2.322570958180722300e+03,2.367104242971138319e+03,2.740157823484992150e+03,2.595639079728022352e+03
2.628002262886047546e+00,2.817634334397797375e+03,2.757475688890898255e+03,2.625013453922494591e+03,2.816731189465674561e+03,2.322577721850394937e+03,2.366800172989171642e+03,2.740348320327348119e+03,2.597362761757703538e+03
2.630631579588074587e+00,2.849615630283637984e+03,2.757475572420007666e+03,2.624567874247699820e+03,2.849545865948876781e+03,2.322354286091147515e+03,2.369325304828194476e+03,2.739282290587252191e+03,2.594413178485987373e+03
2.633263526921897135e+00,2.831996207646774110e+03,2.757475456413301345e+03,2.624119696574579848e+03,2.831806622840548698e+03,2.322431820738263013e+03,2.376446854440124753e+03,2.737383042594729886e+03,2.599117690606796259e+03
2.635898107519465405e+00,2.789113423071716625e+03,2.757475340868931653e+03,2.623676673170525646e+03,2.782247409326143497e+03,2.322275078314789880e+03,2.373407229462707164e+03,2.726717567324059019e+03,2.606021930333469300e+03
2.638535324015363503e+00,2.786224463350537917e+03,2.757475225785060047e+03,2.623235202471364573e+03,2.775129195194130716e+03,2.322235952207845457e+03,2.375673161340343540e+03,2.728278690190307771e+03,2.596918213726662543e+03
2.641175179046807653e+00,2.826690463985705719e+03,2.757475111159852531e+03,2.622796678544143560e+03,2.826241774848121622e+03,2.322331537872339595e+03,2.377722876394626837e+03,2.729376483177192313e+03,2.593368388398909246e+03
2.643817675253650634e+00,2.799298550200944646e+03,2.757474996991486023e+03,2.622359808514048382e+03,2.796793019446261496e+03,2.322172069622357867e+03,2.381099249234290710e+03,2.720986149472494617e+03,2.582427350921648667e+03
2.646462815278393332e+00,2.820746841867050080e+03,2.757474883278143352e+03,2.621924071994559199e+03,2.819755654011644765e+03,2.322292142892523316e+03,2.398953777120099403e+03,2.722437738672884734e+03,2.590262404373575464e+03
2.649110601766170969e+00,2.788461622431348587e+03,2.757474770018010531e+03,2.621492880494518431e+03,2.782779709051522786e+03,2.322252014043136114e+03,2.471433398363643391e+03,2.718315740496904255e+03,2.601923250325923163e+03
2.651761037364769091e+00,2.824784689738262387e+03,2.757474657209287670e+03,2.621063572868367373e+03,2.823822820528921511e+03,2.322215256982216033e+03,2.538511841276373161e+03,2.718666906532207577e+03,2.594601744710196272e+03
2.654414124724629342e+00,2.825670209610418169e+03,2.757474544850178063e+03,2.620641576878833348e+03,2.825409105830454337e+03,2.322111656550414864e+03,2.580291616727876772e+03,2.719621916959035389e+03,2.596059640048337315e+03
2.657069866498836141e+00,2.809281429564680366e+03,2.757474432938889549e+03,2.620219352965704275e+03,2.808362207676210801e+03,2.322142709785302941e+03,2.607885811026007104e+03,2.719107637802203044e+03,2.600567966149879794e+03
2.659728265343126008e+00,2.828225354306089685e+03,2.757474321473643158e+03,2.619802865265825403e+03,2.827605921156072782e+03,2.322126968670131646e+03,2.624453138846038200e+03,2.697081774955830952e+03,2.592343498081107555e+03
2.662389323915903550e+00,2.820041418851333219e+03,2.757474210452663101e+03,2.619384012524211812e+03,2.819852222774946767e+03,2.322084413724097431e+03,2.645070597191735942e+03,2.713075281993502813e+03,2.608659039465197111e+03
2.665053044878227251e+00,2.853912428413606449e+03,2.757474099874179501e+03,2.618977430785004799e+03,2.853901414922145250e+03,2.322129927881560889e+03,2.653021835175230535e+03,2.712775357034963690e+03,2.611493364424728952e+03
2.667719430893810362e+00,2.851164328898511030e+03,2.757473989736436579e+03,2.618568017796301774e+03,2.851157917892302521e+03,2.322053030053681596e+03,2.661577588042567186e+03,2.695757680353284286e+03,2.613861142528099208e+03
2.670388484629044878e+00,2.862421790841659458e+03,2.757473880037674917e+03,2.618163749797976834e+03,2.862417790773165052e+03,2.322129051178243117e+03,2.672180496310912076e+03,2.701558641521522077e+03,2.616440203066239519e+03
2.673060208752994438e+00,2.833917527678743681e+03,2.757473770776150559e+03,2.617763456069051699e+03,2.833869790166009807e+03,2.322052520091205224e+03,2.669285617027573153e+03,2.707817508056629322e+03,2.604188761428340513e+03
2.675734605937373445e+00,2.850430921954167843e+03,2.757473661950122732e+03,2.617368305778800732e+03,2.850423874419930598e+03,2.322096185508845338e+03,2.676144956371835178e+03,2.692481067510394041e+03,2.602617376248457731e+03
2.678411678856578604e+00,2.853341517198485690e+03,2.757473553557858850e+03,2.616975958582016119e+03,2.853333411569615691e+03,2.322061579415256801e+03,2.670126964643704468e+03,2.695708094762429027e+03,2.618059657276533471e+03
2.681091430187690250e+00,2.816699643615056630e+03,2.757473445597631326e+03,2.616583672919093715e+03,2.816590278148632478e+03,2.322077434686747438e+03,2.668832876383077746e+03,2.693155251053465236e+03,2.610035809856577544e+03
2.683773862610454142e+00,2.842482921330761201e+03,2.757473338067721670e+03,2.616198905611116516e+03,2.842470079400417944e+03,2.322064105827270851e+03,2.668957121363100669e+03,2.687796111295928768e+03,2.610615942819782504e+03
2.686458978807303222e+00,2.836695625643550557e+03,2.757473230966416850e+03,2.615824670640468867e+03,2.836608129791019110e+03,2.322073156266954811e+03,2.662890871505247105e+03,2.693096542706993205e+03,2.615744682460142940e+03
2.689146781463358060e+00,2.814888642919488575e+03,2.757473124292012471e+03,2.615447449973227776e+03,2.814428636391013242e+03,2.322060953533063184e+03,2.656813545833805620e+03,2.682235058840247348e+03,2.620761221573431612e+03
2.691837273266415309e+00,2.824512260790430446e+03,2.757473018042807325e+03,2.615074817208334480e+03,2.824473127217186629e+03,2.322056055076941902e+03,2.655551843404399733e+03,2.688956499944263669e+03,2.622946386737376542e+03
2.694530456906965021e+00,2.857143935014265480e+03,2.757472912217111570e+03,2.614713705887849301e+03,2.857139690639460696e+03,2.322061497458059875e+03,2.660123705264155433e+03,2.683383599596925251e+03,2.622723983162484274e+03
2.697226335078197312e+00,2.828632917464408365e+03,2.757472806813237639e+03,2.614349361647683509e+03,2.828527223431176026e+03,2.322052554445622718e+03,2.661681328351056436e+03,2.673010401196775547e+03,2.630106701100274222e+03
2.699924910475991258e+00,2.809226991412008374e+03,2.757472701829508424e+03,2.613995277306159551e+03,2.807760409522876671e+03,2.322057361151189070e+03,2.666498508081508589e+03,2.669814446556766597e+03,2.619309611819639031e+03
2.702626185798916225e+00,2.820518889058382683e+03,2.757472597264249544e+03,2.613643195918907622e+03,2.820290783898810332e+03,2.322049799260953478e+03,2.668804274749195429e+03,2.671358800034030992e+03,2.624189514525219238e+03
2.705330163748253192e+00,2.809991348939609907e+03,2.757472493115797079e+03,2.613288737211016723e+03,2.809211563983326414e+03,2.322053381846458706e+03,2.663008192173415864e+03,2.679455775252830335e+03,2.630049680794546020e+03
2.708036847027985861e+00,2.838774322336391378e+03,2.757472389382490292e+03,2.612952028681168031e+03,2.838696951942192754e+03,2.322050392848017054e+03,2.667189256541512805e+03,2.663910801957253625e+03,2.626536003600354434e+03
2.710746238344789116e+00,2.846536973814229896e+03,2.757472286062680723e+03,2.612612637199484652e+03,2.846530183111599854e+03,2.322050759988041591e+03,2.663870499507975637e+03,2.665073662566293478e+03,2.641182049677351188e+03
2.713458340408054337e+00,2.809356612719378518e+03,2.757472183154718095e+03,2.612278766317328063e+03,2.808808259465028641e+03,2.322049681670248901e+03,2.655096933129097579e+03,2.668101529456883327e+03,2.640452040556500378e+03
2.716173155929883176e+00,2.808711789945556120e+03,2.757472080656965773e+03,2.611952466110462865e+03,2.807818248663499617e+03,2.322047502678309229e+03,2.658271352806413233e+03,2.652053054435501963e+03,2.625867762882495299e+03
2.718890687625096891e+00,2.830903067486435702e+03,2.757471978567789847e+03,2.611627888913842526e+03,2.830870322339924769e+03,2.322050162578499567e+03,2.654071020455981397e+03,2.666049218178044157e+03,2.635927942108640309e+03
2.721610938211223907e+00,2.842184936320649740e+03,2.757471876885564598e+03,2.611301549126487771e+03,2.842141709205881853e+03,2.322048801206053668e+03,2.647842359512524126e+03,2.661373526360984215e+03,2.644424645273457372e+03
2.724333910408513137e+00,2.839125715617187325e+03,2.757471775608668850e+03,2.610988261535242145e+03,2.839120455573255640e+03,2.322048933164418486e+03,2.635428659774802782e+03,2.650743073108882527e+03,2.652251393052179992e+03
2.727059606939941094e+00,2.812012050563718731e+03,2.757471674735491433e+03,2.610679483222863837e+03,2.811543889182126804e+03,2.322047190882808536e+03,2.641497563234275276e+03,2.650737019085617248e+03,2.639371530725421053e+03
2.729788030531201670e+00,2.793851082494301409e+03,2.757471574264422998e+03,2.610365998965432937e+03,2.790849849939382239e+03,2.322047141021604602e+03,2.632850801371275793e+03,2.650702822280529290e+03,2.644415717426967603e+03
2.732519183910722127e+00,2.793588390907379562e+03,2.757471474193865561e+03,2.610059165758436393e+03,2.790608157481602120e+03,2.322047275566777444e+03,2.632505928718168889e+03,2.654718290504249126e+03,2.648673347024981922e+03
2.735253069809658211e+00,2.820788769494318785e+03,2.757471374522221595e+03,2.609761161652397277e+03,2.820690441177141111e+03,2.322046737064323224e+03,2.639034306561595713e+03,2.649867288623498098e+03,2.660210731002721786e+03
2.737989690961888822e+00,2.828713924458767451e+03,2.757471275247907670e+03,2.609458484766105357e+03,2.828619925720422998e+03,2.322047236753880043e+03,2.632171348612128895e+03,2.647681800382649726e+03,2.664251260521787572e+03
2.740729050104033782e+00,2.850891771696923570e+03,2.757471176369338082e+03,2.609166807959418747e+03,2.850890439991678249e+03,2.322046346412290859e+03,2.631755802782100091e+03,2.638331821381615100e+03,2.653104762563788881e+03
2.743471149975460932e+00,2.819408145125345072e+03,2.757471077884938495e+03,2.608870692155857796e+03,2.818874496415447538e+03,2.322046885286822544e+03,2.634739188017422293e+03,2.634463481755392422e+03,2.656049065029289977e+03
2.746215993318268822e+00,2.809816118792913585e+03,2.757470979793139122e+03,2.608576825185110010e+03,2.808376721103070849e+03,2.322046202931711377e+03,2.628313694728316023e+03,2.638922435416625376e+03,2.671786699190698528e+03
2.748963582877296474e+00,2.796298089553653426e+03,2.757470882092380634e+03,2.608294127917440164e+03,2.793427885045530729e+03,2.322046606269018412e+03,2.624985448823956631e+03,2.637330805891002001e+03,2.675909514949387358e+03
2.751713921400136709e+00,2.811552863576150685e+03,2.757470784781102338e+03,2.608005378909748288e+03,2.811220461952097594e+03,2.322046236924828463e+03,2.620556777019674428e+03,2.643061939980889747e+03,2.666141924428107814e+03
2.754467011637127261e+00,2.838116543272219587e+03,2.757470687857754911e+03,2.607721135081169905e+03,2.838050509045214312e+03,2.322046358943922314e+03,2.622252985801266277e+03,2.641697221482269924e+03,2.676840420412924686e+03
2.757222856341353001e+00,2.827952830552576870e+03,2.757470591320793574e+03,2.607435205771887013e+03,2.827921747425680678e+03,2.322046207336386487e+03,2.629114620814482805e+03,2.639387966836214218e+03,2.678036148031808807e+03
2.759981458268667698e+00,2.799059500056328034e+03,2.757470495168679918e+03,2.607147184595248746e+03,2.798244140595298632e+03,2.322046126666975397e+03,2.624663157827791565e+03,2.629139146363060263e+03,2.677296297534963742e+03
2.762742820177677583e+00,2.840188020065763794e+03,2.757470399399885082e+03,2.606861762187623754e+03,2.840181065618195589e+03,2.322046232228210556e+03,2.627045486621617783e+03,2.629437869835893707e+03,2.677083857933050240e+03
2.765506944829735581e+00,2.837812670616374817e+03,2.757470304012878842e+03,2.606581665818165675e+03,2.837768677068882425e+03,2.322046023356788282e+03,2.619722985461083226e+03,2.624523796635621238e+03,2.685437727888118388e+03
2.768273834988963511e+00,2.827330101521548841e+03,2.757470209006143250e+03,2.606301226886848781e+03,2.827304910457225560e+03,2.322046145225893270e+03,2.616414301454037286e+03,2.632120371076071024e+03,2.683303723445574178e+03
2.771043493422256532e+00,2.841236528691105832e+03,2.757470114378164908e+03,2.606010373992189216e+03,2.841229286148716710e+03,2.322045988104817752e+03,2.617114715729400359e+03,2.632982958153244908e+03,2.682326535485481600e+03
2.773815922899276032e+00,2.799100004243812236e+03,2.757470020127434054e+03,2.605718803848275002e+03,2.797735317428448070e+03,2.322045959241574110e+03,2.628703194297685968e+03,2.635154240488320283e+03,2.680137505105378750e+03
2.776591126192445635e+00,2.826361345599555989e+03,2.757469926252451387e+03,2.605419989723672188e+03,2.826218609277041651e+03,2.322046019192026051e+03,2.635446179680772730e+03,2.630093953904174214e+03,2.684038276493402918e+03
2.779369106076970741e+00,2.829119993721887568e+03,2.757469832751718059e+03,2.605120424652565816e+03,2.829007414189520205e+03,2.322045918527114736e+03,2.637455632490271000e+03,2.619216183927861493e+03,2.696255662546500844e+03
2.782149865330835858e+00,2.828772707575144977e+03,2.757469739623742953e+03,2.604820861723588678e+03,2.828724517800622380e+03,2.322045994540992979e+03,2.638546502287566454e+03,2.617914371766568820e+03,2.701232409796875345e+03
2.784933406734796169e+00,2.811999569522841284e+03,2.757469646867046322e+03,2.604514768186254059e+03,2.811668625680933019e+03,2.322045917510367872e+03,2.630346978368076179e+03,2.630414577522422860e+03,2.690085965318943181e+03
2.787719733072396622e+00,2.856435276732090642e+03,2.757469554480148417e+03,2.604205094492308490e+03,2.856431711450747571e+03,2.322045929628457998e+03,2.637055089674981900e+03,2.632888588497522051e+03,2.690028459958799885e+03
2.790508847129963943e+00,2.816978388423152865e+03,2.757469462461575404e+03,2.603896692142970096e+03,2.816637039223272041e+03,2.322045922537835395e+03,2.638798178770894992e+03,2.624373605315804070e+03,2.693948613509639017e+03
2.793300751696610185e+00,2.806790774236515517e+03,2.757469370809862994e+03,2.603582139360462861e+03,2.805805467909546223e+03,2.322045924378625841e+03,2.632130970296703254e+03,2.630080755436549680e+03,2.704428751058351281e+03
2.796095449564239832e+00,2.805188632039771164e+03,2.757469279523549176e+03,2.603266503652023403e+03,2.803427713975159804e+03,2.322045894757239694e+03,2.641253052290081087e+03,2.628622555078727601e+03,2.693631790864807954e+03
2.798892943527548471e+00,2.803772672714055261e+03,2.757469188601178757e+03,2.602955806180882064e+03,2.802699618629627821e+03,2.322045905473841231e+03,2.641233923275905909e+03,2.619716572947547320e+03,2.691834898059226362e+03
2.801693236384037888e+00,2.831902058408369612e+03,2.757469098041302459e+03,2.602631551217617471e+03,2.831862363995835494e+03,2.322045900028904271e+03,2.633010127975878731e+03,2.626214135245935267e+03,2.694462237764003476e+03
2.804496330933999637e+00,2.844249112976762262e+03,2.757469007842478732e+03,2.602309068893215681e+03,2.844228955780576598e+03,2.322045881540694609e+03,2.643176439634797589e+03,2.624208529821762568e+03,2.703953478576866928e+03
2.807302229980519037e+00,2.818414533513403967e+03,2.757468918003266936e+03,2.601987765807517917e+03,2.818103709354958937e+03,2.322045902055451734e+03,2.643722958624190142e+03,2.623938368745247772e+03,2.713782482257382981e+03
2.810110936329506703e+00,2.812335759649520242e+03,2.757468828522238709e+03,2.601656018314846733e+03,2.811697114182290079e+03,2.322045877350488354e+03,2.637952083935290375e+03,2.629736311318525168e+03,2.707290662168703420e+03
2.812922452789668348e+00,2.801399500056586476e+03,2.757468739397966146e+03,2.601318984117980108e+03,2.798575908104191967e+03,2.322045875932704803e+03,2.639715995655165898e+03,2.620378627550634519e+03,2.701541576898211588e+03
2.815736782172512331e+00,2.818743863122458151e+03,2.757468650629025433e+03,2.600977614017790529e+03,2.818291907717858066e+03,2.322045883234713529e+03,2.634649936622549831e+03,2.626996189094303190e+03,2.707730699911313422e+03
2.818553927292374084e+00,2.821275489258015568e+03,2.757468562214006397e+03,2.600637367382816137e+03,2.821086808118187946e+03,2.322045871321901359e+03,2.637963571098805915e+03,2.629760615086672715e+03,2.692833793930177762e+03
2.821373890966397457e+00,2.838719806717060692e+03,2.757468474151497958e+03,2.600282966582067729e+03,2.838670663057057482e+03,2.322045879243991294e+03,2.638439619485528965e+03,2.626328294692841610e+03,2.712963163582592188e+03
2.824196676014551155e+00,2.793306239785834350e+03,2.757468386440098129e+03,2.599926920431847066e+03,2.789926627984154038e+03,2.322045871095577695e+03,2.638476497033028863e+03,2.630511473144556476e+03,2.705963920955929552e+03
2.827022285259616297e+00,2.810711590810401958e+03,2.757468299078407199e+03,2.599571243709789542e+03,2.809933758548386777e+03,2.322045870741066210e+03,2.627831591593091616e+03,2.620381394440201802e+03,2.708424234354401960e+03
2.829850721527202406e+00,2.778454302190293220e+03,2.757468212065030457e+03,2.599205441859604889e+03,2.769974600539974745e+03,2.322045872157068970e+03,2.632363286080716080e+03,2.625262936520065068e+03,2.708987024599920460e+03
2.832681987645746524e+00,2.814906763111202963e+03,2.757468125398585016e+03,2.598838662189792558e+03,2.814339657221664311e+03,2.322045870715895944e+03,2.630901853938240947e+03,2.628623083867205423e+03,2.713618650972616251e+03
2.835516086446511430e+00,2.827828208876956523e+03,2.757468039077687081e+03,2.598466820580263629e+03,2.827736038648595240e+03,2.322045867296604683e+03,2.629000906430619580e+03,2.630721238750390057e+03,2.709107611403271221e+03
2.838353020763594525e+00,2.824431593337224967e+03,2.757467953100959676e+03,2.598091157468421898e+03,2.824042996413530545e+03,2.322045869439253238e+03,2.627121107905433291e+03,2.630487867068754895e+03,2.703626018016579565e+03
2.841192793433933605e+00,2.808352099069600627e+03,2.757467867467035376e+03,2.597711656473979929e+03,2.806977178080201156e+03,2.322045868046307532e+03,2.621507579970302686e+03,2.636155836319142054e+03,2.694493393911504882e+03
2.844035407297307749e+00,2.792261479690003853e+03,2.757467782174545391e+03,2.597332619154987697e+03,2.788418489101767591e+03,2.322045865897659951e+03,2.621769397547746394e+03,2.629644380717666536e+03,2.699076298799224332e+03
2.846880865196327104e+00,2.806055043596009455e+03,2.757467697222132756e+03,2.596949068439364055e+03,2.804494684416548807e+03,2.322045868959801737e+03,2.621044029818368926e+03,2.625909357931177510e+03,2.715586332386520553e+03
2.849729169976447096e+00,2.811463993916368509e+03,2.757467612608443233e+03,2.596560893152628068e+03,2.810668227913873125e+03,2.322045865405088080e+03,2.616704524767447765e+03,2.636872414146349456e+03,2.706291843212265121e+03
2.852580324485975538e+00,2.812916142017199491e+03,2.757467528332123493e+03,2.596170747023109016e+03,2.811738013084894192e+03,2.322045865210047850e+03,2.616109605761051625e+03,2.633952526536572350e+03,2.703968610126995827e+03
2.855434331576064633e+00,2.831634812481277095e+03,2.757467444391836125e+03,2.595779177206590248e+03,2.831574011397908635e+03,2.322045866575501805e+03,2.607767864305390503e+03,2.633345418095769219e+03,2.700820457714708937e+03
2.858291194100722077e+00,2.794754190770700916e+03,2.757467360786239624e+03,2.595389463624514065e+03,2.792152999738885228e+03,2.322045864720262216e+03,2.608918051743709384e+03,2.641729667297411652e+03,2.708978378184196117e+03
2.861150914916811061e+00,2.803969795003804848e+03,2.757467277514001125e+03,2.594993148902223766e+03,2.801998194673587932e+03,2.322045865725148360e+03,2.610407505331837910e+03,2.635260377593278008e+03,2.694973119134458557e+03
2.864013496884051602e+00,2.791292974688876711e+03,2.757467194573794131e+03,2.594600272002176098e+03,2.786294283360848567e+03,2.322045865024588693e+03,2.599261565235308353e+03,2.640827506323181296e+03,2.712719911981011592e+03
2.866878942865026758e+00,2.806023008766478597e+03,2.757467111964294418e+03,2.594199501063099888e+03,2.804530958895295953e+03,2.322045864657115089e+03,2.596771676618433048e+03,2.642092764956390965e+03,2.711364813627277272e+03
2.869747255725183965e+00,2.795033823836466581e+03,2.757467029684187764e+03,2.593806115308445442e+03,2.793560793139473844e+03,2.322045865000478898e+03,2.598120485701888811e+03,2.635112701533766540e+03,2.699804407026849731e+03
2.872618438332836366e+00,2.821600336997286377e+03,2.757466947732158587e+03,2.593412876668134686e+03,2.821399531809992823e+03,2.322045864739092394e+03,2.589967849838568327e+03,2.642305378607296007e+03,2.714696675788487028e+03
2.875492493559168139e+00,2.780029340553303882e+03,2.757466866106903581e+03,2.593015857336200952e+03,2.772057910858967716e+03,2.322045864327978961e+03,2.587811074378100329e+03,2.643233250580040931e+03,2.689965442846351834e+03
2.878369424278235833e+00,2.800490300740941166e+03,2.757466784807121257e+03,2.592618402073700054e+03,2.797448786338182799e+03,2.322045864598172557e+03,2.583444899865612115e+03,2.641941104676956911e+03,2.700089904345792547e+03
2.881249233366968365e+00,2.795242094225532128e+03,2.757466703831510586e+03,2.592223721819314505e+03,2.788950739581684047e+03,2.322045864493802583e+03,2.576578888742704748e+03,2.645911643266249939e+03,2.731154364547173373e+03
2.884131923705171907e+00,2.801077862718748747e+03,2.757466623178786904e+03,2.591831082478795452e+03,2.797911285548616888e+03,2.322045864160602832e+03,2.572988494733046082e+03,2.648634935724159277e+03,2.707304785055996490e+03
2.887017498175541874e+00,2.796253465858262643e+03,2.757466542847659184e+03,2.591442155241305045e+03,2.793676994060243942e+03,2.322045864535433793e+03,2.570422345655179925e+03,2.647470480117143779e+03,2.699748551223272898e+03
2.889905959663657598e+00,2.809144782284597113e+03,2.757466462836850496e+03,2.591049012391540600e+03,2.808412014133521552e+03,2.322045864128714584e+03,2.565562592726541880e+03,2.645671867095792550e+03,2.707735256602318714e+03
2.892797311057972998e+00,2.798749859863119127e+03,2.757466383145082091e+03,2.590659107158325241e+03,2.796598120010272851e+03,2.322045864040750985e+03,2.559612343917509861e+03,2.650717231153134890e+03,2.691734517555764342e+03
2.895691555249835680e+00,2.784601858553124657e+03,2.757466303771085222e+03,2.590274254812569779e+03,2.771739178597146292e+03,2.322045864312608046e+03,2.560470536839170563e+03,2.653110975530825272e+03,2.727424717368804522e+03
2.898588695133490489e+00,2.789547828154905801e+03,2.757466224713591600e+03,2.589885462939490480e+03,2.782537356294375968e+03,2.322045864059100040e+03,2.547759411914717930e+03,2.653952547929559387e+03,2.714780712903618223e+03
2.901488733606078618e+00,2.814954498674021124e+03,2.757466145971343394e+03,2.589505155316258879e+03,2.814099511488922417e+03,2.322045864083652759e+03,2.547102263341846992e+03,2.652516375584555135e+03,2.717306505665007080e+03
2.904391673567642052e+00,2.800118026858664052e+03,2.757466067543083682e+03,2.589120578712236238e+03,2.796749961179976253e+03,2.322045864119262205e+03,2.541998019566661696e+03,2.657625408530699133e+03,2.707457678526833206e+03
2.907297517921123120e+00,2.808000803518009889e+03,2.757465989427563272e+03,2.588743047948715684e+03,2.805881093601137309e+03,2.322045864050419368e+03,2.536824317727128346e+03,2.653784415128815453e+03,2.700605042044613583e+03
2.910206269572368054e+00,2.797328548384706210e+03,2.757465911623532065e+03,2.588368014736618989e+03,2.794596241840795301e+03,2.322045864030682878e+03,2.531162391489410766e+03,2.660365014772995892e+03,2.698693684212545122e+03
2.913117931430124319e+00,2.792136541956859219e+03,2.757465834129753148e+03,2.587993349424465123e+03,2.783914387810120388e+03,2.322045864048901421e+03,2.525717498316088495e+03,2.659200435000934704e+03,2.728608309654458935e+03
2.916032506406053493e+00,2.787618147830051839e+03,2.757465756944992791e+03,2.587623415402983937e+03,2.779841925402099150e+03,2.322045864003206589e+03,2.520552528445273765e+03,2.664611256954407963e+03,2.715278219971977251e+03
2.918949997414725939e+00,2.785080474403674998e+03,2.757465680068015445e+03,2.587256188332422425e+03,2.778807595985470471e+03,2.322045864006450756e+03,2.515177280843732206e+03,2.659842358233401228e+03,2.710158880268811572e+03
2.921870407373641232e+00,2.804652117976840145e+03,2.757465603497597840e+03,2.586889536818930992e+03,2.803525288507440109e+03,2.322045864030784287e+03,2.511252412154678495e+03,2.665081112644982113e+03,2.705422032341304202e+03
2.924793739203208620e+00,2.797046690659031356e+03,2.757465527232517161e+03,2.586526093701508671e+03,2.792559974809476444e+03,2.322045863965544868e+03,2.503578676777974579e+03,2.660983842233792075e+03,2.691900943497921162e+03
2.927719995826757682e+00,2.786607850652731031e+03,2.757465451271558322e+03,2.586169229170571271e+03,2.778833161963892962e+03,2.322045863987210396e+03,2.498977283183595773e+03,2.663445273245835779e+03,2.719769046393898861e+03
2.930649180170545876e+00,2.790944701521090792e+03,2.757465375613508513e+03,2.585811781314116615e+03,2.786238466730958407e+03,2.322045863983936670e+03,2.494118422029760040e+03,2.667035159141497388e+03,2.713085353308703361e+03
2.933581295163762093e+00,2.781079895257705175e+03,2.757465300257163108e+03,2.585459399592557020e+03,2.768594955253834087e+03,2.322045863959824146e+03,2.487813852918943212e+03,2.676361781754923413e+03,2.703586437808614846e+03
2.936516343738513779e+00,2.780022252797666169e+03,2.757465225201320209e+03,2.585110709821741693e+03,2.763823390003370150e+03,2.322045863983448271e+03,2.480827454289589241e+03,2.672140609278884313e+03,2.710668892455459627e+03
2.939454328829847807e+00,2.796844108036408670e+03,2.757465150444780647e+03,2.584762413160475262e+03,2.792154567769846835e+03,2.322045863961936902e+03,2.476950750643276933e+03,2.677138074490577765e+03,2.699863030058353161e+03
2.942395253375765130e+00,2.792799621861790001e+03,2.757465075986354805e+03,2.584418538501465719e+03,2.789657520050181120e+03,2.322045863952814216e+03,2.470419077430156449e+03,2.671225803099685436e+03,2.697753776191267207e+03
2.945339120317177262e+00,2.783720849076067225e+03,2.757465001824851242e+03,2.584077126397588017e+03,2.771281378398313336e+03,2.322045863968322465e+03,2.465402093249910649e+03,2.681309281278008257e+03,2.717587066125370711e+03
2.948285932597951131e+00,2.803714607981281915e+03,2.757464927959091256e+03,2.583738288318358173e+03,2.800936018126008548e+03,2.322045863950894272e+03,2.460833058578241435e+03,2.675385744511761914e+03,2.703036857701327790e+03
2.951235693164907747e+00,2.784270539670181734e+03,2.757464854387895684e+03,2.583402437273022315e+03,2.774514223898168439e+03,2.322045863953875141e+03,2.454523157424052442e+03,2.680765355987613475e+03,2.714840309128093395e+03
2.954188404967802217e+00,2.795523947136510742e+03,2.757464781110091280e+03,2.583068331530446812e+03,2.791162199128949851e+03,2.322045863954150718e+03,2.450942982206162469e+03,2.682974317564311150e+03,2.706252489241779585e+03
2.957144070959347282e+00,2.787190623735528789e+03,2.757464708124504796e+03,2.582736784951926438e+03,2.778095056759074851e+03,2.322045863952013860e+03,2.444848111770616015e+03,2.681161982907343827e+03,2.721643632176624578e+03
2.960102694095215980e+00,2.788579348723626481e+03,2.757464635429979808e+03,2.582409130828720208e+03,2.782496483923534470e+03,2.322045863946695590e+03,2.439793354663209357e+03,2.679370681371129194e+03,2.707005923602378061e+03
2.963064277334023888e+00,2.785239546644373149e+03,2.757464563025350799e+03,2.582083137521914978e+03,2.776755349363986170e+03,2.322045863952608670e+03,2.434061882805798177e+03,2.683796178707213585e+03,2.716576912674871437e+03
2.966028823637354872e+00,2.779198378167464853e+03,2.757464490909465894e+03,2.581759565270933763e+03,2.767564829529434064e+03,2.322045863946873396e+03,2.428644546434255517e+03,2.683762785688343683e+03,2.702158192784801486e+03
2.968996335969757983e+00,2.799507668069586089e+03,2.757464419081172309e+03,2.581437668348749412e+03,2.796005985896314087e+03,2.322045863944590110e+03,2.423666479198393972e+03,2.693404521252606628e+03,2.714929470713417231e+03
2.971966817298742569e+00,2.796346480176564910e+03,2.757464347539326354e+03,2.581117312515791127e+03,2.789671935067324284e+03,2.322045863949647810e+03,2.416558231025677742e+03,2.688248357633226078e+03,2.706333231851462187e+03
2.974940270594788494e+00,2.797593140611033505e+03,2.757464276282785704e+03,2.580798754828837900e+03,2.794945976425555727e+03,2.322045863944135363e+03,2.412005631966369492e+03,2.687473925840366519e+03,2.702977171951146374e+03
2.977916698831348796e+00,2.782936175407176961e+03,2.757464205310414854e+03,2.580482142154502981e+03,2.771698027048215863e+03,2.322045863943139921e+03,2.405196820168283921e+03,2.691185502539360186e+03,2.697726719322813096e+03
2.980896104984856354e+00,2.795386297421436211e+03,2.757464134621082394e+03,2.580166993138956514e+03,2.789718118674683410e+03,2.322045863946124427e+03,2.399802990344680438e+03,2.694451187127602680e+03,2.706073917404269650e+03
2.983878492034720331e+00,2.777031138026123699e+03,2.757464064213658730e+03,2.579854945845975180e+03,2.764005901322231693e+03,2.322045863943155837e+03,2.394585984155626193e+03,2.694423437888357512e+03,2.704439659857930110e+03
2.986863862963325733e+00,2.781049817486357369e+03,2.757463994087021547e+03,2.579546051592952608e+03,2.766664624063231258e+03,2.322045863943501899e+03,2.388966817230065317e+03,2.697809959625952160e+03,2.707890613160388057e+03
2.989852220756043177e+00,2.780893836562139768e+03,2.757463924240050346e+03,2.579237924543399458e+03,2.767676129493638200e+03,2.322045863943711083e+03,2.384450805006466453e+03,2.699993327642071108e+03,2.712211479391087778e+03
2.992843568401232890e+00,2.786654866489165215e+03,2.757463854671633726e+03,2.578932471652552522e+03,2.779424338333776177e+03,2.322045863942770666e+03,2.380779346306137086e+03,2.703292530035144409e+03,2.705612491580427559e+03
2.995837908890237600e+00,2.789773465639092137e+03,2.757463785380661648e+03,2.578628591305890041e+03,2.778592557687321914e+03,2.322045863942589676e+03,2.375368767928576744e+03,2.695767057924238088e+03,2.719797708639988286e+03
2.998835245217397194e+00,2.811245308838871551e+03,2.757463716366027256e+03,2.578328471044847902e+03,2.774145602804579084e+03,2.322045863942912547e+03,2.372036598121740553e+03,2.702958829891947062e+03,2.793480933624231966e+03
3.001835580380053603e+00,2.789924755753042973e+03,2.757463647626630518e+03,2.578029077415491429e+03,2.761969587467851852e+03,2.322045863942134019e+03,2.367948161143072866e+03,2.702642210640675330e+03,2.755923685530558942e+03
3.004838917378537477e+00,2.797060930250690944e+03,2.757463579161375037e+03,2.577732719554752293e+03,2.784341200452116482e+03,2.322045863942234064e+03,2.365342473100928146e+03,2.708753526023568611e+03,2.764747273181078981e+03
3.007845259216185951e+00,2.800909421481686877e+03,2.757463510969168055e+03,2.577438557922888776e+03,2.792716509753879109e+03,2.322045863942618325e+03,2.362317086278476836e+03,2.709218191505448885e+03,2.768100960380394554e+03
3.010854608899348417e+00,2.783099285220491765e+03,2.757463443048919999e+03,2.577147276691704974e+03,2.762594447804225638e+03,2.322045863941677908e+03,2.359830029969510633e+03,2.707693229394769332e+03,2.754045760672705001e+03
3.013866969437368759e+00,2.782845109887221952e+03,2.757463375399550841e+03,2.576857177750909614e+03,2.765242485801325074e+03,2.322045863941918924e+03,2.358064294146729480e+03,2.706884490747220752e+03,2.740471268834738112e+03
3.016882343842608893e+00,2.783864430252177499e+03,2.757463308019978285e+03,2.576567769436371236e+03,2.772146268412672271e+03,2.322045863941976222e+03,2.355955697010492258e+03,2.713796490149700276e+03,2.722280776863481606e+03
3.019900735130449654e+00,2.784812674406495717e+03,2.757463240909129581e+03,2.576281944230678164e+03,2.775439068848832449e+03,2.322045863941620610e+03,2.354595868682012679e+03,2.715171550112273508e+03,2.720258171836091606e+03
3.022922146319276138e+00,2.795784946341531395e+03,2.757463174065932890e+03,2.575997620141202788e+03,2.788153041248870977e+03,2.322045863941809330e+03,2.353130545677582631e+03,2.713614355583710676e+03,2.720640102834904155e+03
3.025946580430499910e+00,2.775829736302945093e+03,2.757463107489321374e+03,2.575713684075803030e+03,2.752986346068241346e+03,2.322045863941631978e+03,2.351572329839297254e+03,2.716820708222525809e+03,2.713724150225932135e+03
3.028974040488557229e+00,2.778406712302827145e+03,2.757463041178233652e+03,2.575431908193974778e+03,2.760329206459918623e+03,2.322045863941523749e+03,2.349401440090979122e+03,2.721929874616024335e+03,2.709974384953944991e+03
3.032004529520905045e+00,2.786866645487132701e+03,2.757462975131609710e+03,2.575152199318707517e+03,2.776949592717256110e+03,2.322045863941682455e+03,2.347913160023024830e+03,2.719568424094479269e+03,2.708446593305488932e+03
3.035038050558032552e+00,2.782434572345181550e+03,2.757462909348399990e+03,2.574874262546089540e+03,2.767194593342871940e+03,2.322045863941513289e+03,2.346215717569521075e+03,2.723788293400544717e+03,2.713951706453412044e+03
3.038074606633464292e+00,2.792616977967201819e+03,2.757462843827551751e+03,2.574598772369422477e+03,2.783627148240993392e+03,2.322045863941456446e+03,2.344694224521392698e+03,2.718922124905162946e+03,2.688318877284544214e+03
3.041114200783760602e+00,2.779736183905155031e+03,2.757462778568019530e+03,2.574325903227629169e+03,2.758016304049867813e+03,2.322045863941525113e+03,2.342959911031298816e+03,2.726678480812043290e+03,2.710716706374109435e+03
3.044156836048510062e+00,2.785776109532589544e+03,2.757462713568763775e+03,2.574053740075772566e+03,2.777238428347257013e+03,2.322045863941441439e+03,2.341608434631029922e+03,2.727247146632369549e+03,2.707470457494502625e+03
3.047202515470345929e+00,2.784358080863556097e+03,2.757462648828746751e+03,2.573784185194206657e+03,2.772715441445792294e+03,2.322045863941421885e+03,2.339866882096555400e+03,2.728913432318774539e+03,2.700508284116770938e+03
3.050251242094951465e+00,2.787607294484680551e+03,2.757462584346933454e+03,2.573518298959348613e+03,2.778564584164999815e+03,2.322045863941424614e+03,2.338214164542700019e+03,2.730977187677652637e+03,2.709288610822800820e+03
3.053303018971052385e+00,2.797810513625290241e+03,2.757462520122298429e+03,2.573252829435593412e+03,2.792502244022994546e+03,2.322045863941441439e+03,2.337331880277647087e+03,2.732598226167218399e+03,2.702131139323461866e+03
3.056357849150425743e+00,2.790192014494551586e+03,2.757462456153814855e+03,2.572992380375130779e+03,2.778960389156570272e+03,2.322045863941352764e+03,2.335884880299483939e+03,2.732309613296478346e+03,2.703856679617263126e+03
3.059415735687904814e+00,2.771180268999333293e+03,2.757462392440460917e+03,2.572732426358691100e+03,2.742944138932566602e+03,2.322045863941396419e+03,2.334452007599404624e+03,2.737697766701354340e+03,2.693852259906346262e+03
3.062476681641373766e+00,2.782314598421943174e+03,2.757462328981224346e+03,2.572475950856621239e+03,2.765645530821706416e+03,2.322045863941380503e+03,2.333309428130291963e+03,2.738105930108383745e+03,2.701565837478062804e+03
3.065540690071778762e+00,2.781077901222306082e+03,2.757462265775086962e+03,2.572222212483095973e+03,2.766187597501816072e+03,2.322045863941335028e+03,2.332148953453593094e+03,2.745116150323032343e+03,2.704504298657229810e+03
3.068607764043131070e+00,2.781484493630460747e+03,2.757462202821045594e+03,2.571972892733505432e+03,2.760742630971057224e+03,2.322045863941379594e+03,2.331149323701211415e+03,2.742014310770676275e+03,2.699979061166513020e+03
3.071677906622510168e+00,2.785556431385488395e+03,2.757462140118088882e+03,2.571725721427383633e+03,2.772814801744586930e+03,2.322045863941344123e+03,2.330625355098391537e+03,2.744005413882393441e+03,2.715408067841387492e+03
3.074751120880046429e+00,2.772697440734753400e+03,2.757462077665223205e+03,2.571481708415223693e+03,2.747478940874887030e+03,2.322045863941334574e+03,2.329863818361058748e+03,2.742842805919160128e+03,2.696992253465788508e+03
3.077827409888952204e+00,2.775853225879929596e+03,2.757462015461448573e+03,2.571240224472792761e+03,2.749498712414343572e+03,2.322045863941356856e+03,2.328976384958444214e+03,2.751103724905483887e+03,2.703385079319715715e+03
3.080906776725528928e+00,2.789021863269388632e+03,2.757461953505773636e+03,2.571001977943617476e+03,2.777221175978588690e+03,2.322045863941331390e+03,2.328552173890137510e+03,2.742383443841616554e+03,2.706343457124083670e+03
3.083989224469140034e+00,2.777607594346914084e+03,2.757461891797209319e+03,2.570768597977033096e+03,2.753900437930197768e+03,2.322045863941327752e+03,2.328038571093844894e+03,2.749028331572028492e+03,2.697692229859030249e+03
3.087074756202230041e+00,2.778501244812099230e+03,2.757461830334769274e+03,2.570535865981185907e+03,2.753250953385371758e+03,2.322045863941336393e+03,2.327535263201416910e+03,2.756597401725181953e+03,2.694674766709114920e+03
3.090163375010333446e+00,2.784448026810085139e+03,2.757461769117473523e+03,2.570307656108827359e+03,2.757350929853669641e+03,2.322045863941325479e+03,2.327036164702595670e+03,2.752460384746728323e+03,2.729138906511374898e+03
3.093255083982067166e+00,2.790646904059594362e+03,2.757461708144347540e+03,2.570083801681895238e+03,2.778266093153949441e+03,2.322045863941322750e+03,2.326725143413473234e+03,2.764099270882613837e+03,2.699117328401053783e+03
3.096349886209143865e+00,2.788859470571145721e+03,2.757461647414415893e+03,2.569861613643722194e+03,2.779887114898346226e+03,2.322045863941323205e+03,2.326488384584832602e+03,2.749937265927031603e+03,2.696689387311555947e+03
3.099447784786369287e+00,2.781874415433972899e+03,2.757461586926709970e+03,2.569642070716532089e+03,2.758647245636633670e+03,2.322045863941325024e+03,2.325950737132673112e+03,2.752842651228991599e+03,2.708904992486515312e+03
3.102548782811636485e+00,2.783581515287330149e+03,2.757461526680262068e+03,2.569426673294723969e+03,2.736784953541297909e+03,2.322045863941315929e+03,2.325582534874009525e+03,2.771885908551271314e+03,2.706566818004429933e+03
3.105652883385942253e+00,2.794460797487577111e+03,2.757461466674115400e+03,2.569215416154635477e+03,2.781596999128883454e+03,2.322045863941320022e+03,2.325562052832023255e+03,2.754459418408539022e+03,2.699260961632592625e+03
3.108760089613388899e+00,2.786463755845775268e+03,2.757461406907309538e+03,2.569006891383999118e+03,2.753900273165650560e+03,2.322045863941318203e+03,2.325380534175247249e+03,2.772599321413175858e+03,2.718898316309592701e+03
3.111870404601187357e+00,2.784662664951886200e+03,2.757461347378892242e+03,2.568799050543994326e+03,2.759592434362640233e+03,2.322045863941312746e+03,2.325066369334966566e+03,2.761022778786434174e+03,2.713419334527714454e+03
3.114983831459647856e+00,2.787052245472067625e+03,2.757461288087909907e+03,2.568597839592762739e+03,2.767302061788990159e+03,2.322045863941318203e+03,2.324954764059740683e+03,2.768245034477333320e+03,2.693972872338636535e+03
3.118100373302200801e+00,2.783994865390019640e+03,2.757461229033420750e+03,2.568397214026451365e+03,2.731526744373041765e+03,2.322045863941313655e+03,2.324762752703858496e+03,2.777238262050242156e+03,2.694896937533517757e+03
3.121220033245382552e+00,2.779966119622631595e+03,2.757461170214478898e+03,2.568199518775355955e+03,2.747578551144915764e+03,2.322045863941312746e+03,2.324646080360426367e+03,2.770103348349912267e+03,2.689153620573461467e+03
3.124342814408852753e+00,2.793611060972684754e+03,2.757461111630147570e+03,2.568005006566474094e+03,2.762456461162912547e+03,2.322045863941315019e+03,2.324456022351749198e+03,2.785818386682214168e+03,2.684493157224091647e+03
3.127468719915406759e+00,2.790009953774969290e+03,2.757461053279489988e+03,2.567813905993295521e+03,2.758232602287133886e+03,2.322045863941312746e+03,2.324350820615386965e+03,2.775970646586848488e+03,2.682297496800647423e+03
3.130597752890940111e+00,2.787585187806621889e+03,2.757460995161578921e+03,2.567623933896465132e+03,2.734039270712323741e+03,2.322045863941311836e+03,2.324272604554186728e+03,2.780574591094021343e+03,2.694485385885534015e+03
3.133729916464484511e+00,2.791372888542723558e+03,2.757460937275482593e+03,2.567438516249588247e+03,2.756044093265443735e+03,2.322045863941313200e+03,2.324222655410866992e+03,2.787528730696305502e+03,2.689122741610356570e+03
3.136865213768206928e+00,2.781282132948739672e+03,2.757460879620276046e+03,2.567253954189807246e+03,2.735223776134407217e+03,2.322045863941311836e+03,2.324107936906852046e+03,2.775029183678735080e+03,2.689501381357678383e+03
3.140003647937402942e+00,2.802909981090198926e+03,2.757460822195043875e+03,2.567070620786918425e+03,2.772187657565703375e+03,2.322045863941311836e+03,2.323960619303583371e+03,2.794521686970875635e+03,2.686542522062146872e+03
3.143145222110507842e+00,2.790514440033693973e+03,2.757460764998865670e+03,2.566892173565011490e+03,2.758270853298943621e+03,2.322045863941311836e+03,2.323907127782661064e+03,2.786045029136797893e+03,2.678289574897857165e+03
3.146289939429094851e+00,2.795158289060062089e+03,2.757460708030831938e+03,2.566711327069710023e+03,2.767296653099938339e+03,2.322045863941311836e+03,2.323915033414054960e+03,2.785433638198908284e+03,2.691755406620591657e+03
3.149437803037887562e+00,2.805682190923711460e+03,2.757460651290030910e+03,2.566534723244055840e+03,2.752458623633772731e+03,2.322045863941310017e+03,2.323751726637598040e+03,2.803565805455583813e+03,2.712609663468506824e+03
3.152588816084748835e+00,2.785355799811964516e+03,2.757460594775556274e+03,2.566359960417577440e+03,2.733939846493487039e+03,2.322045863941311381e+03,2.323779841520893569e+03,2.781534271456549050e+03,2.679852193160092611e+03
3.155742981720689677e+00,2.796029485184427813e+03,2.757460538486508085e+03,2.566185598723493513e+03,2.758249113278188361e+03,2.322045863941310472e+03,2.323780813327080978e+03,2.788919740020814970e+03,2.682744063476659448e+03
3.158900303099878126e+00,2.814846599633470760e+03,2.757460482421985944e+03,2.566010162627959289e+03,2.753140362150098099e+03,2.322045863941310017e+03,2.323728721626936476e+03,2.813749231196620713e+03,2.695515945988323892e+03
3.162060783379625928e+00,2.789246939675791964e+03,2.757460426581096272e+03,2.565837869702971147e+03,2.735221547245063448e+03,2.322045863941310017e+03,2.323666067444137752e+03,2.785368333404714576e+03,2.684180235355787772e+03
3.165224425720416068e+00,2.795893908851307060e+03,2.757460370962950037e+03,2.565664357663884857e+03,2.718567696008836265e+03,2.322045863941310017e+03,2.323661349489457734e+03,2.794270500941859609e+03,2.671927762072778933e+03
3.168391233285897890e+00,2.813194081611599358e+03,2.757460315566655026e+03,2.565490680475209047e+03,2.736369358524601012e+03,2.322045863941310017e+03,2.323721917576537635e+03,2.812341908173095817e+03,2.705879726879209557e+03
3.171561209242876433e+00,2.797378225250178730e+03,2.757460260391328575e+03,2.565316893469243041e+03,2.758507719184427515e+03,2.322045863941310017e+03,2.323682978402365734e+03,2.792807623068623798e+03,2.681396785707187973e+03
3.174734356761327980e+00,2.816162052698431125e+03,2.757460205436088472e+03,2.565144243065759838e+03,2.746931323767247704e+03,2.322045863941310017e+03,2.323644091233422841e+03,2.815119037814725289e+03,2.679082833340417892e+03
3.177910679014400053e+00,2.808184246190327030e+03,2.757460150700061604e+03,2.564968742952022694e+03,2.743227170231177752e+03,2.322045863941310017e+03,2.323571597304407533e+03,2.807556607347624322e+03,2.681129486860504585e+03
3.181090179178413635e+00,2.793703580072008208e+03,2.757460096182371217e+03,2.564792365342471385e+03,2.729753467616907074e+03,2.322045863941310017e+03,2.323586234370561215e+03,2.791608927361835413e+03,2.684299779307729750e+03
3.184272860432869390e+00,2.819318607113440976e+03,2.757460041882147380e+03,2.564614347347853709e+03,2.739005897012458263e+03,2.322045863941310017e+03,2.323569819461438328e+03,2.818805509875349344e+03,2.693840585384203678e+03
3.187458725960456096e+00,2.807429332174754563e+03,2.757459987798524708e+03,2.564441308693558767e+03,2.723051674585094588e+03,2.322045863941310017e+03,2.323622480874284520e+03,2.806820725760687765e+03,2.691485519607570041e+03
3.190647778947032887e+00,2.803002107811423684e+03,2.757459933930635998e+03,2.564261213107120966e+03,2.764541155525366321e+03,2.322045863941310017e+03,2.323462378379311303e+03,2.799429895031183150e+03,2.678516252594099115e+03
3.193840022581655447e+00,2.820623670709619091e+03,2.757459880277629054e+03,2.564077752786133715e+03,2.749809258144457999e+03,2.322045863941310017e+03,2.323452187329135540e+03,2.820227702741793564e+03,2.672521913218886311e+03
3.197035460056569356e+00,2.808047679322837212e+03,2.757459826838639401e+03,2.563893303740362171e+03,2.770051252465465950e+03,2.322045863941310017e+03,2.323433556498452162e+03,2.803455316269069044e+03,2.694536532020475533e+03
3.200234094567206533e+00,2.806362016766544912e+03,2.757459773612816207e+03,2.563705388447418500e+03,2.763858723169195400e+03,2.322045863941310017e+03,2.323421264590484498e+03,2.803518977297863785e+03,2.685635655592026978e+03
3.203435929312204333e+00,2.825390198318729290e+03,2.757459720599311822e+03,2.563511841142420053e+03,2.783314968708115430e+03,2.322045863941310017e+03,2.323332787785943765e+03,2.824123748548957337e+03,2.678715512218947879e+03
3.206640967493395777e+00,2.811459067174450411e+03,2.757459667797279963e+03,2.563316826214542743e+03,2.766345125668718083e+03,2.322045863941310017e+03,2.323314747621397146e+03,2.807916324420690671e+03,2.681541483442665594e+03
3.209849212315824207e+00,2.808299924815458780e+03,2.757459615205873888e+03,2.563116822801765466e+03,2.772833070164962010e+03,2.322045863941310017e+03,2.323398021977543522e+03,2.801734647690066140e+03,2.668208534221068021e+03
3.213060666987737957e+00,2.828017697031742500e+03,2.757459562824258683e+03,2.562919334518664982e+03,2.764012895310804652e+03,2.322045863941310017e+03,2.323290592904565528e+03,2.827479458370804878e+03,2.685496785611160249e+03
3.216275334720582801e+00,2.813514077585011364e+03,2.757459510651595338e+03,2.562717416047128154e+03,2.765612019987280746e+03,2.322045863941310017e+03,2.323279504936532248e+03,2.810462193192409813e+03,2.685313962380651901e+03
3.219493218729032602e+00,2.805611150923278728e+03,2.757459458687052575e+03,2.562510982250894358e+03,2.745538695950338024e+03,2.322045863941310017e+03,2.323291360339156654e+03,2.804575332275898290e+03,2.678676353000307699e+03
3.222714322230971096e+00,2.817624373179808572e+03,2.757459406929799115e+03,2.562304370305160319e+03,2.754484666253139949e+03,2.322045863941310017e+03,2.323292057098240548e+03,2.816727085112054738e+03,2.676156892147327653e+03
3.225938648447496337e+00,2.812728224766463427e+03,2.757459355379009139e+03,2.562096095059837353e+03,2.767814592391497627e+03,2.322045863941310017e+03,2.323328088602779644e+03,2.808776366601418886e+03,2.666931324069576476e+03
3.229166200602938908e+00,2.813545189047038548e+03,2.757459304033860008e+03,2.561881914357793903e+03,2.759190511705518020e+03,2.322045863941310017e+03,2.323409142740364132e+03,2.812094929689342734e+03,2.664414690792667443e+03
3.232396981924845480e+00,2.826204111636498055e+03,2.757459252893533630e+03,2.561666791608050062e+03,2.747502292285915701e+03,2.322045863941310017e+03,2.323446864788545554e+03,2.825863769469990530e+03,2.664130984296914903e+03
3.235630995644007690e+00,2.804075949223657062e+03,2.757459201957210098e+03,2.561451390700775391e+03,2.724697422414548328e+03,2.322045863941310017e+03,2.323387337054048658e+03,2.803394438256717422e+03,2.683707110828577697e+03
3.238868244994442147e+00,2.819716809533299511e+03,2.757459151224077232e+03,2.561230967658324971e+03,2.742835446261514335e+03,2.322045863941310017e+03,2.323385476519300937e+03,2.819472491821610220e+03,2.668446929306099719e+03
3.242108733213385552e+00,2.824101439078247950e+03,2.757459100693328310e+03,2.561008860756202921e+03,2.735235357092152299e+03,2.322045863941310017e+03,2.323379669153917803e+03,2.823882281618607522e+03,2.662451094880712844e+03
3.245352463541328447e+00,2.814038491347987019e+03,2.757459050364151608e+03,2.560784689847065238e+03,2.764938651678792667e+03,2.322045863941310017e+03,2.323409303653717416e+03,2.811011512560532537e+03,2.663620522988794619e+03
3.248599439222002783e+00,2.818721163102979062e+03,2.757459000235748135e+03,2.560554155574284323e+03,2.768188039331639175e+03,2.322045863941310017e+03,2.323368597350119671e+03,2.816080375416227980e+03,2.656918002318350318e+03
3.251849663502385024e+00,2.821293120214919782e+03,2.757458950307315263e+03,2.560324275580239828e+03,2.718837657147399568e+03,2.322045863941310017e+03,2.323275537118688590e+03,2.820955568848279654e+03,2.665138502741506272e+03
3.255103139632704590e+00,2.817470448924493212e+03,2.757458900578054909e+03,2.560090335438857892e+03,2.702724542996146738e+03,2.322045863941310017e+03,2.323274663909576702e+03,2.817146714522298225e+03,2.661480126534090687e+03
3.258359870866438079e+00,2.816506697747833186e+03,2.757458851047174448e+03,2.559851218152658021e+03,2.715426984449321935e+03,2.322045863941310017e+03,2.323223619501083249e+03,2.816227164250216902e+03,2.656679384379071962e+03
3.261619860460310161e+00,2.816925402655256676e+03,2.757458801713883986e+03,2.559608366783675592e+03,2.764228873638798632e+03,2.322045863941310017e+03,2.323177309151403279e+03,2.815116618337819546e+03,2.660950187169488345e+03
3.264883111674313554e+00,2.801953539394292875e+03,2.757458752577394534e+03,2.559358494952557521e+03,2.736980020329764557e+03,2.322045863941310017e+03,2.323184516411206459e+03,2.800087180411362624e+03,2.647621331718746660e+03
3.268149627771707255e+00,2.798780760169295263e+03,2.757458703636919836e+03,2.559106160737072059e+03,2.744893608159664382e+03,2.322045863941310017e+03,2.323173119713243068e+03,2.796436179424571947e+03,2.652940186454926788e+03
3.271419412018998329e+00,2.814410086607325866e+03,2.757458654891682727e+03,2.558855314027644454e+03,2.769898469974969430e+03,2.322045863941310017e+03,2.323148706259877144e+03,2.812528203587530243e+03,2.652960414024961665e+03
3.274692467685969888e+00,2.801277996075823467e+03,2.757458606340901952e+03,2.558599139049123096e+03,2.719995985643467066e+03,2.322045863941310017e+03,2.323181206835305147e+03,2.800500923314431475e+03,2.648043716896137539e+03
3.277968798045683751e+00,2.794607087867439077e+03,2.757458557983804440e+03,2.558344929230292564e+03,2.736737064065716822e+03,2.322045863941310017e+03,2.323142895077679896e+03,2.792411788841986890e+03,2.661208416865039908e+03
3.281248406374466686e+00,2.804041908066104497e+03,2.757458509819613937e+03,2.558083502203415264e+03,2.756240949972466751e+03,2.322045863941310017e+03,2.323122680326917816e+03,2.801169493645393686e+03,2.645468236225534383e+03
3.284531295951929497e+00,2.798874432616464219e+03,2.757458461847564649e+03,2.557821992889330431e+03,2.717302958591416427e+03,2.322045863941310017e+03,2.323146670313885807e+03,2.797637047014847667e+03,2.634630680587645202e+03
3.287817470060963032e+00,2.794683218600179771e+03,2.757458414066890782e+03,2.557555385078097061e+03,2.730933548796194373e+03,2.322045863941310017e+03,2.323115577951213709e+03,2.793239650256216009e+03,2.644577145011078301e+03
3.291106931987736406e+00,2.799133832475191412e+03,2.757458366476827905e+03,2.557288670925139741e+03,2.725821082655462305e+03,2.322045863941310017e+03,2.323066299047110078e+03,2.797892787282562495e+03,2.641628211262722289e+03
3.294399685021715207e+00,2.800462937154003612e+03,2.757458319076616590e+03,2.557020445741021831e+03,2.762773252810936810e+03,2.322045863941310017e+03,2.323072388547604987e+03,2.794169794553482006e+03,2.640736267572079214e+03
3.297695732455657058e+00,2.800740058290323759e+03,2.757458271865501956e+03,2.556748769393661405e+03,2.774238327627017952e+03,2.322045863941310017e+03,2.323052283076684944e+03,2.792217389571014337e+03,2.635978498857767136e+03
3.300995077585607618e+00,2.797632702846031862e+03,2.757458224842727759e+03,2.556479524231804589e+03,2.749239073670810285e+03,2.322045863941310017e+03,2.323022864018284508e+03,2.794662835582925709e+03,2.642670856560076572e+03
3.304297723710912571e+00,2.797890176306179455e+03,2.757458178007541392e+03,2.556208198796609850e+03,2.743602671791961711e+03,2.322045863941310017e+03,2.323006024671471096e+03,2.795755032901904997e+03,2.631568045425485252e+03
3.307603674134213190e+00,2.799311647544961488e+03,2.757458131359198887e+03,2.555934720119752456e+03,2.754024653742587816e+03,2.322045863941310017e+03,2.322960119387224495e+03,2.797285663248499986e+03,2.632317474500624030e+03
3.310912932161459654e+00,2.861085807180916618e+03,2.757458084896955370e+03,2.555660939690187206e+03,2.725101045860487829e+03,2.322045863941310017e+03,2.322967825936159898e+03,2.861071024787058832e+03,2.629839345565530493e+03
3.314225501101916826e+00,2.892565144309378866e+03,2.757458038620067327e+03,2.555388172493900584e+03,2.736503265956402629e+03,2.322045863941310017e+03,2.322938512309088310e+03,2.892563869814889586e+03,2.630572584230045777e+03
3.317541384268154481e+00,2.883987314561592029e+03,2.757457992527793067e+03,2.555112150673300675e+03,2.756083148378298119e+03,2.322045863941310017e+03,2.322891902049435430e+03,2.883942173128063132e+03,2.621118018282293178e+03
3.320860584976052632e+00,2.867365690658521999e+03,2.757457946619401810e+03,2.554840534293432484e+03,2.781327827469483964e+03,2.322045863941310017e+03,2.322874615658431139e+03,2.866907002779922095e+03,2.619224863729408298e+03
3.324183106544806421e+00,2.870439376071693459e+03,2.757457900894158229e+03,2.554565111092386815e+03,2.722821875733345678e+03,2.322045863941310017e+03,2.322854357228231947e+03,2.870433583178123172e+03,2.632493398872088619e+03
3.327508952296944766e+00,2.851629889180072951e+03,2.757457855351329727e+03,2.554294309270756003e+03,2.765720915502182834e+03,2.322045863941310017e+03,2.322797403500498149e+03,2.849891605933530627e+03,2.626419666476845123e+03
3.330838125558313489e+00,2.842074263338064156e+03,2.757457809990194164e+03,2.554020442819967684e+03,2.716580041738440741e+03,2.322045863941310017e+03,2.322812545341096211e+03,2.841779840063626125e+03,2.620012518842670488e+03
3.334170629658083307e+00,2.838113518909681261e+03,2.757457764810022127e+03,2.553750491040732868e+03,2.728989234851479068e+03,2.322045863941310017e+03,2.322772024281977792e+03,2.838108668746691819e+03,2.614435617625527357e+03
3.337506467928762266e+00,2.820869686897140127e+03,2.757457719810096023e+03,2.553481368555163044e+03,2.733266899052402096e+03,2.322045863941310017e+03,2.322711456563701176e+03,2.820489192622715109e+03,2.613461638605084318e+03
3.340845643706187751e+00,2.820890378696413791e+03,2.757457674989693260e+03,2.553211017299432115e+03,2.771893849909069104e+03,2.322045863941310017e+03,2.322679479379796703e+03,2.818079257564430463e+03,2.610873192972058860e+03
3.344188160329533588e+00,2.825101628028639425e+03,2.757457630348101702e+03,2.552945803702773901e+03,2.732566541574596613e+03,2.322045863941310017e+03,2.322672909183580487e+03,2.825056960193287068e+03,2.615397319547289953e+03
3.347534021141317595e+00,2.813626797149570393e+03,2.757457585884605578e+03,2.552680487507089765e+03,2.748033390732955013e+03,2.322045863941310017e+03,2.322648018405441690e+03,2.811580042913905800e+03,2.617882626593429904e+03
3.350883229487406467e+00,2.805535316538112966e+03,2.757457541598497301e+03,2.552414974631059067e+03,2.723298719537130182e+03,2.322045863941310017e+03,2.322631142596819245e+03,2.804860881626461378e+03,2.619241675557601411e+03
3.354235788717002897e+00,2.812140491569837650e+03,2.757457497489068828e+03,2.552149838965647632e+03,2.764386592319730880e+03,2.322045863941310017e+03,2.322581592132745754e+03,2.810759000441013541e+03,2.609589547404423229e+03
3.357591702182662896e+00,2.823947797446050572e+03,2.757457453555614848e+03,2.551889450143204613e+03,2.744559706688235110e+03,2.322045863941310017e+03,2.322563123420160082e+03,2.823799214741472952e+03,2.605779106571575994e+03
3.360950973240304673e+00,2.803505660125109898e+03,2.757457409797434138e+03,2.551629229508089338e+03,2.745416170854258780e+03,2.322045863941310017e+03,2.322550352661616671e+03,2.802042448463444543e+03,2.607552268213696607e+03
3.364313605249203754e+00,2.808356212917421999e+03,2.757457366213829118e+03,2.551372729246498238e+03,2.734254818103861908e+03,2.322045863941310017e+03,2.322550693271271030e+03,2.807741289784893979e+03,2.604680940969509265e+03
3.367679601571997416e+00,2.819617553746374142e+03,2.757457322804103569e+03,2.551118739445894789e+03,2.729529699891140353e+03,2.322045863941310017e+03,2.322540274615556882e+03,2.819378099674442183e+03,2.607889087221735281e+03
3.371048965574666934e+00,2.810274124113872404e+03,2.757457279567561727e+03,2.550865248807808257e+03,2.741543934033141340e+03,2.322045863941310017e+03,2.322521968935008317e+03,2.809647163174920024e+03,2.608189415048822866e+03
3.374421700626573095e+00,2.804855906476718701e+03,2.757457236503516015e+03,2.550615626429579152e+03,2.728787066727440106e+03,2.322045863941310017e+03,2.322515072419072567e+03,2.804299220449289351e+03,2.607929441756005417e+03
3.377797810100465536e+00,2.803290927453102540e+03,2.757457193611276580e+03,2.550369049905787506e+03,2.742525554641634699e+03,2.322045863941310017e+03,2.322487024613647009e+03,2.802058492447212757e+03,2.601541458570838131e+03
3.381177297372453872e+00,2.826742117251508716e+03,2.757457150890158573e+03,2.550123796506864437e+03,2.743522537881429344e+03,2.322045863941310017e+03,2.322442103290871273e+03,2.826513708132976262e+03,2.594303377063310108e+03
3.384560165822020572e+00,2.815162794833214775e+03,2.757457108339481238e+03,2.549880601590898095e+03,2.767356960520541179e+03,2.322045863941310017e+03,2.322414071743254681e+03,2.814038090332849606e+03,2.598843948435552647e+03
3.387946418832028517e+00,2.802595725738259716e+03,2.757457065958564726e+03,2.549641982054500204e+03,2.716115359377916775e+03,2.322045863941310017e+03,2.322384036439611464e+03,2.801979478726138495e+03,2.606208066401705310e+03
3.391336059788734314e+00,2.829921723901855330e+03,2.757457023746730556e+03,2.549402372586313049e+03,2.719370960103499328e+03,2.322045863941310017e+03,2.322360121218600398e+03,2.829763256869053748e+03,2.592005345925686925e+03
3.394729092081783417e+00,2.806776170137693498e+03,2.757456981703306155e+03,2.549166208066285890e+03,2.738823361679061236e+03,2.322045863941310017e+03,2.322310122596296878e+03,2.806233875896332847e+03,2.595314241662358654e+03
3.398125519104210568e+00,2.804618603224413619e+03,2.757456939827618953e+03,2.548935260828500759e+03,2.727926647288682489e+03,2.322045863941310017e+03,2.322296611970143658e+03,2.803788154868707352e+03,2.586544581280577404e+03
3.401525344252444238e+00,2.804769217461772314e+03,2.757456898119002290e+03,2.548702821008482715e+03,2.732635728828754964e+03,2.322045863941310017e+03,2.322255477389305725e+03,2.804170351538245995e+03,2.600702144471782503e+03
3.404928570926300857e+00,2.828199446277413699e+03,2.757456856576787231e+03,2.548480391475156921e+03,2.743867111004270100e+03,2.322045863941310017e+03,2.322239673199017943e+03,2.827969977450488841e+03,2.592341410511719914e+03
3.408335202529008345e+00,2.809723447896766629e+03,2.757456815200311212e+03,2.548253278567211510e+03,2.757540911158434483e+03,2.322045863941310017e+03,2.322209950411945556e+03,2.807531574828748944e+03,2.584467008885445011e+03
3.411745242467203898e+00,2.807121081622533438e+03,2.757456773988914392e+03,2.548034139377213705e+03,2.723795139055628169e+03,2.322045863941310017e+03,2.322188257076927130e+03,2.806662616662072196e+03,2.594975938440997652e+03
3.415158694150925989e+00,2.830158864979133796e+03,2.757456732941936934e+03,2.547815511920371591e+03,2.726306785393092468e+03,2.322045863941310017e+03,2.322172563933175297e+03,2.829897212893600226e+03,2.583276727547802693e+03
3.418575560993627249e+00,2.805961296599916295e+03,2.757456692058724002e+03,2.547597846846875200e+03,2.732816330408732483e+03,2.322045863941310017e+03,2.322168185699013520e+03,2.805705062950857155e+03,2.587573728668799504e+03
3.421995846412172249e+00,2.806077598539717656e+03,2.757456651338623942e+03,2.547384189374191465e+03,2.726945048593085630e+03,2.322045863941310017e+03,2.322150458578700182e+03,2.805694460775139760e+03,2.574404361871569108e+03
3.425419553826847263e+00,2.812099533388678083e+03,2.757456610780984647e+03,2.547181881855330175e+03,2.719521754044528734e+03,2.322045863941310017e+03,2.322144508622475314e+03,2.811859935162277452e+03,2.579835248756799047e+03
3.428846686661360277e+00,2.836265916946598281e+03,2.757456570385158102e+03,2.546971784099679098e+03,2.712687436323818474e+03,2.322045863941310017e+03,2.322146479954957613e+03,2.836202439329842036e+03,2.586154371958270985e+03
3.432277248342848086e+00,2.805231623703583409e+03,2.757456530150501294e+03,2.546770091303674235e+03,2.709894385138065445e+03,2.322045863941310017e+03,2.322137759698670834e+03,2.804864390894335429e+03,2.594238955383912980e+03
3.435711242301875856e+00,2.810248110197842379e+03,2.757456490076366208e+03,2.546565839660500387e+03,2.750075260357476509e+03,2.322045863941310017e+03,2.322140630879104265e+03,2.809729134570536189e+03,2.584686892461851585e+03
3.439148671972429572e+00,2.818348678553040827e+03,2.757456450162118472e+03,2.546367543298970304e+03,2.726297872194401407e+03,2.322045863941310017e+03,2.322145515471914678e+03,2.818198125326966874e+03,2.576161191977839735e+03
3.442589540791938685e+00,2.816154542209529154e+03,2.757456410407120529e+03,2.546173378150023836e+03,2.713091565241243188e+03,2.322045863941310017e+03,2.322137213594282912e+03,2.815866194147346050e+03,2.569877035550033725e+03
3.446033852201275227e+00,2.809019611680862454e+03,2.757456370810735280e+03,2.545979676143595043e+03,2.723218613887946049e+03,2.322045863941310017e+03,2.322143437887006257e+03,2.808784344113734733e+03,2.576537880621028762e+03
3.449481609644750701e+00,2.810484598038529384e+03,2.757456331372328805e+03,2.545789052861876826e+03,2.705361269912121770e+03,2.322045863941310017e+03,2.322148963455008015e+03,2.810083546083258170e+03,2.582977866232603901e+03
3.452932816570124519e+00,2.831882776798294799e+03,2.757456292091273554e+03,2.545604515662789254e+03,2.707426695781759463e+03,2.322045863941310017e+03,2.322139987171429311e+03,2.831849434796260084e+03,2.584857993050103687e+03
3.456387476428605332e+00,2.811513880521990814e+03,2.757456252966940610e+03,2.545420645058359696e+03,2.734637090287437786e+03,2.322045863941310017e+03,2.322144082136382622e+03,2.810862407515378436e+03,2.591697511897530603e+03
3.459845592674848813e+00,2.802833810170930519e+03,2.757456213998706517e+03,2.545240218013188496e+03,2.717751183317825962e+03,2.322045863941310017e+03,2.322142312957847025e+03,2.802185925252043489e+03,2.579323045991298841e+03
3.463307168766969646e+00,2.813928684834580054e+03,2.757456175185947814e+03,2.545061831281607283e+03,2.710374553923426902e+03,2.322045863941310017e+03,2.322138219877883785e+03,2.813534893837591426e+03,2.596807424218625329e+03
3.466772208166547742e+00,2.825337978813033260e+03,2.757456136528045590e+03,2.544889299476997621e+03,2.702066963939058496e+03,2.322045863941310017e+03,2.322143731832275535e+03,2.825081108629200571e+03,2.570410130316624873e+03
3.470240714338626464e+00,2.810750007815753179e+03,2.757456098024380935e+03,2.544717031016140027e+03,2.715101058579306027e+03,2.322045863941310017e+03,2.322133267396163319e+03,2.810344889481421433e+03,2.573084155099460986e+03
3.473712690751709520e+00,2.812559106388123382e+03,2.757456059674339031e+03,2.544549578136054151e+03,2.711347686296639040e+03,2.322045863941310017e+03,2.322135926953666512e+03,2.812107896782370517e+03,2.571901914447131730e+03
3.477188140877771616e+00,2.826264362300182711e+03,2.757456021477308241e+03,2.544383865869219790e+03,2.713742627578744305e+03,2.322045863941310017e+03,2.322128995042823590e+03,2.826172590961631613e+03,2.577531418671143001e+03
3.480667068192272229e+00,2.811202123527747517e+03,2.757455983432676021e+03,2.544223564139961127e+03,2.698753083474188770e+03,2.322045863941310017e+03,2.322128664472003038e+03,2.810889210762141829e+03,2.555851813060852692e+03
3.484149476174131621e+00,2.804828257020783440e+03,2.757455945539838012e+03,2.544058329935862730e+03,2.716455890646993794e+03,2.322045863941310017e+03,2.322125061370135882e+03,2.804072603139132752e+03,2.574287565481516594e+03
3.487635368305750383e+00,2.810817443826445924e+03,2.757455907798188946e+03,2.543905416410690577e+03,2.718841677961946516e+03,2.322045863941310017e+03,2.322135619821743603e+03,2.810420803068594068e+03,2.562810608210604641e+03
3.491124748073028083e+00,2.818723757392184325e+03,2.757455870207122643e+03,2.543748434780549815e+03,2.716293621699760934e+03,2.322045863941310017e+03,2.322134212993335495e+03,2.818605166337311402e+03,2.580855729524706931e+03
3.494617618965338846e+00,2.801870893347062520e+03,2.757455832766038384e+03,2.543600336246766801e+03,2.713112906070127792e+03,2.322045863941310017e+03,2.322135006367011101e+03,2.801178641614793833e+03,2.573395186284790725e+03
3.498113984475562876e+00,2.802215197950818947e+03,2.757455795474341357e+03,2.543451973571762210e+03,2.712508211559037591e+03,2.322045863941310017e+03,2.322132781178081132e+03,2.801450922604956304e+03,2.572208219652029584e+03
3.501613848100067816e+00,2.799760256273479627e+03,2.757455758331436300e+03,2.543303496253426147e+03,2.685384120919674842e+03,2.322045863941310017e+03,2.322135121039560545e+03,2.798897003173673966e+03,2.563094822077409844e+03
3.505117213338710069e+00,2.810803754071273488e+03,2.757455721336727038e+03,2.543168646181499753e+03,2.688421204591817514e+03,2.322045863941310017e+03,2.322128756834355954e+03,2.810493666485004269e+03,2.571423114144989995e+03
3.508624083694854789e+00,2.793454045059776945e+03,2.757455684489623309e+03,2.543025454182707108e+03,2.692405942411970500e+03,2.322045863941310017e+03,2.322133710932242138e+03,2.792095320074286974e+03,2.567578696440059502e+03
3.512134462675376767e+00,2.798210806596730890e+03,2.757455647789537124e+03,2.542893128297417661e+03,2.710912746135197722e+03,2.322045863941310017e+03,2.322129986375922726e+03,2.797056484131440811e+03,2.579828399117306617e+03
3.515648353790649772e+00,2.804655212710052638e+03,2.757455611235881406e+03,2.542757912656641111e+03,2.707503128020566237e+03,2.322045863941310017e+03,2.322136841536736938e+03,2.803878692706477523e+03,2.574198555621870128e+03
3.519165760554569200e+00,2.805185748236591735e+03,2.757455574828072713e+03,2.542628337834851209e+03,2.705799090204518052e+03,2.322045863941310017e+03,2.322138541367967264e+03,2.804382470959482362e+03,2.571703809526004989e+03
3.522686686484546748e+00,2.799835622367571432e+03,2.757455538565527604e+03,2.542501052328491824e+03,2.675625198356932742e+03,2.322045863941310017e+03,2.322141056918491358e+03,2.798411027741658017e+03,2.582022782342001847e+03
3.526211135101502858e+00,2.804658496873928925e+03,2.757455502447672188e+03,2.542377404028355159e+03,2.701889007219144787e+03,2.322045863941310017e+03,2.322142205360937169e+03,2.803705817028763704e+03,2.576935177119017681e+03
3.529739109929881380e+00,2.805798213112647773e+03,2.757455466473923479e+03,2.542257446285788319e+03,2.694837041746449358e+03,2.322045863941310017e+03,2.322146739285402418e+03,2.805315124574947731e+03,2.570477329811705204e+03
3.533270614497665552e+00,2.802310179899143350e+03,2.757455430643707587e+03,2.542139381661996595e+03,2.680389440128476963e+03,2.322045863941310017e+03,2.322140769378483583e+03,2.801373755238212198e+03,2.566571419021552629e+03
3.536805652336359795e+00,2.799418766288018105e+03,2.757455394956456075e+03,2.542022507702105486e+03,2.691400499474471417e+03,2.322045863941310017e+03,2.322140751190351239e+03,2.798306174617074248e+03,2.567584775244250523e+03
3.540344226981005260e+00,2.804646571535138719e+03,2.757455359411595964e+03,2.541908659537193216e+03,2.689837415374927787e+03,2.322045863941310017e+03,2.322139223659158688e+03,2.803502569926185060e+03,2.568192092225729539e+03
3.543886341970172271e+00,2.809030587791457492e+03,2.757455324008558819e+03,2.541798397449338609e+03,2.712630776424371106e+03,2.322045863941310017e+03,2.322135971962950407e+03,2.808470737383137475e+03,2.567167916430651076e+03
3.547432000845970101e+00,2.796916139821246361e+03,2.757455288746781662e+03,2.541695387947643212e+03,2.706381496134172266e+03,2.322045863941310017e+03,2.322137526848004200e+03,2.795396668373385182e+03,2.564830458756428470e+03
3.550981207154063846e+00,2.791880428242126982e+03,2.757455253625699697e+03,2.541589720898986798e+03,2.672208535781253886e+03,2.322045863941310017e+03,2.322134457224586185e+03,2.790207317291577965e+03,2.577790238969178063e+03
3.554533964443661098e+00,2.796636974651745277e+03,2.757455218644749948e+03,2.541493181885242393e+03,2.692900362810204570e+03,2.322045863941310017e+03,2.322131303861860943e+03,2.795097690172386137e+03,2.583245031368070613e+03
3.558090276267517726e+00,2.799615342293517642e+03,2.757455183803375348e+03,2.541395393966123265e+03,2.666823054082118688e+03,2.322045863941310017e+03,2.322127375937343913e+03,2.798756913362745763e+03,2.590154513594234231e+03
3.561650146181947640e+00,2.790100401523253367e+03,2.757455149101021107e+03,2.541301601136152385e+03,2.698007572566308227e+03,2.322045863941310017e+03,2.322124749414112102e+03,2.787903412806214419e+03,2.553475978015927922e+03
3.565213577746827234e+00,2.802157531297471905e+03,2.757455114537127429e+03,2.541211097393063937e+03,2.677460247902924493e+03,2.322045863941310017e+03,2.322122892922485335e+03,2.800197588845293922e+03,2.572492939380430471e+03
3.568780574525577176e+00,2.792849539328137780e+03,2.757455080111147709e+03,2.541121842013140849e+03,2.693223020761951830e+03,2.322045863941310017e+03,2.322121213239513509e+03,2.791336500424651149e+03,2.575291133999294289e+03
3.572351140085201049e+00,2.805515885970494310e+03,2.757455045822530337e+03,2.541036732122396188e+03,2.689418839549520726e+03,2.322045863941310017e+03,2.322119173785965359e+03,2.803995778632666770e+03,2.568883894402928945e+03
3.575925277996262697e+00,2.790893734622628472e+03,2.757455011670725980e+03,2.540954184117335444e+03,2.677899305076678047e+03,2.322045863941310017e+03,2.322113100999668859e+03,2.788082517206504235e+03,2.577217177223055842e+03
3.579502991832895997e+00,2.794810766180089558e+03,2.757454977655191215e+03,2.540877468264437994e+03,2.675364742979492348e+03,2.322045863941310017e+03,2.322114101926545118e+03,2.791949607809431200e+03,2.570062487636833339e+03
3.583084285172827510e+00,2.804699556692316037e+03,2.757454943775379888e+03,2.540800335489544068e+03,2.689789448436713428e+03,2.322045863941310017e+03,2.322112846248633105e+03,2.802809049317681456e+03,2.587944072736437647e+03
3.586669161597344058e+00,2.801509373077945384e+03,2.757454910030753126e+03,2.540726483434589227e+03,2.684574618945004659e+03,2.322045863941310017e+03,2.322107353048433197e+03,2.799207881988661484e+03,2.577663541723619801e+03
3.590257624691309157e+00,2.801263469163961418e+03,2.757454876420770233e+03,2.540659224128076403e+03,2.674964918614284670e+03,2.322045863941310017e+03,2.322103070107286840e+03,2.798607979404214348e+03,2.585688285684547736e+03
3.593849678043198104e+00,2.797432679184534209e+03,2.757454842944894608e+03,2.540590216717715521e+03,2.675596160324163975e+03,2.322045863941310017e+03,2.322099459838343137e+03,2.794415853233469079e+03,2.580007800674782629e+03
3.597445325245065995e+00,2.796830931631149269e+03,2.757454809602592832e+03,2.540526159254253344e+03,2.683249286600716914e+03,2.322045863941310017e+03,2.322094135479742363e+03,2.794335832194636623e+03,2.585993222619779772e+03
3.601044569892556169e+00,2.801531481367848755e+03,2.757454776393328757e+03,2.540471357345115393e+03,2.685278049851555352e+03,2.322045863941310017e+03,2.322091276302368897e+03,2.799545937081265492e+03,2.575728426354802650e+03
3.604647415584918413e+00,2.802703819681290952e+03,2.757454743316575332e+03,2.540414412466534941e+03,2.667665381785773661e+03,2.322045863941310017e+03,2.322086813731479197e+03,2.800936129378234909e+03,2.578613605584774177e+03
3.608253865924999637e+00,2.803259117848563619e+03,2.757454710371803685e+03,2.540357042870384248e+03,2.670415739167867741e+03,2.322045863941310017e+03,2.322083288766150872e+03,2.801042060042236699e+03,2.579028376906378980e+03
3.611863924519244762e+00,2.806557912197452424e+03,2.757454677558485855e+03,2.540308727800419092e+03,2.682501597193808266e+03,2.322045863941310017e+03,2.322078969435329327e+03,2.805113148191340770e+03,2.589752650941769843e+03
3.615477594977716258e+00,2.792323056755730249e+03,2.757454644876097518e+03,2.540263612212110274e+03,2.683028629072537115e+03,2.322045863941310017e+03,2.322077466209498198e+03,2.789951529200817276e+03,2.577006290165114933e+03
3.619094880914085266e+00,2.794304973815679205e+03,2.757454612324116624e+03,2.540216121733044929e+03,2.657929739383803280e+03,2.322045863941310017e+03,2.322083002490441686e+03,2.791889851502387501e+03,2.588299147332518260e+03
3.622715785945636924e+00,2.795764970997636738e+03,2.757454579902025216e+03,2.540174277334314866e+03,2.679941439882029044e+03,2.322045863941310017e+03,2.322073666167830652e+03,2.793613592517764573e+03,2.578617237185519116e+03
3.626340313693279249e+00,2.800022442589137427e+03,2.757454547609303518e+03,2.540134251636124191e+03,2.683400278689333845e+03,2.322045863941310017e+03,2.322071164117935496e+03,2.797684751326671631e+03,2.599244746579052844e+03
3.629968467781530261e+00,2.784334974837745904e+03,2.757454515445434936e+03,2.540101731791512975e+03,2.672861646747188843e+03,2.322045863941310017e+03,2.322067687961933188e+03,2.781094950990557663e+03,2.583309900945219852e+03
3.633600251838553952e+00,2.791003489505153539e+03,2.757454483409905606e+03,2.540068332952897435e+03,2.663679173056713353e+03,2.322045863941310017e+03,2.322070760739794878e+03,2.788292801331804185e+03,2.590196260397857259e+03
3.637235669496131418e+00,2.791206493616960415e+03,2.757454451502205302e+03,2.540034489462074362e+03,2.674023230746115587e+03,2.322045863941310017e+03,2.322066955317417523e+03,2.788258166942746811e+03,2.595741565986717433e+03
3.640874724389675521e+00,2.788981285544460206e+03,2.757454419721822887e+03,2.540011802974786406e+03,2.669077460232373596e+03,2.322045863941310017e+03,2.322063416668877835e+03,2.785562987705946853e+03,2.590781345319170669e+03
3.644517420158251753e+00,2.787873007261162911e+03,2.757454388068250864e+03,2.539982250592817763e+03,2.655685204813515156e+03,2.322045863941310017e+03,2.322062549122911605e+03,2.784057910315138543e+03,2.580756738818186477e+03
3.648163760444549375e+00,2.795732314213504651e+03,2.757454356540984918e+03,2.539963125222235703e+03,2.672183644300302149e+03,2.322045863941310017e+03,2.322062972584556974e+03,2.792401354379051099e+03,2.586173483613334156e+03
3.651813748894908507e+00,2.782977654395799618e+03,2.757454325139518915e+03,2.539945956874450076e+03,2.661267320123443824e+03,2.322045863941310017e+03,2.322070383700895945e+03,2.777978311425376432e+03,2.592154240936017231e+03
3.655467389159329006e+00,2.783014945857038128e+03,2.757454293863351268e+03,2.539928314592040351e+03,2.667020096332128560e+03,2.322045863941310017e+03,2.322064769392744893e+03,2.778011851700315219e+03,2.605184579312153346e+03
3.659124684891442936e+00,2.783045927314008622e+03,2.757454262711984939e+03,2.539915709498201522e+03,2.673037168220174408e+03,2.322045863941310017e+03,2.322061730449841889e+03,2.777584693017642167e+03,2.592565572058817452e+03
3.662785639748542543e+00,2.781289604855211110e+03,2.757454231684919250e+03,2.539907023807993937e+03,2.681295353273851106e+03,2.322045863941310017e+03,2.322060587225275867e+03,2.774613267910815466e+03,2.598525494851946405e+03
3.666450257391587364e+00,2.795534107825757928e+03,2.757454200781658983e+03,2.539898011319267880e+03,2.653487053554760223e+03,2.322045863941310017e+03,2.322060012388837549e+03,2.790836736778623617e+03,2.599572853511895119e+03
3.670118541485196673e+00,2.785610093735970167e+03,2.757454170001709372e+03,2.539891713625171633e+03,2.666921714567435629e+03,2.322045863941310017e+03,2.322064761117958369e+03,2.780267471894107075e+03,2.595616819555392340e+03
3.673790495697654812e+00,2.781962926333559153e+03,2.757454139344583382e+03,2.539887510972887412e+03,2.668918387272556174e+03,2.322045863941310017e+03,2.322065377849768083e+03,2.774339977657647523e+03,2.594366511785753573e+03
3.677466123700913858e+00,2.777837874318732247e+03,2.757454108809784884e+03,2.539882556709063010e+03,2.660815547069280001e+03,2.322045863941310017e+03,2.322063384632914676e+03,2.769638218204892382e+03,2.602623312905204784e+03
3.681145429170603833e+00,2.782385226443733245e+03,2.757454078396830482e+03,2.539886897129287718e+03,2.675468813897874043e+03,2.322045863941310017e+03,2.322062672199067038e+03,2.774786279098384512e+03,2.595096102502037411e+03
3.684828415786030487e+00,2.781875610784114997e+03,2.757454048105234961e+03,2.539894447877076345e+03,2.665310477063349026e+03,2.322045863941310017e+03,2.322062345833343898e+03,2.773465266938965215e+03,2.593841752509818434e+03
3.688515087230178846e+00,2.798078137966975191e+03,2.757454017934507647e+03,2.539896347376860376e+03,2.665900004946466652e+03,2.322045863941310017e+03,2.322062482291443303e+03,2.792194013010032450e+03,2.602142016448372942e+03
3.692205447189715883e+00,2.779585955276084405e+03,2.757453987884172875e+03,2.539906504417999258e+03,2.657126532855233563e+03,2.322045863941310017e+03,2.322064333146839544e+03,2.770482352508447093e+03,2.595278440245444472e+03
3.695899499355008722e+00,2.784041852157461108e+03,2.757453957953745885e+03,2.539916720951047864e+03,2.658061081189450306e+03,2.322045863941310017e+03,2.322063341395343741e+03,2.776211047128011614e+03,2.609820775765510461e+03
3.699597247420110868e+00,2.784776836119503059e+03,2.757453928142752829e+03,2.539935193958922355e+03,2.666248256920219774e+03,2.322045863941310017e+03,2.322066841375398326e+03,2.775898641147423405e+03,2.594344317145749301e+03
3.703298695082765768e+00,2.775343691078549000e+03,2.757453898450715315e+03,2.539946965194586937e+03,2.665510535501840423e+03,2.322045863941310017e+03,2.322066119895555403e+03,2.764254153503890393e+03,2.604757805413166807e+03
3.707003846044425011e+00,2.788933591250447535e+03,2.757453868877159039e+03,2.539966399875488605e+03,2.654689225934770093e+03,2.322045863941310017e+03,2.322065148989174304e+03,2.781728925632876326e+03,2.603968776007919132e+03
3.710712704010244334e+00,2.784913115958988328e+03,2.757453839421609246e+03,2.539983869959495223e+03,2.656847981436954342e+03,2.322045863941310017e+03,2.322066371239845921e+03,2.774649741778730458e+03,2.604951517515927662e+03
3.714425272689074298e+00,2.784696594452970203e+03,2.757453810083599819e+03,2.540003624388536537e+03,2.669613529765518706e+03,2.322045863941310017e+03,2.322070440477227294e+03,2.775245257537234465e+03,2.611062515113426798e+03
3.718141555793478936e+00,2.780246330633413436e+03,2.757453780862657823e+03,2.540031078611162229e+03,2.641492244789108554e+03,2.322045863941310017e+03,2.322068737693160983e+03,2.770669021446278293e+03,2.596307670527498885e+03
3.721861557039752189e+00,2.773474999735267374e+03,2.757453751758319413e+03,2.540057576633336339e+03,2.656579752307511626e+03,2.322045863941310017e+03,2.322070301183045558e+03,2.761918975291255720e+03,2.604498164384673601e+03
3.725585280147893030e+00,2.789523634252911052e+03,2.757453722770116656e+03,2.540084587600649229e+03,2.654901985012281784e+03,2.322045863941310017e+03,2.322073000559537377e+03,2.782712521913600995e+03,2.606171539148262582e+03
3.729312728841626789e+00,2.791259948908666502e+03,2.757453693897586618e+03,2.540114306985825351e+03,2.660167613397990863e+03,2.322045863941310017e+03,2.322072944391111378e+03,2.784438899648016104e+03,2.609151468595996448e+03
3.733043906848399374e+00,2.779526559320572687e+03,2.757453665140269095e+03,2.540149435370930405e+03,2.673182106977678359e+03,2.322045863941310017e+03,2.322077220333339483e+03,2.768902332108557403e+03,2.606887344110032700e+03
3.736778817899385707e+00,2.779286667481435870e+03,2.757453636497704792e+03,2.540178912863821097e+03,2.658062893462149077e+03,2.322045863941310017e+03,2.322077794579760848e+03,2.768008742543025619e+03,2.606880468473399105e+03
3.740517465729503943e+00,2.775793264954390906e+03,2.757453607969435325e+03,2.540213339512529728e+03,2.654068175655953382e+03,2.322045863941310017e+03,2.322077252611902168e+03,2.763270871276386970e+03,2.605751632522551063e+03
3.744259854077395033e+00,2.783519293525418107e+03,2.757453579555006399e+03,2.540251006070814583e+03,2.673413761321262427e+03,2.322045863941310017e+03,2.322077426937904875e+03,2.773608496907309927e+03,2.615865460505106057e+03
3.748005986685453816e+00,2.782662457608902059e+03,2.757453551253961450e+03,2.540290993567320129e+03,2.648511952551693412e+03,2.322045863941310017e+03,2.322077597232005701e+03,2.772712198728362182e+03,2.616285885003449494e+03
3.751755867299817915e+00,2.781009850859945345e+03,2.757453523065847548e+03,2.540332136677335711e+03,2.656833128211604162e+03,2.322045863941310017e+03,2.322076936267359997e+03,2.769038920736219552e+03,2.600168213489327172e+03
3.755509499670361073e+00,2.775066348652742363e+03,2.757453494990218132e+03,2.540373645053668952e+03,2.664772843307273433e+03,2.322045863941310017e+03,2.322075083059935423e+03,2.761570060920747892e+03,2.606699287435769747e+03
3.759266887550712699e+00,2.770110602518914675e+03,2.757453467026623002e+03,2.540415402185187759e+03,2.668782494755473635e+03,2.322045863941310017e+03,2.322074027904078321e+03,2.753683328220564363e+03,2.597323989679513943e+03
3.763028034698265412e+00,2.780486932418987180e+03,2.757453439174611503e+03,2.540462248941925736e+03,2.671673456353300480e+03,2.322045863941310017e+03,2.322075308038676667e+03,2.767498560286368502e+03,2.610551748400177530e+03
3.766792944874166160e+00,2.778835329913023998e+03,2.757453411433743440e+03,2.540505823338098708e+03,2.642929087232602797e+03,2.322045863941310017e+03,2.322075117438880625e+03,2.765074574597165793e+03,2.616173400775987375e+03
3.770561621843321998e+00,2.781558894056206100e+03,2.757453383803575434e+03,2.540551547606220538e+03,2.655456541777305574e+03,2.322045863941310017e+03,2.322078977337749166e+03,2.771775765920736831e+03,2.609930883169639856e+03
3.774334069374416956e+00,2.785886558119920664e+03,2.757453356283662288e+03,2.540601958938396365e+03,2.649958257364671226e+03,2.322045863941310017e+03,2.322081417770027201e+03,2.777942709068855947e+03,2.605976755031438188e+03
3.778110291239897389e+00,2.779040123483368461e+03,2.757453328873563805e+03,2.540652673497037085e+03,2.635169569482962743e+03,2.322045863941310017e+03,2.322085599152543182e+03,2.764235575768652780e+03,2.611827822473540891e+03
3.781890291215979083e+00,2.783655380580031760e+03,2.757453301572848432e+03,2.540703054292307115e+03,2.639898423149070368e+03,2.322045863941310017e+03,2.322092221568718742e+03,2.774538096533033695e+03,2.608187329914877864e+03
3.785674073082664570e+00,2.789187973981071991e+03,2.757453274381072788e+03,2.540757921118238301e+03,2.665141220478491960e+03,2.322045863941310017e+03,2.322103800346624666e+03,2.779802166244411183e+03,2.621312341553482383e+03
3.789461640623741356e+00,2.784850183077926431e+03,2.757453247297808048e+03,2.540813997138737705e+03,2.649645504427382548e+03,2.322045863941310017e+03,2.322110767711932112e+03,2.772717611318682884e+03,2.615705123937621920e+03
3.793252997626775702e+00,2.781511514466579683e+03,2.757453220322614925e+03,2.540870681380422411e+03,2.659509629928568302e+03,2.322045863941310017e+03,2.322109567375342522e+03,2.768892813738432778e+03,2.613593318197231838e+03
3.797048147883127722e+00,2.778402253096976438e+03,2.757453193455067776e+03,2.540930814942851157e+03,2.628841100317573364e+03,2.322045863941310017e+03,2.322110188755182662e+03,2.763109939598020901e+03,2.609892557535505603e+03
3.800847095187948721e+00,2.775220155754401276e+03,2.757453166694734136e+03,2.540992578396583212e+03,2.657353551810831505e+03,2.322045863941310017e+03,2.322107453090772196e+03,2.758292637053582439e+03,2.610118383804832774e+03
3.804649843340179416e+00,2.778974832954699650e+03,2.757453140041190181e+03,2.541051736966562203e+03,2.638881136235877875e+03,2.322045863941310017e+03,2.322102608860265718e+03,2.765129550181321520e+03,2.619008753897086535e+03
3.808456396142568590e+00,2.773429330347158611e+03,2.757453113494004810e+03,2.541114578934539622e+03,2.670325011785289917e+03,2.322045863941310017e+03,2.322102457632892765e+03,2.756562837459505317e+03,2.604893605509895679e+03
3.812266757401666872e+00,2.772315842659493683e+03,2.757453087052755563e+03,2.541178249577110364e+03,2.649781626767997750e+03,2.322045863941310017e+03,2.322096602957103642e+03,2.754304094462890589e+03,2.618633798601809303e+03
3.816080930927837844e+00,2.769698404490675330e+03,2.757453060717022709e+03,2.541244061248717117e+03,2.648465980425257840e+03,2.322045863941310017e+03,2.322130531957910989e+03,2.753393308387611341e+03,2.598867905902075108e+03
3.819898920535263809e+00,2.770657469762951223e+03,2.757453034486382421e+03,2.541309455330096625e+03,2.643284734222069346e+03,2.322045863941310017e+03,2.322122818375321458e+03,2.750066579750827714e+03,2.619726660958930097e+03
3.823720730041926252e+00,2.773803877560823821e+03,2.757453008360417243e+03,2.541378783918211866e+03,2.670289813878311634e+03,2.322045863941310017e+03,2.322100012747966503e+03,2.755544993786299074e+03,2.630044206120001945e+03
3.827546363269632490e+00,2.765374455058863987e+03,2.757452982338705169e+03,2.541450232627506921e+03,2.669883249160857758e+03,2.322045863941310017e+03,2.322093846019295142e+03,2.740687767315175734e+03,2.603829563635220438e+03
3.831375824044026324e+00,2.769191284293312947e+03,2.757452956420835108e+03,2.541522079461247358e+03,2.665079948488009904e+03,2.322045863941310017e+03,2.322089431507036352e+03,2.744510252500684146e+03,2.605549029608402179e+03
3.835209116194566281e+00,2.770919062467348795e+03,2.757452930606393238e+03,2.541591925076812458e+03,2.662166955089659041e+03,2.322045863941310017e+03,2.322087114361312160e+03,2.748468675762003386e+03,2.609355997239642875e+03
3.839046243554542048e+00,2.777307320162951783e+03,2.757452904894964831e+03,2.541662528481155277e+03,2.652325640727541213e+03,2.322045863941310017e+03,2.322093839324898454e+03,2.757380257122803869e+03,2.602659570040335439e+03
3.842887209961076689e+00,2.782208186833445325e+03,2.757452879286137431e+03,2.541737440591460199e+03,2.657758411065031396e+03,2.322045863941310017e+03,2.322100719022402245e+03,2.765835435887758194e+03,2.627514314068877411e+03
3.846732019255135970e+00,2.791006612233750275e+03,2.757452853779506313e+03,2.541813828746554464e+03,2.636034400713713239e+03,2.322045863941310017e+03,2.322096207967242208e+03,2.774717543101858610e+03,2.615618653027266646e+03
3.850580675281535026e+00,2.788673662889362276e+03,2.757452828374659020e+03,2.541889693098684802e+03,2.656669026197768744e+03,2.322045863941310017e+03,2.322095859113354436e+03,2.775996972304702467e+03,2.601210711135138808e+03
3.854433181888931692e+00,2.777483777807845854e+03,2.757452803071192193e+03,2.541969937680593375e+03,2.654348604976516071e+03,2.322045863941310017e+03,2.322109411638464280e+03,2.757674137119519401e+03,2.610369662013288689e+03
3.858289542929830507e+00,2.776836867415162942e+03,2.757452777868701105e+03,2.542054931842137194e+03,2.637085423366725081e+03,2.322045863941310017e+03,2.322101582523400793e+03,2.759511767411524033e+03,2.617555659158139406e+03
3.862149762260594699e+00,2.778087505959170812e+03,2.757452752766782396e+03,2.542134301878576480e+03,2.643145285073005198e+03,2.322045863941310017e+03,2.322104273220764753e+03,2.762128087980604050e+03,2.621154104246443694e+03
3.866013843741446188e+00,2.773065495512093094e+03,2.757452727765034069e+03,2.542212493124596676e+03,2.656036277669163610e+03,2.322045863941310017e+03,2.322108317927659300e+03,2.752378674949442029e+03,2.623499851963356832e+03
3.869881791236461588e+00,2.776318715344354587e+03,2.757452702863059585e+03,2.542296657037818932e+03,2.636168400586658663e+03,2.322045863941310017e+03,2.322108916555041560e+03,2.758996226180477606e+03,2.605611527479858978e+03
3.873753608613584642e+00,2.776267129216480953e+03,2.757452678060457856e+03,2.542382215919843020e+03,2.646983943653694951e+03,2.322045863941310017e+03,2.322106377543759208e+03,2.756033806475770689e+03,2.627221041416590197e+03
3.877629299744638214e+00,2.779234365219143911e+03,2.757452653356834162e+03,2.542470643710946206e+03,2.630421862249207607e+03,2.322045863941310017e+03,2.322128676232771340e+03,2.764101402423624677e+03,2.615775280877997830e+03
3.881508868505314958e+00,2.777451823317667731e+03,2.757452628751793327e+03,2.542558495908384884e+03,2.640167930261985930e+03,2.322045863941310017e+03,2.322167902919903554e+03,2.759839317228949312e+03,2.619992344744141519e+03
3.885392318775185316e+00,2.772602719636300662e+03,2.757452604244941540e+03,2.542643802919600148e+03,2.661091417410522808e+03,2.322045863941310017e+03,2.322134048057366726e+03,2.750802803359754762e+03,2.609599066755494277e+03
3.889279654437701073e+00,2.770691022773917211e+03,2.757452579835886354e+03,2.542735665715700179e+03,2.673482744834620917e+03,2.322045863941310017e+03,2.322121030010801405e+03,2.746824123132120803e+03,2.617640756980332753e+03
3.893170879380196236e+00,2.778737366083635152e+03,2.757452555524238960e+03,2.542825861402982355e+03,2.656539947500184098e+03,2.322045863941310017e+03,2.322120186950668540e+03,2.759717495859076735e+03,2.609857783474956250e+03
3.897065997493892819e+00,2.770843410350059003e+03,2.757452531309610549e+03,2.542919405551357613e+03,2.645451205641512843e+03,2.322045863941310017e+03,2.322126482852025674e+03,2.751044061858078749e+03,2.605069096160834761e+03
3.900965012673908383e+00,2.772367966156778039e+03,2.757452507191615496e+03,2.543012720584385534e+03,2.654878461814815637e+03,2.322045863941310017e+03,2.322120882602451275e+03,2.751771767605053810e+03,2.627756305819866157e+03
3.904867928819266698e+00,2.778453628260641835e+03,2.757452483169866809e+03,2.543113040737015581e+03,2.644593473699109836e+03,2.322045863941310017e+03,2.322124894941423918e+03,2.759926276767719628e+03,2.605923135362695120e+03
3.908774749832877315e+00,2.772428893326838534e+03,2.757452459243977501e+03,2.543207710054067320e+03,2.645507666637570310e+03,2.322045863941310017e+03,2.322130560303391121e+03,2.748358796866731609e+03,2.608098436475556809e+03
3.912685479621560880e+00,2.770420362509966708e+03,2.757452435413571038e+03,2.543301692260135496e+03,2.657661700564104649e+03,2.322045863941310017e+03,2.322138198192829805e+03,2.747076823365594464e+03,2.622904595031783629e+03
3.916600122096052683e+00,2.773977571488097965e+03,2.757452411678261342e+03,2.543402403139419221e+03,2.642394816291577172e+03,2.322045863941310017e+03,2.322151278845166871e+03,2.754494803510231122e+03,2.604016982028624170e+03
3.920518681170991115e+00,2.773430801674664508e+03,2.757452388037673700e+03,2.543506737654713561e+03,2.640902923814889618e+03,2.322045863941310017e+03,2.322155553959163171e+03,2.751726054618514809e+03,2.616055174347156481e+03
3.924441160764928771e+00,2.769394304543067847e+03,2.757452364491427033e+03,2.543606910202297058e+03,2.637003916149986708e+03,2.322045863941310017e+03,2.322158093077139256e+03,2.743318989722573406e+03,2.611788963639061876e+03
3.928367564800358203e+00,2.776883652748493660e+03,2.757452341039145722e+03,2.543710715890369102e+03,2.640467594450180968e+03,2.322045863941310017e+03,2.322163506869870616e+03,2.753589182780369356e+03,2.607107323012626239e+03
3.932297897203688386e+00,2.769188935215072433e+03,2.757452317680453689e+03,2.543811037262335049e+03,2.653714528880816488e+03,2.322045863941310017e+03,2.322198957083619916e+03,2.741148148908648182e+03,2.609505961333973573e+03
3.936232161905240723e+00,2.769630582679571489e+03,2.757452294414981679e+03,2.543921049696688442e+03,2.639001480164038639e+03,2.322045863941310017e+03,2.322208608682392878e+03,2.743675307397545566e+03,2.622504403667456245e+03
3.940170362839277018e+00,2.773361646050435411e+03,2.757452271242354982e+03,2.544030665380315440e+03,2.655414404508709595e+03,2.322045863941310017e+03,2.322308817325453219e+03,2.748042286357006560e+03,2.619003636151574028e+03
3.944112503944006143e+00,2.772189874932186740e+03,2.757452248162201158e+03,2.544133472893850012e+03,2.653863861459908094e+03,2.322045863941310017e+03,2.322224171664496680e+03,2.746925118809682772e+03,2.601697774722989834e+03
3.948058589161570264e+00,2.766363581872142731e+03,2.757452225174155046e+03,2.544246301720173506e+03,2.658925168414113159e+03,2.322045863941310017e+03,2.322213320208118148e+03,2.737540404842841781e+03,2.612269560019957225e+03
3.952008622438055951e+00,2.769585581695025212e+03,2.757452202277847846e+03,2.544351663050588286e+03,2.653571813932730493e+03,2.322045863941310017e+03,2.322217006869734632e+03,2.742669807254430452e+03,2.614468783474054362e+03
3.955962607723491065e+00,2.771938329788507872e+03,2.757452179472910302e+03,2.544464592048006580e+03,2.640843431214272186e+03,2.322045863941310017e+03,2.322228259641478871e+03,2.747782121861551786e+03,2.623422616000361813e+03
3.959920548971858523e+00,2.771639496731557756e+03,2.757452156758983165e+03,2.544579266836581610e+03,2.624293081717874429e+03,2.322045863941310017e+03,2.322264997689068878e+03,2.742815005044202280e+03,2.618313863088687867e+03
3.963882450141104297e+00,2.767048556805155386e+03,2.757452134135701272e+03,2.544695780583845590e+03,2.653142588444623470e+03,2.322045863941310017e+03,2.322301717645202189e+03,2.737136082463561706e+03,2.609711122972968042e+03
3.967848315193129860e+00,2.768905926563373214e+03,2.757452111602699915e+03,2.544804976363250717e+03,2.652080076172271220e+03,2.322045863941310017e+03,2.322366346747804528e+03,2.742645381118769819e+03,2.610020244598088993e+03
3.971818148093805512e+00,2.766212177139632331e+03,2.757452089159627121e+03,2.544923667759966065e+03,2.647900840564819646e+03,2.322045863941310017e+03,2.322489862464292855e+03,2.736946689781781515e+03,2.619746018828142496e+03
3.975791952812958385e+00,2.775827679565352355e+03,2.757452066806114544e+03,2.545042792484774054e+03,2.669315694770673872e+03,2.322045863941310017e+03,2.322695263791333673e+03,2.748916189363893409e+03,2.618607446826631076e+03
3.979769733324392433e+00,2.772367606087951572e+03,2.757452044541811119e+03,2.545159755218109240e+03,2.659631298879099631e+03,2.322045863941310017e+03,2.322983126634670953e+03,2.745588651817799473e+03,2.620104714566537041e+03
3.983751493605891980e+00,2.765731593454221183e+03,2.757452022366358960e+03,2.545278634379335472e+03,2.659751467647409754e+03,2.322045863941310017e+03,2.323198591729082636e+03,2.731343093552616210e+03,2.621879484649699862e+03
3.987737237639216392e+00,2.765844897293247868e+03,2.757452000279401545e+03,2.545395936889891345e+03,2.653786456463624745e+03,2.322045863941310017e+03,2.323445717933529977e+03,2.734543824041245443e+03,2.611833506848852721e+03
3.991726969410113846e+00,2.767678953613476097e+03,2.757451978280590538e+03,2.545522198124940132e+03,2.639224070137496710e+03,2.322045863941310017e+03,2.323891739942611821e+03,2.735172321905918125e+03,2.602296831702058626e+03
3.995720692908312444e+00,2.769533275856815180e+03,2.757451956369572144e+03,2.545640682835948155e+03,2.640044433446017592e+03,2.322045863941310017e+03,2.324706794623812129e+03,2.739325079564490352e+03,2.631005112086740155e+03
3.999718412127535760e+00,2.765565811648995805e+03,2.757451934545992572e+03,2.545767978278377541e+03,2.663861390900037804e+03,2.322045863941310017e+03,2.325562398318041232e+03,2.727996882027690845e+03,2.626149631279751702e+03
4.003720131065502841e+00,2.765270155261601303e+03,2.757451912809506211e+03,2.545892029468704095e+03,2.670174481392092730e+03,2.322045863941310017e+03,2.327155073632535732e+03,2.730164422381259101e+03,2.614683126741801971e+03
4.007725853723929532e+00,2.770405029705133074e+03,2.757451891159767001e+03,2.546021293134527696e+03,2.633363033708130843e+03,2.322045863941310017e+03,2.328760362177003117e+03,2.738258383061528548e+03,2.632266736366376335e+03
4.011735584108547137e+00,2.769514744748239536e+03,2.757451869596427514e+03,2.546149799481105674e+03,2.626177387986166195e+03,2.322045863941310017e+03,2.330517531252412027e+03,2.736541143513367388e+03,2.613525300674604750e+03
4.015749326229085980e+00,2.766748573276813204e+03,2.757451848119140323e+03,2.546276800997017290e+03,2.660092803806682696e+03,2.322045863941310017e+03,2.332738087924546562e+03,2.730144882837268597e+03,2.623007678100828798e+03
4.019767084099280297e+00,2.763751549483738017e+03,2.757451826727566186e+03,2.546404941295572371e+03,2.639451070738451108e+03,2.322045863941310017e+03,2.334367789294330578e+03,2.723588893962810744e+03,2.620860875301105352e+03
4.023788861736896649e+00,2.764659659473146348e+03,2.757451805421363133e+03,2.546534287591300199e+03,2.672793612325304366e+03,2.322045863941310017e+03,2.336427140704542126e+03,2.724883695738150436e+03,2.621581678574405487e+03
4.027814663163712616e+00,2.767027468952806430e+03,2.757451784200187376e+03,2.546661518478152630e+03,2.678745877682353694e+03,2.322045863941310017e+03,2.337797128570931818e+03,2.728502902127571815e+03,2.619091625227693839e+03
4.031844492405519453e+00,2.763184217906245067e+03,2.757451763063701947e+03,2.546792219035184189e+03,2.661428333015072440e+03,2.322045863941310017e+03,2.338918684998171557e+03,2.722981934248793095e+03,2.615214997379276610e+03
4.035878353492156734e+00,2.770998172837176298e+03,2.757451742011567148e+03,2.546927275712894243e+03,2.641965615000099660e+03,2.322045863941310017e+03,2.339886944145341658e+03,2.738446585992812743e+03,2.619441273255801207e+03
4.039916250457485702e+00,2.762344621312412073e+03,2.757451721043449197e+03,2.547055538777038237e+03,2.646819774138935372e+03,2.322045863941310017e+03,2.341561325643680902e+03,2.715986419980262326e+03,2.621923746148832834e+03
4.043958187339406152e+00,2.770898464855617476e+03,2.757451700159010215e+03,2.547195326518130059e+03,2.649113441284749115e+03,2.322045863941310017e+03,2.343790488497332262e+03,2.736020807934561617e+03,2.628170428452406668e+03
4.048004168179852869e+00,2.764247502271659869e+03,2.757451679357917328e+03,2.547329005413871073e+03,2.668236818915905587e+03,2.322045863941310017e+03,2.347184906469005909e+03,2.715866312292934253e+03,2.631568345703794421e+03
4.052054197024798299e+00,2.763411565299938502e+03,2.757451658639839479e+03,2.547465760183195925e+03,2.664224848060956901e+03,2.322045863941310017e+03,2.353610640205486561e+03,2.717690000694941773e+03,2.605400902107413913e+03
4.056108277924278305e+00,2.766636224982173644e+03,2.757451638004441520e+03,2.547597633487358507e+03,2.657651755879747270e+03,2.322045863941310017e+03,2.358533539853690854e+03,2.724889148870731788e+03,2.609532983946777222e+03
4.060166414932375289e+00,2.764034086868310169e+03,2.757451617451398306e+03,2.547735795297880941e+03,2.683677235816445773e+03,2.322045863941310017e+03,2.366446581620844427e+03,2.716383918738439661e+03,2.621951281168341666e+03
4.064228612107224414e+00,2.765698547361050714e+03,2.757451596980379236e+03,2.547871979608076344e+03,2.653917318743411215e+03,2.322045863941310017e+03,2.372235899832948689e+03,2.723362875389434066e+03,2.617467901120016450e+03
4.068294873511028698e+00,2.761886202526805846e+03,2.757451576591055982e+03,2.548013715059467359e+03,2.664239794876033557e+03,2.322045863941310017e+03,2.371193262034821601e+03,2.710182053366920172e+03,2.618602799998891442e+03
4.072365203210038587e+00,2.763722388505748768e+03,2.757451556283104765e+03,2.548151289309391359e+03,2.650137318965439135e+03,2.322045863941310017e+03,2.382781234205602686e+03,2.716286520841354104e+03,2.618183299468187670e+03
4.076439605274587485e+00,2.765913069426249876e+03,2.757451536056198620e+03,2.548292309136513268e+03,2.695254973930667802e+03,2.322045863941310017e+03,2.378790329387447855e+03,2.720593717846250456e+03,2.622427077690396800e+03
4.080518083779084648e+00,2.768153059255243988e+03,2.757451515910016496e+03,2.548433955361181688e+03,2.675060116826148260e+03,2.322045863941310017e+03,2.378397339460826061e+03,2.728865360695869185e+03,2.610039404215101058e+03
4.084600642802004522e+00,2.760973467202214124e+03,2.757451495844234614e+03,2.548576224621595429e+03,2.682320306788550170e+03,2.322045863941310017e+03,2.382096662967548127e+03,2.697053136460295264e+03,2.618930028823127032e+03
4.088687286425909839e+00,2.762673932205814253e+03,2.757451475858532831e+03,2.548720354309055438e+03,2.671201838054772907e+03,2.322045863941310017e+03,2.380665301091253241e+03,2.713576112401590763e+03,2.611786158631200578e+03
4.092778018737447177e+00,2.762772787484600940e+03,2.757451455952589640e+03,2.548864862537383033e+03,2.651508197769935578e+03,2.322045863941310017e+03,2.379600416449789009e+03,2.712980378053547611e+03,2.609803644823235118e+03
4.096872843827346955e+00,2.765896154163648589e+03,2.757451436126091721e+03,2.549010146418103432e+03,2.685446719421197031e+03,2.322045863941310017e+03,2.375761227214975861e+03,2.718084071750652583e+03,2.610588853794138686e+03
4.100971765790424328e+00,2.763644724250616036e+03,2.757451416378716658e+03,2.549155422555771111e+03,2.682131654181452177e+03,2.322045863941310017e+03,2.371724103023313091e+03,2.706468535838303978e+03,2.620392804378765049e+03
4.105074788725601387e+00,2.761242372040173905e+03,2.757451396710153404e+03,2.549303985893077424e+03,2.663865409235576863e+03,2.322045863941310017e+03,2.360107498531322562e+03,2.703808399796124377e+03,2.606611647856978379e+03
4.109181916735912488e+00,2.761931818907136858e+03,2.757451377120084544e+03,2.549450592431481255e+03,2.686638428231165562e+03,2.322045863941310017e+03,2.360762002058096186e+03,2.704297096403194701e+03,2.611222579038624190e+03
4.113293153928490042e+00,2.768702630915332520e+03,2.757451357608197213e+03,2.549599040379956932e+03,2.676175397999991674e+03,2.322045863941310017e+03,2.351709396576839481e+03,2.722648297580216422e+03,2.609667451412740320e+03
4.117408504414563630e+00,2.765756122945078005e+03,2.757451338174180819e+03,2.549748171360652577e+03,2.682787616588854235e+03,2.322045863941310017e+03,2.350310092340397659e+03,2.716090958460163620e+03,2.619780813125178156e+03
4.121527972309476873e+00,2.760177645645510438e+03,2.757451318817724314e+03,2.549897627665455730e+03,2.670613646858717857e+03,2.322045863941310017e+03,2.353651542009750301e+03,2.698659117758783395e+03,2.600811610390639089e+03
4.125651561732703421e+00,2.764493136126696299e+03,2.757451299538517105e+03,2.550050633983084481e+03,2.686946393489480670e+03,2.322045863941310017e+03,2.366442452007948305e+03,2.711438066957529827e+03,2.609118183609969037e+03
4.129779276807834520e+00,2.761686539063057808e+03,2.757451280336250420e+03,2.550198219187218911e+03,2.696905983290713266e+03,2.322045863941310017e+03,2.365564498616414767e+03,2.703184354783660638e+03,2.602257725413220669e+03
4.133911121662587007e+00,2.761359553944158506e+03,2.757451261210620487e+03,2.550355700495660585e+03,2.675399068013113265e+03,2.322045863941310017e+03,2.382372825564768391e+03,2.698003835503211576e+03,2.614747062468104104e+03
4.138047100428805081e+00,2.762713845806100835e+03,2.757451242161317623e+03,2.550505951492627901e+03,2.698155014275428584e+03,2.322045863941310017e+03,2.399403921829016781e+03,2.701674183104647454e+03,2.616516871794564850e+03
4.142187217242470965e+00,2.761971463519401823e+03,2.757451223188042604e+03,2.550658663174840513e+03,2.680759462016796988e+03,2.322045863941310017e+03,2.413188952353323202e+03,2.705549032028016882e+03,2.603090815688774455e+03
4.146331476243699576e+00,2.762987146102065253e+03,2.757451204290483929e+03,2.550812671473757291e+03,2.678337178252995727e+03,2.322045863941310017e+03,2.432731620942890459e+03,2.705866377224743701e+03,2.595835604333203719e+03
4.150479881576749186e+00,2.763293370679596592e+03,2.757451185468347830e+03,2.550968206823020864e+03,2.682044658309666829e+03,2.322045863941310017e+03,2.443783740079125437e+03,2.707947602297403137e+03,2.604885818111075878e+03
4.154632437390032074e+00,2.764416916589095763e+03,2.757451166721328718e+03,2.551121519933346462e+03,2.697385970494722187e+03,2.322045863941310017e+03,2.455882301280391857e+03,2.700416948977966513e+03,2.602143506134902509e+03
4.158789147836096767e+00,2.763243892254110960e+03,2.757451148049127369e+03,2.551279713370172431e+03,2.700026911343639767e+03,2.322045863941310017e+03,2.470508204983508676e+03,2.698454716745716269e+03,2.612404607933322495e+03
4.162950017071651132e+00,2.762279261409039464e+03,2.757451129451448651e+03,2.551437801179781218e+03,2.689640989989524769e+03,2.322045863941310017e+03,2.487101161123279780e+03,2.700436219883835747e+03,2.617268708831220465e+03
4.167115049257566817e+00,2.761529951951481053e+03,2.757451110927989703e+03,2.551595888214865681e+03,2.694139940926361760e+03,2.322045863941310017e+03,2.502114565663941903e+03,2.698153805447308059e+03,2.601506656529966222e+03
4.171284248558879248e+00,2.763067624599606916e+03,2.757451092478458577e+03,2.551754381002928312e+03,2.715303167476078670e+03,2.322045863941310017e+03,2.584386543962667474e+03,2.695704708209898854e+03,2.590785642770344566e+03
4.175457619144791188e+00,2.762118531896147488e+03,2.757451074102558778e+03,2.551912138357833101e+03,2.702216471206413644e+03,2.322045863941310017e+03,2.640932171042793925e+03,2.694979480878445429e+03,2.608077833012002884e+03
4.179635165188676282e+00,2.760557207373945403e+03,2.757451055799995629e+03,2.552071722378172126e+03,2.689021725136278292e+03,2.322045863941310017e+03,2.658550082976683370e+03,2.683770072547607924e+03,2.610673936549551854e+03
4.183816890868071958e+00,2.764984800941384037e+03,2.757451037570478547e+03,2.552232435014236216e+03,2.724169484239053418e+03,2.322045863941310017e+03,2.671991215845664556e+03,2.696691494495983989e+03,2.607774881978092253e+03
4.188002800364701628e+00,2.763224804914034848e+03,2.757451019413714221e+03,2.552392640062457758e+03,2.703548757785426915e+03,2.322045863941310017e+03,2.681735695182517702e+03,2.693478328128213434e+03,2.594919895754493155e+03
4.192192897864479129e+00,2.765987824990989793e+03,2.757451001329415249e+03,2.552554939921310961e+03,2.691287607853545524e+03,2.322045863941310017e+03,2.697139511285387925e+03,2.710060510863596846e+03,2.596268267454140187e+03
4.196387187557506948e+00,2.764529979646878473e+03,2.757450983317288774e+03,2.552718006379711369e+03,2.686625581866683206e+03,2.322045863941310017e+03,2.706621319495885018e+03,2.695174608993021138e+03,2.605869700092043331e+03
4.200585673638073558e+00,2.767085130986146851e+03,2.757450965377048306e+03,2.552880967663524189e+03,2.685813338053450479e+03,2.322045863941310017e+03,2.721488014890229806e+03,2.688445969060047901e+03,2.627317003882315021e+03
4.204788360304663186e+00,2.768034636834463072e+03,2.757450947508406898e+03,2.553045395895509500e+03,2.716608872850205444e+03,2.322045863941310017e+03,2.721674838362604078e+03,2.689469102682604444e+03,2.618297949631531992e+03
4.208995251759963807e+00,2.772301695696585739e+03,2.757450929711079880e+03,2.553208648701375296e+03,2.690969877668202116e+03,2.322045863941310017e+03,2.738879721223172965e+03,2.676949980467098158e+03,2.626369250353634925e+03
4.213206352210870698e+00,2.772009721678404276e+03,2.757450911984782579e+03,2.553374860121834899e+03,2.720393001187131631e+03,2.322045863941310017e+03,2.738879845527724683e+03,2.677777604105081537e+03,2.611429056195730027e+03
4.217421665868473113e+00,2.773377492753076694e+03,2.757450894329230778e+03,2.553539693844269550e+03,2.701755236599143245e+03,2.322045863941310017e+03,2.744802435560869071e+03,2.682990303014285928e+03,2.622795402607637243e+03
4.221641196948093366e+00,2.775508919477103063e+03,2.757450876744142988e+03,2.553704545629545919e+03,2.725129816372789719e+03,2.322045863941310017e+03,2.748799534255062554e+03,2.691276328177979849e+03,2.617723979621509443e+03
4.225864949669268178e+00,2.777679146042551110e+03,2.757450859229237267e+03,2.553869108959245295e+03,2.704488441868951213e+03,2.322045863941310017e+03,2.753711442005193931e+03,2.703647878742510329e+03,2.608326138783313581e+03
4.230092928255739793e+00,2.775298718694702075e+03,2.757450841784232580e+03,2.554037985640755778e+03,2.708447021094680622e+03,2.322045863941310017e+03,2.751209931103491726e+03,2.699649155015471933e+03,2.609491417993318009e+03
4.234325136935488842e+00,2.778853801789977751e+03,2.757450824408852895e+03,2.554204755315625334e+03,2.704402287951610560e+03,2.322045863941310017e+03,2.756582635264612691e+03,2.684861926145987127e+03,2.600121324193883538e+03
4.238561579940728130e+00,2.780795147001002533e+03,2.757450807102817635e+03,2.554377244594623789e+03,2.708488456804473117e+03,2.322045863941310017e+03,2.761850486272181570e+03,2.683870018377181623e+03,2.615949532034479489e+03
4.242802261507902628e+00,2.780962455632187812e+03,2.757450789865853039e+03,2.554541134735736250e+03,2.730372443856912014e+03,2.322045863941310017e+03,2.761504172398525043e+03,2.671836143039600302e+03,2.603682725470631340e+03
4.247047185877693032e+00,2.776973547361328201e+03,2.757450772697680804e+03,2.554713693392681762e+03,2.714972827977438101e+03,2.322045863941310017e+03,2.756092638073469971e+03,2.680291039051380722e+03,2.597501521574322396e+03
4.251296357295020201e+00,2.778681371773617684e+03,2.757450755598027172e+03,2.554882129339726362e+03,2.734545731630749742e+03,2.322046357509575046e+03,2.757361019000717533e+03,2.678092017163525270e+03,2.596850821575475038e+03
4.255549780009055816e+00,2.775156572998062984e+03,2.757450738566618838e+03,2.555051938258768132e+03,2.712283957413114422e+03,2.322049447086337295e+03,2.750710058454947102e+03,2.678011649403061256e+03,2.604952406047372733e+03
4.259807458273231262e+00,2.775163586987936469e+03,2.757450721603186139e+03,2.555224064828832070e+03,2.710125451841565791e+03,2.322059977510678436e+03,2.751249042233229829e+03,2.694759809442728965e+03,2.602197023190896289e+03
4.264069396345225194e+00,2.782661794497272240e+03,2.757450704707452132e+03,2.555393939214045531e+03,2.696085287442840126e+03,2.322087597444316543e+03,2.766592443946115964e+03,2.672637560765725539e+03,2.589817596380562009e+03
4.268335598486969751e+00,2.777855496848154871e+03,2.757450687879152156e+03,2.555568843164994178e+03,2.711295060266648306e+03,2.322152607269837517e+03,2.758915091116206440e+03,2.687923574826835647e+03,2.599872245073583599e+03
4.272606068964664772e+00,2.781659824289584321e+03,2.757450671118012451e+03,2.555736935943195476e+03,2.721373867676835289e+03,2.322286052079277852e+03,2.760385979815177507e+03,2.696210929074044088e+03,2.596519172170590082e+03
4.276880812048779568e+00,2.779017497848845323e+03,2.757450654423768810e+03,2.555909731845461920e+03,2.723359322422576042e+03,2.322554434334216239e+03,2.760489404791169363e+03,2.674321023668754606e+03,2.604041910716012353e+03
4.281159832014060029e+00,2.783729412341544958e+03,2.757450637796153842e+03,2.556081606366429241e+03,2.728859651548989859e+03,2.323023823133342830e+03,2.765140810221796983e+03,2.667422670004075826e+03,2.581036169665480884e+03
4.285443133139531291e+00,2.783655645469092633e+03,2.757450621234899700e+03,2.556256750958958492e+03,2.721407835164517564e+03,2.323863190796626895e+03,2.768176988891379551e+03,2.674929164573273738e+03,2.583000972307931534e+03
4.289730719708485296e+00,2.780106394931695831e+03,2.757450604739742630e+03,2.556429322848739048e+03,2.707121874251871304e+03,2.325328840242091246e+03,2.764372404919924520e+03,2.660995059897519695e+03,2.591502641522716203e+03
4.294022596008521653e+00,2.777922295396441768e+03,2.757450588310418425e+03,2.556603626232620172e+03,2.721847951751852179e+03,2.328737451600809891e+03,2.757577083039361696e+03,2.674310448257353983e+03,2.594249474261981959e+03
4.298318766331513885e+00,2.775094889839715506e+03,2.757450571946667878e+03,2.556775341921628751e+03,2.716576336119455846e+03,2.339885734864791630e+03,2.752540008426352415e+03,2.670843855629568679e+03,2.592570263670399981e+03
4.302619234973629858e+00,2.784738551286603524e+03,2.757450555648223599e+03,2.556950908901605544e+03,2.728681348959731167e+03,2.360878589845990518e+03,2.770100677565550541e+03,2.667743611220171715e+03,2.575876779137805897e+03
4.306924006235345104e+00,2.779532077783918794e+03,2.757450539414829109e+03,2.557125482434420519e+03,2.720487586702010049e+03,2.385946624507952947e+03,2.763790296301885064e+03,2.687495871125975100e+03,2.585644837658181132e+03
4.311233084421423278e+00,2.776656178789046862e+03,2.757450523246223383e+03,2.557299152130804487e+03,2.726032775243109882e+03,2.404584400488859046e+03,2.757580685721135524e+03,2.688120753777117443e+03,2.584219991209673935e+03
4.315546473840940145e+00,2.776369802141617129e+03,2.757450507142147671e+03,2.557478565731079016e+03,2.719051364759976423e+03,2.430512152545281424e+03,2.757186967603418907e+03,2.667682180623007298e+03,2.589856133376798425e+03
4.319864178807289790e+00,2.773961330725359403e+03,2.757450491102346405e+03,2.557649806622740925e+03,2.728982958188001703e+03,2.448505557867104471e+03,2.749539704533679014e+03,2.655100596121142644e+03,2.577517184909583648e+03
4.324186203638175741e+00,2.776985399367168156e+03,2.757450475126559923e+03,2.557825045942272027e+03,2.699947006119743492e+03,2.457056591513990043e+03,2.760289606337908481e+03,2.653504561758913951e+03,2.581485195682279027e+03
4.328512552655626955e+00,2.774238499186619265e+03,2.757450459214535385e+03,2.558001935843629326e+03,2.710644129079923459e+03,2.467748541254812153e+03,2.756985332163440489e+03,2.661490202295267864e+03,2.577850482398818713e+03
4.332843230185991601e+00,2.776273181863974060e+03,2.757450443366017680e+03,2.558177761829124393e+03,2.731414945512366558e+03,2.489457732195089193e+03,2.758006184497910454e+03,2.656594628918476701e+03,2.590732219208841798e+03
4.337178240559947717e+00,2.773693285427908449e+03,2.757450427580752148e+03,2.558354580862711828e+03,2.725809334318073979e+03,2.501380421743646366e+03,2.753886439898067692e+03,2.673591552992194011e+03,2.578857752050402269e+03
4.341517588112503212e+00,2.771684325303428523e+03,2.757450411858488224e+03,2.558532147981271009e+03,2.730391950577498392e+03,2.499649104632195304e+03,2.746703073677461362e+03,2.664031769328460086e+03,2.572494053925202479e+03
4.345861277183007410e+00,2.771107190322533370e+03,2.757450396198974886e+03,2.558707343268521981e+03,2.723120018614302808e+03,2.525904208603330062e+03,2.746591852775022744e+03,2.683924587325453558e+03,2.586966609136818988e+03
4.350209312115151938e+00,2.771183887324998068e+03,2.757450380601958841e+03,2.558885897294617280e+03,2.730465191736802808e+03,2.523437741624233240e+03,2.749249978548083163e+03,2.669758197435605325e+03,2.582318029961601042e+03
4.354561697256974284e+00,2.770452062356535407e+03,2.757450365067191797e+03,2.559062599920823232e+03,2.724492329371625601e+03,2.545682587656642681e+03,2.744720647960055430e+03,2.672523496502793478e+03,2.575220669842941334e+03
4.358918436960855125e+00,2.769614882332742127e+03,2.757450349594429099e+03,2.559238879979176545e+03,2.718078563745983956e+03,2.572573671991425726e+03,2.745800799234817077e+03,2.650406681200765433e+03,2.582884149898760825e+03
4.363279535583538760e+00,2.769366362935674260e+03,2.757450334183416999e+03,2.559417109675879146e+03,2.728866241815603644e+03,2.581143386618702152e+03,2.734801750265557985e+03,2.644077325613179710e+03,2.571629396800085487e+03
4.367644997486123337e+00,2.770686804903239590e+03,2.757450318833913570e+03,2.559596375554064707e+03,2.740951736712863294e+03,2.560587049838698022e+03,2.739369393600667991e+03,2.653860347526978785e+03,2.575309320624800421e+03
4.372014827034065299e+00,2.767034418805127189e+03,2.757450303545673250e+03,2.559774223209607044e+03,2.706396030220506418e+03,2.568226244390107240e+03,2.739626571275039623e+03,2.650978443082077774e+03,2.568438852268151095e+03
4.376389028597195363e+00,2.767965651957821592e+03,2.757450288318449566e+03,2.559950678628137211e+03,2.722982887494415991e+03,2.586746234851033478e+03,2.738031228378508331e+03,2.666192701549138746e+03,2.575282684609832359e+03
4.380767606549714976e+00,2.767439109842412563e+03,2.757450273151999227e+03,2.560129973880495982e+03,2.726347117485358467e+03,2.584830667766922488e+03,2.734164974067286494e+03,2.656455287567250707e+03,2.568800125613994624e+03
4.385150565270210521e+00,2.766283327702226870e+03,2.757450258046082581e+03,2.560309046948987998e+03,2.723797356388090975e+03,2.588319415459786796e+03,2.730217946967096395e+03,2.674628198169406915e+03,2.569099660831924666e+03
4.389537909141639993e+00,2.767860300083169022e+03,2.757450243000454975e+03,2.560486673396192145e+03,2.732241307129861525e+03,2.595121572665852909e+03,2.726009887191126381e+03,2.651794312698775684e+03,2.575460037620588082e+03
4.393929642551339221e+00,2.768396753171039563e+03,2.757450228014877666e+03,2.560666738149786397e+03,2.737479429627094760e+03,2.602394183688852991e+03,2.726798675238009309e+03,2.668223496996276026e+03,2.569589417579574729e+03
4.398325769891044956e+00,2.772404219483022644e+03,2.757450213089108729e+03,2.560845484027870498e+03,2.751775466129261076e+03,2.621788817168447622e+03,2.723549735649632566e+03,2.657583585733458222e+03,2.576419301897971764e+03
4.402726295556887770e+00,2.768502190528072333e+03,2.757450198222911695e+03,2.561025807934422119e+03,2.741523902193983758e+03,2.627288609070521488e+03,2.719411642916957589e+03,2.650530974487679487e+03,2.568980204384627541e+03
4.407131223949391163e+00,2.763674987709579909e+03,2.757450183416048276e+03,2.561203583667155272e+03,2.716989140211102495e+03,2.622863064394026424e+03,2.719737573330628493e+03,2.638877615049439100e+03,2.561382338445138430e+03
4.411540559473484890e+00,2.763162381080174328e+03,2.757450168668280639e+03,2.561387207062482958e+03,2.702691231077669272e+03,2.625528535904854380e+03,2.715795572224979423e+03,2.632248664675662440e+03,2.571044759538759536e+03
4.415954306538509400e+00,2.764128950533343868e+03,2.757450153979376864e+03,2.561563384920801582e+03,2.711530705858299825e+03,2.632165568668545347e+03,2.719612519760461964e+03,2.656641282957436033e+03,2.572326436592521986e+03
4.420372469558212281e+00,2.762394471830149541e+03,2.757450139349095025e+03,2.561744908576031321e+03,2.711438352499561461e+03,2.641085414010487511e+03,2.716191562901555244e+03,2.647703629726644522e+03,2.571871711101489836e+03
4.424795052950750929e+00,2.766919752062104180e+03,2.757450124777208202e+03,2.561926331097381535e+03,2.739070013074354392e+03,2.641708235130518915e+03,2.711975462477329074e+03,2.652173390892362022e+03,2.572008252404184077e+03
4.429222061138705868e+00,2.771791355611378549e+03,2.757450110263479473e+03,2.562104640548556290e+03,2.750570544579958096e+03,2.646953275276016029e+03,2.707506446204001804e+03,2.651692190549837505e+03,2.561156614554899534e+03
4.433653498549093186e+00,2.773973677410172058e+03,2.757450095807678281e+03,2.562284605453725817e+03,2.753739160878317307e+03,2.651304594036461367e+03,2.709961368037040302e+03,2.662029512886685552e+03,2.569862614908060095e+03
4.438089369613354762e+00,2.765939520772916694e+03,2.757450081409573158e+03,2.562467063703540589e+03,2.733446776419841171e+03,2.651256181351707710e+03,2.701432506486539296e+03,2.657627646321688189e+03,2.575840409134457786e+03
4.442529678767354717e+00,2.768445401502500772e+03,2.757450067068933095e+03,2.562648439704894827e+03,2.742851318471732611e+03,2.645961822766798377e+03,2.702333609442822763e+03,2.645913438743730694e+03,2.562678394403636503e+03
4.446974430451398952e+00,2.764313726577850957e+03,2.757450052785527532e+03,2.562826456629462427e+03,2.724013970422747661e+03,2.660656966977233878e+03,2.698841609275865267e+03,2.630923798190220623e+03,2.566663901197766336e+03
4.451423629110246694e+00,2.766743244874653101e+03,2.757450038559133191e+03,2.563007346819525992e+03,2.733686304509420552e+03,2.672225644246024331e+03,2.695376829747282500e+03,2.630732449294680009e+03,2.565483746117759438e+03
4.455877279193093621e+00,2.764586473307255346e+03,2.757450024389519058e+03,2.563189561855690954e+03,2.722523028505581806e+03,2.678912817271379481e+03,2.692114815544630801e+03,2.637562632894571379e+03,2.559969631562013092e+03
4.460335385153590515e+00,2.764662203468490588e+03,2.757450010276456396e+03,2.563369794363699384e+03,2.719186888738621292e+03,2.680523320626418354e+03,2.689517517304029752e+03,2.642755084403202545e+03,2.566840829005527212e+03
4.464797951449841484e+00,2.764902583758961555e+03,2.757449996219724198e+03,2.563550268601091830e+03,2.722141170509535186e+03,2.677775041354003861e+03,2.684607488206783273e+03,2.640738119197196738e+03,2.565056711700168762e+03
4.469264982544411069e+00,2.767924693887722242e+03,2.757449982219093727e+03,2.563731456310138583e+03,2.736954528717391895e+03,2.664876408548798736e+03,2.684714494447013294e+03,2.646633803507839730e+03,2.570114799398732885e+03
4.473736482904337564e+00,2.767921908952433569e+03,2.757449968274344883e+03,2.563912461212386461e+03,2.739122889116430997e+03,2.684505843982927217e+03,2.676765493787432661e+03,2.644547682685981727e+03,2.547404880094965392e+03
4.478212457001123248e+00,2.764537729188201865e+03,2.757449954385249839e+03,2.564092778959115549e+03,2.719133135705776112e+03,2.697136073388530349e+03,2.676822795378487172e+03,2.654436557619744690e+03,2.550073612108580164e+03
4.482692909310738827e+00,2.767661590663076822e+03,2.757449940551593500e+03,2.564274484851188390e+03,2.736464900376605328e+03,2.712351798369973949e+03,2.675102685733864291e+03,2.646710065699789084e+03,2.567320711569112973e+03
4.487177844313640307e+00,2.764076429694885519e+03,2.757449926773145762e+03,2.564456566641312293e+03,2.701002439258827508e+03,2.707202714711271256e+03,2.670339930674792868e+03,2.636457157181915136e+03,2.577191345998794077e+03
4.491667266494762778e+00,2.770013950868905795e+03,2.757449913049693350e+03,2.564638375816141888e+03,2.744511688797882016e+03,2.688413060527338075e+03,2.667832317207605229e+03,2.619825681390273530e+03,2.557790958838408642e+03
4.496161180343516861e+00,2.765631753737248800e+03,2.757449899381015257e+03,2.564819529525026610e+03,2.725422396857467902e+03,2.705050087071625967e+03,2.664093243810848435e+03,2.628223358866469880e+03,2.559444338475654149e+03
4.500659590353822459e+00,2.766217404884737334e+03,2.757449885766890930e+03,2.565001191523957459e+03,2.725192942916228731e+03,2.712343667734853625e+03,2.659190787635461675e+03,2.630471661009009949e+03,2.559749906715733232e+03
4.505162501024094546e+00,2.767911410337373127e+03,2.757449872207102544e+03,2.565182845399430335e+03,2.729667382755697872e+03,2.714093456057656567e+03,2.657011944367103297e+03,2.637833412563103138e+03,2.551909196060453723e+03
4.509669916857243166e+00,2.766364228768250996e+03,2.757449858701436369e+03,2.565362797435593620e+03,2.726836031866666417e+03,2.703790842507416983e+03,2.655672228441127118e+03,2.627927952198092953e+03,2.561331611447122214e+03
4.514181842360688535e+00,2.770307644499467187e+03,2.757449845249674127e+03,2.565543309858184784e+03,2.728693492132422307e+03,2.731320530833303565e+03,2.649526805421889549e+03,2.639699481143762569e+03,2.572366491160441456e+03
4.518698282046352155e+00,2.768151157035918914e+03,2.757449831851602084e+03,2.565725684389578873e+03,2.727476466436338796e+03,2.722665839870389846e+03,2.644414002414055176e+03,2.640962928648796151e+03,2.549197621964954124e+03
4.523219240430670141e+00,2.771088999737355607e+03,2.757449818507004693e+03,2.565906530677335013e+03,2.746086470977872523e+03,2.696093123564444795e+03,2.641253819958880740e+03,2.641558220103172971e+03,2.567807653941706576e+03
4.527744722034610980e+00,2.769471643798198329e+03,2.757449805215668221e+03,2.566090188548612787e+03,2.734541665317621664e+03,2.716204453459814886e+03,2.638052971561267441e+03,2.642651245720935549e+03,2.561789840545738571e+03
4.532274731383646227e+00,2.775790660745561581e+03,2.757449791977381210e+03,2.566270663190534833e+03,2.758888749389364875e+03,2.729346590593767814e+03,2.633585101222880894e+03,2.624959905063984479e+03,2.553541897586318555e+03
4.536809273007785137e+00,2.769738868925783208e+03,2.757449778791932658e+03,2.566453978749675116e+03,2.732594545479001681e+03,2.711100641026288031e+03,2.629087218969086734e+03,2.620419808504633693e+03,2.574383485665858188e+03
4.541348351441579112e+00,2.762898419268415182e+03,2.757449765659109744e+03,2.566633665626357015e+03,2.711372297852370593e+03,2.702217219418151217e+03,2.625490214499580361e+03,2.619852020901419110e+03,2.558682097431069906e+03
4.545891971224099493e+00,2.771079368995989171e+03,2.757449752578703738e+03,2.566816020780840518e+03,2.718826080031998572e+03,2.734868952596836152e+03,2.620821280326894339e+03,2.630634118510172812e+03,2.564640031306599212e+03
4.550440136898975751e+00,2.769919149990272672e+03,2.757449739550504091e+03,2.566998678024916444e+03,2.704913090219175047e+03,2.722332661851495232e+03,2.617507508840303217e+03,2.630575116525893463e+03,2.556272016524666014e+03
4.554992853014371512e+00,2.763628917980728602e+03,2.757449726574304805e+03,2.567178491619230954e+03,2.705079051203809740e+03,2.704884389873952841e+03,2.613827082423169031e+03,2.627965620483951625e+03,2.564028524999881938e+03
4.559550124122994319e+00,2.771810764518144879e+03,2.757449713649898058e+03,2.567360655985644826e+03,2.710630164536263692e+03,2.737534098947893199e+03,2.609147408860224459e+03,2.620211393146069440e+03,2.557764084950031702e+03
4.564111954782123171e+00,2.770299949116344123e+03,2.757449700777074668e+03,2.567542802704449514e+03,2.717254957684199326e+03,2.727763992634864735e+03,2.604144908668125481e+03,2.634753913166535767e+03,2.556645084023297841e+03
4.568678349553586315e+00,2.766655080665826972e+03,2.757449687955630452e+03,2.567726160394388899e+03,2.732370101760144280e+03,2.713738007069068317e+03,2.600891786238319582e+03,2.632584504466797625e+03,2.565945602217479973e+03
4.573249313003777239e+00,2.776912896400374848e+03,2.757449675185360320e+03,2.567907621109425691e+03,2.751408065454395000e+03,2.741273224671078879e+03,2.595314097170529749e+03,2.632606605089708864e+03,2.548146770123464648e+03
4.577824849703659993e+00,2.769153617572903386e+03,2.757449662466061000e+03,2.568087506093981574e+03,2.738071778118384373e+03,2.709702781740198589e+03,2.590726898864941631e+03,2.621675531712082829e+03,2.555351749334694887e+03
4.582404964228775412e+00,2.771742312967180169e+03,2.757449649797527854e+03,2.568269583335067637e+03,2.711631307304887741e+03,2.726991899265503889e+03,2.585678050855635774e+03,2.619593552432021170e+03,2.558592679043953012e+03
4.586989661159232234e+00,2.774593674250738331e+03,2.757449637179558067e+03,2.568451294087713450e+03,2.707026523714131599e+03,2.742318391878094644e+03,2.581894128384244141e+03,2.620402079600135039e+03,2.559501430462240478e+03
4.591578945079738183e+00,2.763077209653434693e+03,2.757449624611948366e+03,2.568633275479346594e+03,2.707869584158926955e+03,2.692823357754449262e+03,2.576393916219228686e+03,2.624484441905319272e+03,2.559353104243572943e+03
4.596172820579575102e+00,2.774500538089631391e+03,2.757449612094502299e+03,2.568815013856504265e+03,2.723782396557940046e+03,2.736018843722302336e+03,2.571259767827524229e+03,2.614007722916691364e+03,2.562401652489867956e+03
4.600771292252615829e+00,2.773373831571496339e+03,2.757449599627017051e+03,2.568996974474307535e+03,2.712111734447419622e+03,2.727905853587885758e+03,2.566766926049170252e+03,2.627527922500968543e+03,2.557233144227882804e+03
4.605374364697329526e+00,2.768744385869122198e+03,2.757449587209292986e+03,2.569178401764340833e+03,2.732670823688712517e+03,2.692891707965300157e+03,2.563466101412896023e+03,2.606483276079881307e+03,2.557990248687095118e+03
4.609982042516789669e+00,2.774584923127673846e+03,2.757449574841131380e+03,2.569360216674790991e+03,2.694311176598780094e+03,2.742245018603111930e+03,2.558139988353836088e+03,2.626997316276890160e+03,2.554945586262425877e+03
4.614594330318678495e+00,2.766996589040519211e+03,2.757449562522334418e+03,2.569541235229283757e+03,2.737703294530284438e+03,2.695002967016306684e+03,2.555003374486832854e+03,2.630345928752818963e+03,2.547323044255152126e+03
4.619211232715274562e+00,2.773179807377731777e+03,2.757449550252708377e+03,2.569722045567514215e+03,2.722616103684391874e+03,2.726243922725071116e+03,2.554726593946890716e+03,2.633965348853771957e+03,2.556583605609904225e+03
4.623832754323489169e+00,2.782088067384854185e+03,2.757449538032051350e+03,2.569903152354916983e+03,2.769156004178694729e+03,2.730785243409014129e+03,2.545073644450157190e+03,2.630819331210223027e+03,2.556604642012474415e+03
4.628458899764850365e+00,2.768647231292110519e+03,2.757449525860173253e+03,2.570084991927383271e+03,2.747411784444965178e+03,2.692269025874105864e+03,2.542037136400335385e+03,2.622008729534521535e+03,2.554007803171407431e+03
4.633089673665491404e+00,2.772442850138875656e+03,2.757449513736874906e+03,2.570266144855749644e+03,2.722698120899971855e+03,2.727968362078593145e+03,2.537038718421368230e+03,2.617422949884616628e+03,2.554229629413627208e+03
4.637725080656193377e+00,2.766356066997450398e+03,2.757449501661963950e+03,2.570448774976836376e+03,2.728717415411332240e+03,2.682604017204364936e+03,2.534562727572258609e+03,2.615746569228999761e+03,2.556148718792579530e+03
4.642365125372357681e+00,2.773408974672444856e+03,2.757449489635250302e+03,2.570628223981895644e+03,2.744316399746506249e+03,2.719076510179524121e+03,2.528700946821491016e+03,2.616936786246976226e+03,2.558188200495003912e+03
4.647009812454029998e+00,2.773603545920698707e+03,2.757449477656540239e+03,2.570810944217935230e+03,2.753279312833810309e+03,2.695504595192046054e+03,2.526219095819880749e+03,2.613057379611902888e+03,2.555106390849962736e+03
4.651659146545906509e+00,2.765115068945373423e+03,2.757449465725638674e+03,2.570991708043761264e+03,2.727540482548608907e+03,2.694578727432657615e+03,2.522575641794709099e+03,2.614403378633020566e+03,2.555823643842461024e+03
4.656313132297319690e+00,2.772797279550367875e+03,2.757449453842355979e+03,2.571171719902040422e+03,2.747560660459672363e+03,2.687179616811682536e+03,2.528172961136709546e+03,2.626626260359921162e+03,2.541061623260431134e+03
4.660971774362248965e+00,2.774256179380261528e+03,2.757449442006506615e+03,2.571352645058897451e+03,2.756644235553957969e+03,2.647686616553654403e+03,2.517443289426098090e+03,2.630925096717427550e+03,2.552659568033956930e+03
4.665635077399347352e+00,2.761603790433502581e+03,2.757449430217897316e+03,2.571534359910662715e+03,2.714305454251265473e+03,2.634219335860832871e+03,2.514384560435872572e+03,2.631115191325244268e+03,2.550896444678676744e+03
4.670303046071911268e+00,2.763454255460731019e+03,2.757449418476339360e+03,2.571714129136473275e+03,2.731594862573451792e+03,2.624602570687224215e+03,2.509573106477318106e+03,2.628502463928449288e+03,2.544734940196164189e+03
4.674975685047907170e+00,2.781436670180513829e+03,2.757449406781647212e+03,2.571895175116580504e+03,2.769638447071998144e+03,2.698916018566004823e+03,2.512748690330419777e+03,2.616479343617268569e+03,2.551077397219277827e+03
4.679652998999974223e+00,2.784536265065305088e+03,2.757449395133633061e+03,2.572075982211422797e+03,2.775061248340321981e+03,2.651596367389975057e+03,2.499843932166911600e+03,2.613531458015327644e+03,2.548407971105681554e+03
4.684334992605429626e+00,2.770208470764315280e+03,2.757449383532109550e+03,2.572256534902014209e+03,2.731270795112820451e+03,2.697505569953806116e+03,2.497642345456268231e+03,2.615631742650642536e+03,2.550519398921540869e+03
4.689021670546271281e+00,2.768207660620248134e+03,2.757449371976891143e+03,2.572436843213593875e+03,2.720111953723052011e+03,2.690869767481983672e+03,2.498060354161843406e+03,2.627797409604949735e+03,2.546545290742075395e+03
4.693713037509176900e+00,2.766218465457290677e+03,2.757449360467793667e+03,2.572616734884976267e+03,2.725568895536550826e+03,2.681696765968794352e+03,2.520443917236849757e+03,2.628244395696381616e+03,2.556327374119710839e+03
4.698409098185505783e+00,2.772485478009588405e+03,2.757449349004633405e+03,2.572797222117525962e+03,2.730705071268550000e+03,2.714908480605192835e+03,2.521264617874486703e+03,2.621195852810708402e+03,2.552297648937563281e+03
4.703109857271325467e+00,2.764324275219702940e+03,2.757449337587229365e+03,2.572977222630515371e+03,2.721529750862864603e+03,2.672246078958050020e+03,2.492405863168823089e+03,2.611356168363239703e+03,2.540511760160932226e+03
4.707815319467393955e+00,2.779365304409394867e+03,2.757449326215394194e+03,2.573158644075489974e+03,2.761016824514777909e+03,2.729474087662318198e+03,2.491931676693364807e+03,2.619532915250841143e+03,2.544271891462356052e+03
4.712525489479173046e+00,2.777563097357330207e+03,2.757449314888946901e+03,2.573337359622497388e+03,2.761960406213472197e+03,2.669174358393626790e+03,2.499160709172163934e+03,2.626745546041625857e+03,2.550276794959435847e+03
4.717240372016835437e+00,2.775199983478029026e+03,2.757449303607709226e+03,2.573517078419439713e+03,2.737406441595835531e+03,2.736859353278691287e+03,2.519766777639813427e+03,2.625683036390750203e+03,2.553884639562049415e+03
4.721959971795259392e+00,2.761926869950383661e+03,2.757449292371498359e+03,2.573696193777904682e+03,2.719322262746357865e+03,2.667797231329580427e+03,2.494750045050055633e+03,2.627839217178055151e+03,2.555721606418831925e+03
4.726684293534048287e+00,2.787326301690210130e+03,2.757449281180136040e+03,2.573875564721750379e+03,2.777100836126586728e+03,2.736212650273446343e+03,2.495449091250526180e+03,2.647759043993036812e+03,2.546612360508016991e+03
4.731413341957529717e+00,2.773632199806172139e+03,2.757449270033442190e+03,2.574056300038324025e+03,2.747711091570395183e+03,2.675756147002309262e+03,2.508621168501781995e+03,2.624696054038329294e+03,2.551371153751032580e+03
4.736147121794752834e+00,2.774268754118025299e+03,2.757449258931240820e+03,2.574234037278662072e+03,2.729109891500489084e+03,2.738027676728917868e+03,2.488041251665067193e+03,2.621088271679045192e+03,2.545155121418112685e+03
4.740885637779489237e+00,2.766977412598315823e+03,2.757449247873349577e+03,2.574412874503947933e+03,2.735984681113840907e+03,2.681464425605814540e+03,2.499831693525495211e+03,2.614921512651689682e+03,2.550414302060001773e+03
4.745628894650256946e+00,2.775668363695349854e+03,2.757449236859595658e+03,2.574592459478994442e+03,2.737417573076537792e+03,2.737215001061320891e+03,2.517010334154004795e+03,2.613531651153428356e+03,2.556456897672448122e+03
4.750376897150310640e+00,2.765645936314273968e+03,2.757449225889803529e+03,2.574771271800483646e+03,2.724536599366745577e+03,2.683779971603202739e+03,2.491159269593217232e+03,2.615443426008304868e+03,2.559704337977844261e+03
4.755129650027657640e+00,2.773611459970735723e+03,2.757449214963794475e+03,2.574949347115733872e+03,2.725923117559400907e+03,2.736346074126288840e+03,2.487128149335136186e+03,2.632893076911450862e+03,2.556114842274839248e+03
4.759887158035051691e+00,2.768445075849155273e+03,2.757449204081397056e+03,2.575126625368149234e+03,2.730674857636616252e+03,2.684419171797323543e+03,2.488924789677010722e+03,2.653674085027487763e+03,2.549407880367867165e+03
4.764649425930005400e+00,2.773376371639611989e+03,2.757449193242434376e+03,2.575305225441919902e+03,2.730084102924022318e+03,2.736690731386620882e+03,2.494434639072649588e+03,2.646178731997894829e+03,2.549319610897957318e+03
4.769416458474777798e+00,2.768676926433847257e+03,2.757449182446734540e+03,2.575483354786776090e+03,2.740263182003298425e+03,2.683144465421694804e+03,2.496883307272782531e+03,2.632143296232698503e+03,2.558577510979908311e+03
4.774188260436394771e+00,2.778271016121824232e+03,2.757449171694124743e+03,2.575659685727312990e+03,2.757915924330429334e+03,2.736591214183882130e+03,2.527748286189055761e+03,2.622326189012766463e+03,2.559253962523504924e+03
4.778964836586672149e+00,2.773322018585923615e+03,2.757449160984432183e+03,2.575838028909587592e+03,2.757532026244157805e+03,2.680153428915308268e+03,2.512325696090463225e+03,2.615572559279714824e+03,2.553384700860740395e+03
4.783746191702193507e+00,2.794703911838666500e+03,2.757449150317486783e+03,2.576016074116301297e+03,2.788873628405660838e+03,2.739673971438111039e+03,2.486949848251240383e+03,2.628022911926655524e+03,2.550540052902102616e+03
4.788532330564299500e+00,2.771649225986148849e+03,2.757449139693118013e+03,2.576193348529577634e+03,2.756226478287093414e+03,2.672237265644101626e+03,2.489239900906354706e+03,2.627327644436189075e+03,2.562606954247514295e+03
4.793323257959136718e+00,2.773985286158090730e+03,2.757449129111154434e+03,2.576370132938937786e+03,2.745361202588742799e+03,2.739849904633753795e+03,2.490458178415089151e+03,2.652000810126251508e+03,2.557713281523528167e+03
4.798118978677631929e+00,2.762808243147734174e+03,2.757449118571429153e+03,2.576544083388256240e+03,2.718374160735981604e+03,2.667395926654452978e+03,2.497070950421863927e+03,2.635800881652236512e+03,2.559078032222146703e+03
4.802919497515497405e+00,2.772244870985876787e+03,2.757449108073772095e+03,2.576721342695370822e+03,2.731344477594981527e+03,2.737143193048641479e+03,2.495030329388067912e+03,2.639065853433673055e+03,2.558616920847779056e+03
4.807724819273262007e+00,2.764222493528140149e+03,2.757449097618013639e+03,2.576898972680932275e+03,2.735284525531807049e+03,2.665683962851951492e+03,2.505913180294815902e+03,2.629995972339122545e+03,2.557654287119476521e+03
4.812534948756252540e+00,2.777675254549846159e+03,2.757449087203990985e+03,2.577076275885166524e+03,2.761171220656915466e+03,2.731863164594034515e+03,2.542055465365823238e+03,2.633597593174836675e+03,2.556242866972007505e+03
4.817349890774592858e+00,2.763779275300866630e+03,2.757449076831532238e+03,2.577252055472202301e+03,2.735060739254417513e+03,2.666656628108894893e+03,2.496138682859288110e+03,2.637838974851169951e+03,2.559697343197415648e+03
4.822169650143221631e+00,2.776294484127792202e+03,2.757449066500477329e+03,2.577428554756072117e+03,2.756452809377491121e+03,2.722106331183800194e+03,2.490577410863963451e+03,2.629413711956752195e+03,2.563977139341016482e+03
4.826994231681899450e+00,2.769348288259722267e+03,2.757449056210655726e+03,2.577604400486078248e+03,2.742838869913750841e+03,2.669345181629723356e+03,2.486009460196880809e+03,2.645796696249629804e+03,2.574497020277584852e+03
4.831823640215215931e+00,2.768143280726253579e+03,2.757449045961908723e+03,2.577779806228436883e+03,2.726857530000257157e+03,2.708673939627661639e+03,2.483482302357440858e+03,2.657500239103153490e+03,2.567332353693141613e+03
4.836657880572579948e+00,2.768633022504590372e+03,2.757449035754065790e+03,2.577955226864729866e+03,2.751596209219469984e+03,2.675996133305286548e+03,2.479250698617463968e+03,2.639194702364541627e+03,2.558533875682645430e+03
4.841496957588230288e+00,2.800646082111703436e+03,2.757449025586968219e+03,2.578133896605772861e+03,2.799239616187531738e+03,2.685697318627082041e+03,2.480887773521058534e+03,2.641679443549514417e+03,2.569078044377888091e+03
4.846340876101236539e+00,2.769896935870337984e+03,2.757449015460451392e+03,2.578308644820336667e+03,2.751584490336300405e+03,2.694577422458939509e+03,2.486093429168418425e+03,2.632045102695532478e+03,2.560917458281844574e+03
4.851189640955513305e+00,2.773542594130270572e+03,2.757449005374351600e+03,2.578483064042906335e+03,2.751815504169464475e+03,2.667203938877075416e+03,2.477418132922362020e+03,2.637596592614794190e+03,2.570886258817748512e+03
4.856043256999840629e+00,2.769880879210771127e+03,2.757448995328512865e+03,2.578659681636387177e+03,2.744844306411371690e+03,2.709701776704116583e+03,2.479957458029934969e+03,2.637048096896044626e+03,2.581057209878621052e+03
4.860901729087832912e+00,2.764058478831494085e+03,2.757448985322771932e+03,2.578833970585176303e+03,2.727348171039535828e+03,2.662878866143843425e+03,2.482784781452232892e+03,2.647177069007467708e+03,2.570863083321686645e+03
4.865765062077957559e+00,2.768844885611275004e+03,2.757448975356966457e+03,2.579007669078562230e+03,2.728240373650653510e+03,2.730434642403150065e+03,2.484071695317950798e+03,2.670841933515626806e+03,2.568824514986322811e+03
4.870633260833545641e+00,2.765586687564421027e+03,2.757448965430939097e+03,2.579183135266950558e+03,2.736959830328994030e+03,2.660489025263949316e+03,2.470166102950389813e+03,2.658401728320352504e+03,2.568836174679517626e+03
4.875506330222796336e+00,2.774903334065269064e+03,2.757448955544532964e+03,2.579356584591615956e+03,2.761009332701582025e+03,2.729954886621017522e+03,2.471089008292760354e+03,2.640702884836128760e+03,2.571835577664495759e+03
4.880384275118789361e+00,2.763095699866445557e+03,2.757448945697585714e+03,2.579528427816084331e+03,2.727639459303411513e+03,2.657058751382288392e+03,2.455730096304634571e+03,2.643734219654974822e+03,2.582698035681021793e+03
4.885267100399468099e+00,2.774498922960988239e+03,2.757448935889942277e+03,2.579702847928102528e+03,2.758680886002292482e+03,2.709870021038170307e+03,2.467663341808011864e+03,2.644558902111558837e+03,2.572825002692625276e+03
4.890154810947647590e+00,2.769261824351189262e+03,2.757448926121447585e+03,2.579881467268493452e+03,2.741801410435969501e+03,2.655506547853641223e+03,2.456280394947701097e+03,2.641149312801394899e+03,2.577371374047001154e+03
4.895047411651043845e+00,2.769662605347872613e+03,2.757448916391941111e+03,2.580053226661745612e+03,2.755871766908890095e+03,2.676701366741598122e+03,2.460854079446899050e+03,2.653103537519723886e+03,2.579429705736383312e+03
4.899944907402258742e+00,2.794783739199898264e+03,2.757448906701271426e+03,2.580225954834677395e+03,2.790711301612072930e+03,2.684780399495779875e+03,2.460750614703498741e+03,2.660831806976959342e+03,2.589810311790349260e+03
4.904847303098789801e+00,2.763973012166027729e+03,2.757448897049280276e+03,2.580402805710826215e+03,2.737789925812313868e+03,2.663680886853195261e+03,2.446069851763052611e+03,2.672905166522381933e+03,2.585458401073040477e+03
4.909754603643036397e+00,2.769641644354589062e+03,2.757448887435816232e+03,2.580571660355099084e+03,2.741329275340980530e+03,2.709839963727597478e+03,2.445487733328062859e+03,2.659862167712857172e+03,2.584226827105226221e+03
4.914666813942295320e+00,2.773473742682947886e+03,2.757448877860722860e+03,2.580752903484185936e+03,2.753540901635350110e+03,2.660776995752225503e+03,2.444865732286674302e+03,2.650254342695748164e+03,2.578709308936089656e+03
4.919583938908782095e+00,2.764344683115555654e+03,2.757448868323847819e+03,2.580924495884803036e+03,2.727263242577943402e+03,2.705243758143937157e+03,2.436425715574137030e+03,2.644575316294128243e+03,2.589071948270038320e+03
4.924505983459625647e+00,2.762734485915018922e+03,2.757448858825040134e+03,2.581097947134443075e+03,2.728354909412144025e+03,2.660853814938403502e+03,2.424844317067008433e+03,2.650437870823613594e+03,2.596810368810534783e+03
4.929432952516857647e+00,2.764128009577624653e+03,2.757448849364146554e+03,2.581269158473823154e+03,2.732383592405471973e+03,2.675814618839410286e+03,2.434219537483314070e+03,2.656276679637791858e+03,2.585837084301650975e+03
4.934364851007448927e+00,2.784913533530399945e+03,2.757448839941014739e+03,2.581440658749597333e+03,2.776438876895635531e+03,2.661440690789282144e+03,2.415325077204835452e+03,2.658080065997746715e+03,2.590671935664846387e+03
4.939301683863293491e+00,2.765747781132052296e+03,2.757448830555495533e+03,2.581616292113191776e+03,2.743647676408566895e+03,2.654050540903080218e+03,2.418507701166211064e+03,2.683251652941668908e+03,2.589442016331229297e+03
4.944243456021228056e+00,2.777518099270041148e+03,2.757448821207439778e+03,2.581789565139620208e+03,2.766246074724280334e+03,2.683001257308942058e+03,2.415920489953331980e+03,2.671037649337620678e+03,2.601640499436108257e+03
4.949190172423037382e+00,2.770272909305548183e+03,2.757448811896695133e+03,2.581962116941911518e+03,2.753884900104299959e+03,2.641053968565594005e+03,2.403871753073026866e+03,2.663638612766188089e+03,2.596513713154780362e+03
4.954141838015429400e+00,2.796332525486708164e+03,2.757448802623114716e+03,2.582134733598139974e+03,2.795046343221479674e+03,2.675059170599643039e+03,2.408259733953232171e+03,2.655721661352354204e+03,2.597371669399628900e+03
4.959098457750074296e+00,2.794677410799502923e+03,2.757448793386548914e+03,2.582307818713427878e+03,2.791851520502561925e+03,2.646368573477862810e+03,2.399718179869142205e+03,2.655955569172451760e+03,2.599338576859697241e+03
4.964060036583591184e+00,2.772272962767215176e+03,2.757448784186850389e+03,2.582478337691350589e+03,2.760049997823338799e+03,2.634580105540038403e+03,2.392364984633981294e+03,2.660156971851158687e+03,2.600532043898127085e+03
4.969026579477557881e+00,2.767984221558397621e+03,2.757448775023874077e+03,2.582654699233525207e+03,2.749696234014189486e+03,2.666413806031916465e+03,2.394626692511202236e+03,2.662175001297373456e+03,2.597585428432358640e+03
4.973998091398529553e+00,2.763191799252554119e+03,2.757448765897470821e+03,2.582822360037647741e+03,2.732555737340795986e+03,2.626541289831436643e+03,2.382725993414708682e+03,2.667203975402405831e+03,2.606186236919645580e+03
4.978974577317996086e+00,2.782387209808197895e+03,2.757448756807495556e+03,2.582997480679658111e+03,2.771079094511782387e+03,2.668514507356345348e+03,2.387193443046960510e+03,2.688998643312717377e+03,2.602972794755492487e+03
4.983956042212440707e+00,2.765935638536177521e+03,2.757448747753802309e+03,2.583169712631998209e+03,2.741798826946150257e+03,2.632709769758278526e+03,2.377080267019632629e+03,2.667813387826444796e+03,2.605126227816967912e+03
4.988942491063346196e+00,2.765829366642450168e+03,2.757448738736248288e+03,2.583342137076633662e+03,2.740189586682031404e+03,2.650205174175848697e+03,2.373987304213943844e+03,2.660101747484226962e+03,2.610504013512873371e+03
4.993933928857153148e+00,2.766656841177758906e+03,2.757448729754687520e+03,2.583515306081992094e+03,2.741812847538472397e+03,2.639490219079624239e+03,2.370566362061284963e+03,2.659305651122705513e+03,2.614973862234470744e+03
4.998930360585300825e+00,2.769863529056440711e+03,2.757448720808975850e+03,2.583685922621589270e+03,2.752749568497796645e+03,2.606246652273038762e+03,2.367205158600118921e+03,2.663125826892127861e+03,2.599988475931227640e+03
5.003931791244232485e+00,2.776720114612071939e+03,2.757448711898971396e+03,2.583860840479158014e+03,2.756395817264725338e+03,2.663377259798183331e+03,2.367137335672431163e+03,2.670735269945582786e+03,2.610282864182886897e+03
5.008938225835387392e+00,2.766072515575322541e+03,2.757448703024531369e+03,2.584029663220711427e+03,2.744838547737274439e+03,2.603430058759181975e+03,2.359842726611019771e+03,2.675779813078231655e+03,2.619416377165229278e+03
5.013949669365178607e+00,2.773716961879737937e+03,2.757448694185515251e+03,2.584203529509055443e+03,2.765221831110207859e+03,2.653652659409553053e+03,2.359563346112925956e+03,2.686739307918679060e+03,2.609190472802099521e+03
5.018966126845050724e+00,2.824698787229754089e+03,2.757448685381777977e+03,2.584375996788208340e+03,2.824637288892200559e+03,2.621048010693030847e+03,2.357714145506749901e+03,2.679871893970176643e+03,2.614636357736671016e+03
5.023987603291483417e+00,2.775202617866594210e+03,2.757448676613181306e+03,2.584547538757615712e+03,2.769247721371957596e+03,2.601310567552966859e+03,2.357804940877370882e+03,2.675102352745197550e+03,2.616292506236945883e+03
5.029014103725941709e+00,2.790472470790941315e+03,2.757448667879585628e+03,2.584719713444598256e+03,2.787579137329363675e+03,2.658671450335203644e+03,2.352434519802878640e+03,2.672689729007035112e+03,2.615023045311597798e+03
5.034045633174911494e+00,2.768796150178705830e+03,2.757448659180848608e+03,2.584891616675313344e+03,2.750039470303413964e+03,2.594571440769615492e+03,2.351650424624130210e+03,2.665323670178474003e+03,2.621731589925532717e+03
5.039082196669929736e+00,2.769175933929950133e+03,2.757448650516833823e+03,2.585062827231473875e+03,2.749297971269075333e+03,2.633149148251499810e+03,2.351149690162537354e+03,2.665354296828140832e+03,2.618740597416754099e+03
5.044123799247563156e+00,2.769814355247200638e+03,2.757448641887402573e+03,2.585234086800140176e+03,2.752484621627287652e+03,2.604670378963546227e+03,2.352395914118314977e+03,2.679214591517801637e+03,2.614495161483664560e+03
5.049170445949409114e+00,2.767928338972001256e+03,2.757448633292414797e+03,2.585403876590263280e+03,2.744588597284361640e+03,2.588650629754355123e+03,2.349363617948067713e+03,2.683964627933870815e+03,2.622579961341010858e+03
5.054222141822116932e+00,2.764900074926143134e+03,2.757448624731733616e+03,2.585577572470020641e+03,2.732837321779026752e+03,2.644972587592500076e+03,2.349041097143942352e+03,2.699936796541374861e+03,2.618875140377917432e+03
5.059278891917391441e+00,2.771852839415021663e+03,2.757448616205224425e+03,2.585748230287498700e+03,2.750535150611500285e+03,2.573176619550760279e+03,2.347423139503828224e+03,2.686754886833866749e+03,2.640372772633460499e+03
5.064340701291980551e+00,2.769315915691217469e+03,2.757448607712747162e+03,2.585922240603812043e+03,2.750578815415447480e+03,2.615188687829591800e+03,2.347522419452009672e+03,2.675006737322933077e+03,2.625817668076606424e+03
5.069407575007690347e+00,2.766666651216217360e+03,2.757448599254168585e+03,2.586092030844138208e+03,2.743173251811070259e+03,2.600292453027195279e+03,2.348041331565334985e+03,2.673844237170361339e+03,2.609338426688942945e+03
5.074479518131396638e+00,2.769354086465100409e+03,2.757448590829352725e+03,2.586262961350534169e+03,2.751924433391494858e+03,2.557545875359761794e+03,2.345677732584869318e+03,2.670317188754262133e+03,2.624680916549697031e+03
5.079556535735048506e+00,2.782543294424894611e+03,2.757448582438164522e+03,2.586436056100696987e+03,2.778505171430406335e+03,2.630029695758447815e+03,2.344895069287080787e+03,2.682248944603551990e+03,2.631004247887507972e+03
5.084638632895670085e+00,2.810578557302510944e+03,2.757448574080469371e+03,2.586606709412788859e+03,2.810188893308070419e+03,2.561477129089757454e+03,2.344946175623827003e+03,2.676242695310706949e+03,2.634458835484274914e+03
5.089725814695342798e+00,2.766088438956482605e+03,2.757448565756136304e+03,2.586779663030420579e+03,2.745241480367070835e+03,2.585439917110003080e+03,2.344273248453348515e+03,2.674720916321723507e+03,2.636402646027122501e+03
5.094818086221258646e+00,2.765563024437465629e+03,2.757448557465027989e+03,2.586949708312416533e+03,2.741748578718154022e+03,2.599827743861577801e+03,2.344304462510269786e+03,2.705283260456583776e+03,2.639382818985300673e+03
5.099915452565697116e+00,2.778145458016598695e+03,2.757448549207015276e+03,2.587122465182088035e+03,2.762853616106268873e+03,2.547138060378718819e+03,2.343352330651840020e+03,2.683929799983935027e+03,2.638648577646589274e+03
5.105017918826000312e+00,2.769587054517395245e+03,2.757448540981964925e+03,2.587291849147650282e+03,2.752581255711335416e+03,2.613428187486759271e+03,2.342684850589278085e+03,2.689073255145980056e+03,2.615880131470192282e+03
5.110125490104636903e+00,2.791228872795101779e+03,2.757448532789745514e+03,2.587463703707941931e+03,2.788838220122865550e+03,2.554484095732366768e+03,2.344119953587236978e+03,2.676194935501534019e+03,2.642225358858324853e+03
5.115238171509194132e+00,2.784632490708146634e+03,2.757448524630224256e+03,2.587636564007918423e+03,2.778550976241893750e+03,2.564306341001051806e+03,2.344316540682459163e+03,2.673752591084476080e+03,2.628569718542696137e+03
5.120355968152358273e+00,2.764692296156018074e+03,2.757448516503271549e+03,2.587806420617126605e+03,2.736905859361258990e+03,2.621238377213364856e+03,2.347107167630944787e+03,2.682399178639547245e+03,2.634344350157537065e+03
5.125478885151911967e+00,2.773629919615263589e+03,2.757448508408760063e+03,2.587977645748217583e+03,2.755652250177112819e+03,2.543634931256092386e+03,2.344759329926036116e+03,2.687498005439867939e+03,2.634764459763234754e+03
5.130606927630777747e+00,2.778429082210144770e+03,2.757448500346557921e+03,2.588149674507136751e+03,2.770804172930739242e+03,2.603174686942370954e+03,2.339383713574199646e+03,2.680654493011580598e+03,2.633759529226854738e+03
5.135740100717002932e+00,2.782676073007878131e+03,2.757448492316535521e+03,2.588322429091207141e+03,2.770982891248908800e+03,2.569980525138667872e+03,2.339615427505963908e+03,2.699026492770520235e+03,2.642858067491353722e+03
5.140878409543742755e+00,2.795788836006486235e+03,2.757448484318565988e+03,2.588493097856518034e+03,2.794321588016494843e+03,2.528646992698412760e+03,2.340223156419663610e+03,2.698540826154047409e+03,2.628786469482215125e+03
5.146021859249313657e+00,2.817154062517995499e+03,2.757448476352520629e+03,2.588663762624979881e+03,2.816680452578650147e+03,2.609027464088782381e+03,2.339881146027700197e+03,2.696350020302796111e+03,2.649674932592536607e+03
5.151170454977186175e+00,2.795589827329751188e+03,2.757448468418273023e+03,2.588835443432996271e+03,2.793399546636618197e+03,2.526781404762400598e+03,2.341621877378574482e+03,2.680449556828758887e+03,2.635217099742208120e+03
5.156324201875936986e+00,2.774745934529816168e+03,2.757448460515694933e+03,2.589005998126612667e+03,2.764828035295546215e+03,2.559098739606958588e+03,2.343482264186880457e+03,2.686875910522512186e+03,2.642327213220763952e+03
5.161483105099309299e+00,2.777621340791897637e+03,2.757448452644659483e+03,2.589175261492303434e+03,2.771530490241456846e+03,2.582464803895833029e+03,2.348043968349257284e+03,2.684967365865793909e+03,2.650222875543487135e+03
5.166647169806227069e+00,2.770782672911227110e+03,2.757448444805043891e+03,2.589345488713671330e+03,2.760063645240094957e+03,2.513163272610588592e+03,2.353300826199019866e+03,2.688216301791733713e+03,2.642482027124621709e+03
5.171816401160747034e+00,2.785441491177404714e+03,2.757448436996719920e+03,2.589518113877204087e+03,2.779151598152577662e+03,2.577466349168581019e+03,2.363459694958071850e+03,2.685406511908507127e+03,2.635105500202843814e+03
5.176990804332092466e+00,2.769048170402807500e+03,2.757448429219562058e+03,2.589689228357572574e+03,2.755215192694654888e+03,2.549164405978866398e+03,2.347278245555890408e+03,2.701328955496619074e+03,2.630156730243378661e+03
5.182170384494675375e+00,2.764669187288692683e+03,2.757448421473448889e+03,2.589861250907853446e+03,2.741936239250753715e+03,2.519988116433389678e+03,2.340837006777569059e+03,2.705928519374192547e+03,2.647313959314862132e+03
5.187355146828076080e+00,2.771925771669129972e+03,2.757448413758253992e+03,2.590030354170488408e+03,2.759807536159215942e+03,2.600571780648598178e+03,2.339024146192888566e+03,2.703860359324477940e+03,2.656535245227856649e+03
5.192545096517046765e+00,2.771745863625795209e+03,2.757448406073855040e+03,2.590201397314349379e+03,2.756987977312098337e+03,2.512929217988105847e+03,2.340016023971559662e+03,2.679779338197644392e+03,2.645556826745731996e+03
5.197740238751556774e+00,2.797594149202538119e+03,2.757448398420129706e+03,2.590373077598426335e+03,2.795296800943242488e+03,2.546746598542863467e+03,2.343143004974380347e+03,2.691251341297545878e+03,2.648247323586799212e+03
5.202940578726747312e+00,2.801605283963013790e+03,2.757448390796953390e+03,2.590544592881287826e+03,2.800815286708193071e+03,2.565779458216083185e+03,2.347665961883498312e+03,2.687387211792880407e+03,2.651278578759698576e+03
5.208146121642936777e+00,2.791678387497940093e+03,2.757448383204206948e+03,2.590711674937373118e+03,2.789674522394524956e+03,2.492695385443740633e+03,2.352994182494435790e+03,2.697539584815925082e+03,2.638147452552651885e+03
5.213356872705670497e+00,2.821971680569590262e+03,2.757448375641765779e+03,2.590882330866648772e+03,2.821926745532967288e+03,2.544398815629120691e+03,2.358685246717491736e+03,2.682604077909706120e+03,2.654027911995695831e+03
5.218572837125715402e+00,2.782733545003738527e+03,2.757448368109511648e+03,2.591053236262558585e+03,2.780180629087883972e+03,2.550522329178176278e+03,2.347718949049041385e+03,2.701733399790913154e+03,2.645889623484025833e+03
5.223794020119036041e+00,2.785733888536033191e+03,2.757448360607323593e+03,2.591226049311585484e+03,2.782475737125987507e+03,2.501110623607236448e+03,2.344395176404999802e+03,2.708983349854688640e+03,2.657726539812932515e+03
5.229020426906815899e+00,2.767590946053821426e+03,2.757448353135082016e+03,2.591398050339391830e+03,2.750432393636343477e+03,2.537048194076912750e+03,2.346539321049750470e+03,2.694302119848508028e+03,2.655859571825089006e+03
5.234252062715459175e+00,2.794112978928796565e+03,2.757448345692664589e+03,2.591565562804671117e+03,2.789414111885705097e+03,2.534485141796961670e+03,2.349371398621685785e+03,2.694887619797528259e+03,2.639901093245540324e+03
5.239488932776603214e+00,2.797858611256280255e+03,2.757448338279955351e+03,2.591732572405501287e+03,2.796652341250771769e+03,2.523203759640544376e+03,2.354775245576686302e+03,2.688639820263086222e+03,2.658255085717194561e+03
5.244731042327115844e+00,2.772231720781971489e+03,2.757448330896832886e+03,2.591904885857432873e+03,2.761884366194061840e+03,2.560495941257423510e+03,2.356492390420121410e+03,2.689003477425175333e+03,2.631696239420181428e+03
5.249978396609110476e+00,2.779915993385617185e+03,2.757448323543182596e+03,2.592074513562412449e+03,2.764576574480869112e+03,2.540852912192180156e+03,2.351593013715416419e+03,2.701160241323152604e+03,2.647395624436461276e+03
5.255231000869925673e+00,2.773579947031910251e+03,2.757448316218885338e+03,2.592247093698989829e+03,2.762851575565836811e+03,2.533564857020962336e+03,2.358569690114428340e+03,2.690559730158872753e+03,2.643351152198633372e+03
5.260488860362181107e+00,2.777200377457886134e+03,2.757448308923823788e+03,2.592410012460723465e+03,2.767476263835705595e+03,2.539891667043483721e+03,2.354488528670899541e+03,2.703650568193692834e+03,2.663642884223213969e+03
5.265751980343742034e+00,2.770550756109044414e+03,2.757448301657881075e+03,2.592584979501578800e+03,2.757073905149607072e+03,2.516075402967623177e+03,2.355735065337790729e+03,2.714449562962818618e+03,2.648153601846456695e+03
5.271020366077721064e+00,2.781622058759208358e+03,2.757448294420939874e+03,2.592751664318697294e+03,2.777994109400387970e+03,2.508337635278226116e+03,2.361390120229745662e+03,2.703328927605126864e+03,2.648503971106793870e+03
5.276294022832505703e+00,2.818673029063478680e+03,2.757448287212885589e+03,2.592926602281915166e+03,2.818122496591333856e+03,2.535614071804878677e+03,2.362562816507254865e+03,2.699199322445413145e+03,2.654314490086492697e+03
5.281572955881747689e+00,2.788006726893095220e+03,2.757448280033604078e+03,2.593092619689939966e+03,2.786477007043363756e+03,2.497921239617715401e+03,2.354271906457823661e+03,2.697826349350242708e+03,2.653342007176551306e+03
5.286857170504390524e+00,2.779232511195226834e+03,2.757448272882979381e+03,2.593262563037107611e+03,2.775450194479937636e+03,2.497221738357355662e+03,2.357135634797347393e+03,2.699756462627155543e+03,2.652115417542115210e+03
5.292146671984641948e+00,2.816371310171653931e+03,2.757448265760896447e+03,2.593431254738055031e+03,2.816183371059419642e+03,2.531218153328657536e+03,2.366393707932102188e+03,2.703831431395300569e+03,2.648021565292040123e+03
5.297441465612010347e+00,2.777008524560329079e+03,2.757448258667243408e+03,2.593598457231766133e+03,2.769893470143102149e+03,2.483312230690234628e+03,2.356745713366363816e+03,2.700718254388168134e+03,2.671897936402723644e+03
5.302741556681281665e+00,2.780615661512691076e+03,2.757448251601904758e+03,2.593769855373338032e+03,2.771394330671523676e+03,2.482969416161215122e+03,2.359323125806774442e+03,2.712200878117795128e+03,2.661937755246037796e+03
5.308046950492547822e+00,2.783772172138333190e+03,2.757448244564766810e+03,2.593938276745267558e+03,2.773931547129184310e+03,2.511454394262302685e+03,2.363211629616554546e+03,2.717470664604159992e+03,2.658749704072753957e+03
5.313357652351209381e+00,2.768815545677584851e+03,2.757448237555721335e+03,2.594107987904675610e+03,2.752828266573629662e+03,2.497174204279506284e+03,2.360390812398502021e+03,2.706986906700673444e+03,2.658479718734947255e+03
5.318673667567959562e+00,2.783224904113107186e+03,2.757448230574651006e+03,2.594277670517264141e+03,2.776945958210241770e+03,2.488547579306483840e+03,2.357946041580969904e+03,2.695175749875249039e+03,2.662678451866480373e+03
5.323995001458827758e+00,2.777769921694832647e+03,2.757448223621447141e+03,2.594442192064209848e+03,2.770486174610903618e+03,2.513751301426387727e+03,2.359248418765084352e+03,2.702354429147835162e+03,2.656977629798882390e+03
5.329321659345145790e+00,2.773256215235712716e+03,2.757448216695996507e+03,2.594614869033743616e+03,2.760421089906772977e+03,2.468535057765704551e+03,2.361886220153125123e+03,2.711443750178604660e+03,2.649831245678105006e+03
5.334653646553560336e+00,2.771440520790352366e+03,2.757448209798191328e+03,2.594777900952402433e+03,2.758357478195599469e+03,2.442969907178578524e+03,2.356470244816539889e+03,2.695126417683742147e+03,2.677008369049968223e+03
5.339990968416064021e+00,2.771760408192610612e+03,2.757448202927919738e+03,2.594946181893447374e+03,2.760361819223747261e+03,2.503080184058176656e+03,2.357585971005925785e+03,2.707003268644532454e+03,2.679982257241374555e+03
5.345333630269974101e+00,2.802351335658640437e+03,2.757448196085069867e+03,2.595115861042431789e+03,2.801901930165147405e+03,2.462571564083244994e+03,2.362189234218802085e+03,2.720079462949377103e+03,2.668031171763498605e+03
5.350681637457967987e+00,2.837547026628722961e+03,2.757448189269536215e+03,2.595281343726261639e+03,2.837525947317548798e+03,2.436230318156590783e+03,2.356725595214837085e+03,2.703806135009168429e+03,2.688510383283107330e+03
5.356034995328046833e+00,2.822910643371554215e+03,2.757448182481205549e+03,2.595446451725261795e+03,2.822749456096666108e+03,2.483683852652544829e+03,2.356282168654675388e+03,2.712217398077936650e+03,2.651151796014207321e+03
5.361393709233555072e+00,2.779619352020145016e+03,2.757448175719971914e+03,2.595617163370658091e+03,2.776246275708404482e+03,2.456132224376742670e+03,2.358937235235083335e+03,2.703712944138451803e+03,2.663613071977894833e+03
5.366757784533228381e+00,2.789944263268645045e+03,2.757448168985727989e+03,2.595779592784470879e+03,2.788094785216590935e+03,2.426804364723935578e+03,2.358142332137957055e+03,2.699127170213611407e+03,2.664608960916278193e+03
5.372127226591127069e+00,2.799905295103767912e+03,2.757448162278363270e+03,2.595950987554129824e+03,2.799224867124791217e+03,2.479357403926890584e+03,2.355080800772655039e+03,2.710303348245609413e+03,2.679960367275834415e+03
5.377502040776687586e+00,2.786707083731353123e+03,2.757448155597774075e+03,2.596117374307129467e+03,2.785222325208500024e+03,2.450985408082638969e+03,2.357166269420056324e+03,2.714562534539422359e+03,2.681346757259516835e+03
5.382882232464749173e+00,2.788390748037386402e+03,2.757448148943849446e+03,2.596289017267251438e+03,2.785009880893841910e+03,2.423717296549987168e+03,2.356181750958366592e+03,2.707246575170254346e+03,2.676001844538485329e+03
5.388267807035499679e+00,2.781435086824975315e+03,2.757448142316484791e+03,2.596451168189534201e+03,2.775816583884535703e+03,2.487774779331216450e+03,2.353878651022506347e+03,2.717261995274525816e+03,2.670722098288882080e+03
5.393658769874506653e+00,2.779052617945380007e+03,2.757448135715574153e+03,2.596617929806158827e+03,2.769756366617179538e+03,2.444130766088000655e+03,2.354285117326462569e+03,2.709577585909072241e+03,2.669531148887881045e+03
5.399055126372735991e+00,2.781922219809557191e+03,2.757448129141012487e+03,2.596785478729217175e+03,2.775335838822757069e+03,2.405948977770729471e+03,2.353015912657893296e+03,2.718774784208749224e+03,2.667003542188830579e+03
5.404456881926536838e+00,2.779657183945186716e+03,2.757448122592692926e+03,2.596947147588969074e+03,2.776626323119436620e+03,2.468967793747749511e+03,2.354554907435571295e+03,2.702881606450876461e+03,2.661586190081422956e+03
5.409864041937666457e+00,2.814210983955617394e+03,2.757448116070513606e+03,2.597118612140576261e+03,2.814147209303593627e+03,2.443416783717532326e+03,2.352215193954762981e+03,2.710400550925881817e+03,2.683299725710179700e+03
5.415276611813294672e+00,2.807396195895621076e+03,2.757448109574367209e+03,2.597282680223218449e+03,2.807201299664376620e+03,2.395161259973231154e+03,2.349959854535675731e+03,2.712205650051619614e+03,2.667440367772616810e+03
5.420694596965989653e+00,2.850595254488156115e+03,2.757448103104151414e+03,2.597448106227177504e+03,2.850592043535833909e+03,2.455164561180124565e+03,2.351363844812570278e+03,2.710614893270499124e+03,2.680363750651908504e+03
5.426118002813723251e+00,2.821854018155113408e+03,2.757448096659762086e+03,2.597610683925860940e+03,2.821811581211757584e+03,2.433129837985248741e+03,2.350879030001591673e+03,2.715576432918518094e+03,2.689070130169282493e+03
5.431546834779907407e+00,2.789845764642061113e+03,2.757448090241096907e+03,2.597777428002546458e+03,2.787838028838065384e+03,2.392450152531996082e+03,2.348065840330940318e+03,2.718659627599475243e+03,2.683408345066000493e+03
5.436981098293381720e+00,2.784501826100753533e+03,2.757448083848052647e+03,2.597945541488234539e+03,2.781581689422677300e+03,2.437875735418540444e+03,2.348187193614961870e+03,2.707578122489898760e+03,2.674008573934907872e+03
5.442420798788409009e+00,2.804224206449669964e+03,2.757448077480528809e+03,2.598109678014992824e+03,2.802967450599709991e+03,2.425805712114527523e+03,2.346691220322758909e+03,2.712351182666478508e+03,2.677593744175489974e+03
5.447865941704686854e+00,2.782411038483633092e+03,2.757448071138418527e+03,2.598274816988568546e+03,2.777587973115719706e+03,2.387403950401153907e+03,2.345730481138535652e+03,2.726275998909834925e+03,2.666857499402722169e+03
5.453316532487360924e+00,2.801414410825427694e+03,2.757448064821627213e+03,2.598439008378051767e+03,2.801036888076711875e+03,2.419293309890523687e+03,2.346563764193692805e+03,2.713032269262444061e+03,2.688167606580723714e+03
5.458772576587027636e+00,2.788386698829308898e+03,2.757448058530048911e+03,2.598604392081983406e+03,2.787520127880106884e+03,2.436341459510517780e+03,2.344155595354815432e+03,2.711680188578234720e+03,2.666866838384830316e+03
5.464234079459717286e+00,2.831456966238134555e+03,2.757448052263585396e+03,2.598771611177590330e+03,2.831424254033932357e+03,2.382854237607013602e+03,2.343528003551544316e+03,2.716708294341928649e+03,2.683163787816555669e+03
5.469701046566938452e+00,2.806331634376462262e+03,2.757448046022134349e+03,2.598934052484996755e+03,2.805111990206581140e+03,2.386852336501703121e+03,2.341905573439410546e+03,2.715324976033377880e+03,2.678119126416846029e+03
5.475173483375658456e+00,2.793836313923468424e+03,2.757448039805595727e+03,2.599099997118713418e+03,2.792759177814453778e+03,2.438457472264713033e+03,2.341795265946263953e+03,2.713417703823110514e+03,2.667698344405076114e+03
5.480651395358322020e+00,2.820650904348555741e+03,2.757448033613874031e+03,2.599261309298177366e+03,2.820380203733720009e+03,2.377046007334907245e+03,2.341706218653414453e+03,2.720327982471348605e+03,2.687515406150379476e+03
5.486134787992850370e+00,2.798472606124166305e+03,2.757448027446864671e+03,2.599430242526163966e+03,2.797659960556251463e+03,2.365558236445531747e+03,2.340188308826707726e+03,2.717025388436618869e+03,2.693145134248826707e+03
5.491623666762627032e+00,2.780720256354544290e+03,2.757448021304474878e+03,2.599593537909324823e+03,2.775745889158289174e+03,2.432229776479392058e+03,2.338612231938168406e+03,2.713320919586981745e+03,2.681981450415629297e+03
5.497118037156523584e+00,2.775754910576809834e+03,2.757448015186601424e+03,2.599758402602913065e+03,2.765513946950266927e+03,2.374302009524406458e+03,2.339281297632503083e+03,2.726000980703326604e+03,2.677908780657270654e+03
5.502617904668907656e+00,2.810032328676235466e+03,2.757448009093149267e+03,2.599922828938331804e+03,2.809859031394921203e+03,2.353228700911939995e+03,2.337520695380376765e+03,2.718726526051305882e+03,2.695429949831036993e+03
5.508123274799649138e+00,2.782747028946213049e+03,2.757448003024019727e+03,2.600089925429464529e+03,2.779720306699737648e+03,2.410933160105753359e+03,2.336656476529199608e+03,2.717658478159633887e+03,2.691185167562704009e+03
5.513634153054126408e+00,2.785891988052734177e+03,2.757447996979116397e+03,2.600251873438053281e+03,2.783085087409535390e+03,2.377911010959958276e+03,2.337272695526366533e+03,2.723736643775674565e+03,2.690539194630979637e+03
5.519150544943214776e+00,2.807148911325235531e+03,2.757447990958341961e+03,2.600415502411312445e+03,2.806946234191352232e+03,2.349080926583650580e+03,2.335077998400560773e+03,2.724879638102729587e+03,2.685047182669139147e+03
5.524672455983298924e+00,2.814765225288022066e+03,2.757447984961602288e+03,2.600584959907802386e+03,2.814486726777772219e+03,2.395593461152774125e+03,2.334644166671405856e+03,2.718572507230976044e+03,2.672687382988841364e+03
5.530199891696303993e+00,2.810801797698852170e+03,2.757447978988797786e+03,2.600749214325185221e+03,2.810556277566475728e+03,2.379703912295187820e+03,2.333934684989517791e+03,2.726627305074553533e+03,2.703275150661187126e+03
5.535732857609660940e+00,2.784748222806306785e+03,2.757447973039834324e+03,2.600913716365476375e+03,2.781689565400156880e+03,2.349071218444538772e+03,2.334215709978803716e+03,2.723347400800343621e+03,2.691950512190205245e+03
5.541271359256339402e+00,2.792805604177622627e+03,2.757447967114619587e+03,2.601078534131554534e+03,2.791022467917804988e+03,2.372554188606708522e+03,2.332924628132432190e+03,2.722820198731173150e+03,2.684120787333558383e+03
5.546815402174845033e+00,2.814613117431827504e+03,2.757447961213054441e+03,2.601237436232966502e+03,2.814404408200351099e+03,2.380210244511431938e+03,2.332628929141138542e+03,2.727025861274795261e+03,2.687095149857631895e+03
5.552364991909217729e+00,2.821022311022947633e+03,2.757447955335046117e+03,2.601405993790160665e+03,2.820935522767868861e+03,2.345287408724873330e+03,2.332074896665763845e+03,2.730631219862633316e+03,2.699053380825480872e+03
5.557920134009045832e+00,2.826667100921178644e+03,2.757447949480501848e+03,2.601569499289125815e+03,2.826601909165096004e+03,2.341151875488435508e+03,2.331667019665784665e+03,2.726543348716848868e+03,2.702260595574263334e+03
5.563480834029462585e+00,2.802880710027802706e+03,2.757447943649325680e+03,2.601734954505439873e+03,2.802248731762081661e+03,2.393729717946560868e+03,2.330683364302146401e+03,2.727193133020418372e+03,2.697542109222209092e+03
5.569047097531185209e+00,2.833563559401072325e+03,2.757447937841428029e+03,2.601899021681635531e+03,2.833540995456968176e+03,2.342563568464135187e+03,2.331257043944743145e+03,2.723069370012158743e+03,2.675348479967930416e+03
5.574618930080468715e+00,2.803100588014620371e+03,2.757447932056712489e+03,2.602066393479678027e+03,2.801644876085003489e+03,2.332899091024313748e+03,2.330463606148274266e+03,2.736508626624675344e+03,2.699657580242401309e+03
5.580196337249130778e+00,2.837336387476687833e+03,2.757447926295089019e+03,2.602229872022986001e+03,2.837320477111026321e+03,2.381388634806272876e+03,2.329752170958266106e+03,2.730658792729087054e+03,2.688663650165115087e+03
5.585779324614604135e+00,2.825098460530362900e+03,2.757447920556461668e+03,2.602391650342391131e+03,2.824951232922973759e+03,2.342127312608508419e+03,2.328893497595158806e+03,2.725919687026848806e+03,2.710645159510862413e+03
5.591367897759872641e+00,2.794184720524965542e+03,2.757447914840742669e+03,2.602560081075886046e+03,2.792479978213004870e+03,2.329567065595271742e+03,2.328766921298912166e+03,2.739874502379274418e+03,2.691137815144089018e+03
5.596962062273499683e+00,2.785598090620733728e+03,2.757447909147838800e+03,2.602721348881594622e+03,2.782056222751537916e+03,2.354444935537450874e+03,2.328478089307221580e+03,2.726971702694901069e+03,2.696784629838940873e+03
5.602561823749656611e+00,2.826706122888515438e+03,2.757447903477659111e+03,2.602888352642600239e+03,2.826672561968585342e+03,2.353005968065456273e+03,2.328440885845591310e+03,2.734097793958191232e+03,2.690891212794761032e+03
5.608167187788103192e+00,2.792557229987998653e+03,2.757447897830111742e+03,2.603049046196956624e+03,2.790319302039683407e+03,2.328694490333311933e+03,2.327724051207216235e+03,2.735468199257804372e+03,2.701236396209631494e+03
5.613778159994198269e+00,2.829081345417127523e+03,2.757447892205108928e+03,2.603216124381650388e+03,2.829027711826982340e+03,2.328580963918874204e+03,2.327575847482878999e+03,2.731948018444498757e+03,2.686255163925456145e+03
5.619394745978918415e+00,2.812668685421936971e+03,2.757447886602560629e+03,2.603380540011745325e+03,2.812387176954407551e+03,2.364805331666709662e+03,2.327364631352586002e+03,2.736991824277947671e+03,2.701124157555497732e+03
5.625016951358853490e+00,2.796407047164824235e+03,2.757447881022374077e+03,2.603547059604881724e+03,2.794903383159547957e+03,2.327667507860349360e+03,2.327005473987974710e+03,2.734828203047082297e+03,2.681122951583507529e+03
5.630644781756207529e+00,2.811045020721851415e+03,2.757447875464462413e+03,2.603710392636662618e+03,2.810348827962212454e+03,2.324783433187173614e+03,2.327052182427198659e+03,2.733249411889730709e+03,2.702346351620758924e+03
5.636278242798812954e+00,2.801347973621779602e+03,2.757447869928737873e+03,2.603871056032930028e+03,2.799503472867163509e+03,2.352870557511651441e+03,2.326978081761836620e+03,2.740045140004066070e+03,2.700319598161375779e+03
5.641917340120138569e+00,2.844587848232306897e+03,2.757447864415108597e+03,2.604035980221925911e+03,2.844572027575615721e+03,2.330646461810233632e+03,2.326247222549320668e+03,2.730587320043140153e+03,2.695317229634176783e+03
5.647562079359275344e+00,2.835234524904114551e+03,2.757447858923488184e+03,2.604198380346635531e+03,2.835183348604320145e+03,2.323770376579579079e+03,2.326108934479659638e+03,2.735853575964537413e+03,2.699040606725268390e+03
5.653212466160954186e+00,2.828423488083971279e+03,2.757447853453787957e+03,2.604365316529168012e+03,2.828348415826550536e+03,2.332608944397049527e+03,2.326130611030595446e+03,2.740157695241964575e+03,2.692927012851008840e+03
5.658868506175565471e+00,2.814502647441899171e+03,2.757447848005922879e+03,2.604529144752784759e+03,2.814248308282870767e+03,2.339063815689771673e+03,2.325970275228065930e+03,2.738636381920870008e+03,2.698514897943622145e+03
5.664530205059157275e+00,2.795727064623994465e+03,2.757447842579803364e+03,2.604698673893683008e+03,2.793802966291202210e+03,2.323978014585351502e+03,2.325747676303343724e+03,2.728773994108626994e+03,2.703813242627927139e+03
5.670197568473430039e+00,2.790976027067966697e+03,2.757447837175340737e+03,2.604864913660061575e+03,2.785570278090739521e+03,2.323881372381301389e+03,2.325466935201792239e+03,2.742260888698038343e+03,2.704843398805284778e+03
5.675870602085742789e+00,2.837891187791434731e+03,2.757447831792454508e+03,2.605022550748685717e+03,2.837873099063735935e+03,2.342332788703562983e+03,2.325268843788258891e+03,2.737560470827447716e+03,2.686561494303887685e+03
5.681549311569130012e+00,2.797435015845440375e+03,2.757447826431054182e+03,2.605190467514202737e+03,2.794123524752365938e+03,2.324051796384093905e+03,2.325097868940097669e+03,2.725037282111873537e+03,2.722582124965161711e+03
5.687233702602297214e+00,2.810191304397893873e+03,2.757447821091056085e+03,2.605348430476349222e+03,2.809844894397596363e+03,2.323032783298689992e+03,2.325079659478141821e+03,2.737686926100670007e+03,2.698366217345851510e+03
5.692923780869640460e+00,2.828738490248584185e+03,2.757447815772371996e+03,2.605516686672719061e+03,2.828690757574472627e+03,2.334819011564580251e+03,2.325044990714409778e+03,2.733673828089155450e+03,2.694518476789113265e+03
5.698619552061241045e+00,2.790803658840250137e+03,2.757447810474918242e+03,2.605680911809178724e+03,2.788905136862813833e+03,2.325857149016560470e+03,2.324727075107794917e+03,2.727319397451619352e+03,2.686942930206255369e+03
5.704321021872855724e+00,2.807090284803732175e+03,2.757447805198612059e+03,2.605848898962855401e+03,2.806682110854859729e+03,2.322701604697737366e+03,2.324519485821520902e+03,2.737061879850664809e+03,2.682295627176997186e+03
5.710028196005965562e+00,2.850721205452264257e+03,2.757447799943365681e+03,2.606016791038421161e+03,2.850696025268675839e+03,2.323259108625094541e+03,2.324419995178239787e+03,2.733766180547116619e+03,2.713573599575177013e+03
5.715741080167753729e+00,2.829365808408534122e+03,2.757447794709098616e+03,2.606178168795013789e+03,2.829339297472993621e+03,2.333329789916377194e+03,2.324555620569810344e+03,2.725773486062540542e+03,2.696421608280209966e+03
5.721459680071106391e+00,2.845646425569269923e+03,2.757447789495724919e+03,2.606340213218858025e+03,2.845631053439131392e+03,2.322681659972809484e+03,2.324402944870471856e+03,2.735972830415125827e+03,2.699857259962474473e+03
5.727184001434620697e+00,2.821187989393254156e+03,2.757447784303160461e+03,2.606507968218638325e+03,2.821048040934455003e+03,2.322433335237436495e+03,2.324420060706411732e+03,2.737042314251548305e+03,2.689114339547622876e+03
5.732914049982607452e+00,2.826454260342153702e+03,2.757447779131323841e+03,2.606673880337838455e+03,2.826334179747143025e+03,2.329485644521227641e+03,2.324166547052242549e+03,2.727367444824816175e+03,2.706860117016389268e+03
5.738649831445122196e+00,2.817287015276003331e+03,2.757447773980131387e+03,2.606836028707064997e+03,2.817120579849867681e+03,2.323624299180048183e+03,2.324154074185767058e+03,2.723908232286363727e+03,2.692141368344518469e+03
5.744391351557943004e+00,2.809742097149083747e+03,2.757447768849500790e+03,2.607001166745310456e+03,2.808139991715881024e+03,2.322293791175954539e+03,2.324045899209304935e+03,2.728258646039597807e+03,2.710611322697235664e+03
5.750138616062592689e+00,2.830116249941728256e+03,2.757447763739351558e+03,2.607172094571244088e+03,2.830003832899411009e+03,2.323027620881243365e+03,2.324047292336347255e+03,2.725245817678604453e+03,2.709936892040882412e+03
5.755891630706343243e+00,2.808140147920057188e+03,2.757447758649599109e+03,2.607331873939861907e+03,2.807472175166872603e+03,2.327198547604307805e+03,2.323872543421292448e+03,2.725306641857297109e+03,2.710233447904578497e+03
5.761650401242202513e+00,2.818721615773352823e+03,2.757447753580163408e+03,2.607497532157108708e+03,2.817823874810036159e+03,2.322314609990668487e+03,2.323895652451617480e+03,2.732725308622658758e+03,2.723876602119036306e+03
5.767414933428949730e+00,2.866981798839402018e+03,2.757447748530964418e+03,2.607658738429586265e+03,2.866979272815149670e+03,2.322247988415242617e+03,2.323897172629604484e+03,2.737432027856108107e+03,2.684685197526467618e+03
5.773185233031117747e+00,2.821226167363287914e+03,2.757447743501920741e+03,2.607825581137029076e+03,2.821105389574638139e+03,2.325135964669889290e+03,2.323713043556557750e+03,2.730189739442182145e+03,2.686114963954837549e+03
5.778961305818993921e+00,2.838588454055774491e+03,2.757447738492952340e+03,2.607993933430963352e+03,2.838576805674487332e+03,2.323224998168539969e+03,2.323626345176489394e+03,2.726579143589619889e+03,2.677978808673516596e+03
5.784743157568644101e+00,2.798250973697483914e+03,2.757447733503976451e+03,2.608153890568335100e+03,2.796948849434983458e+03,2.322167404300790167e+03,2.323718175130305099e+03,2.726239035305633024e+03,2.694780531937792148e+03
5.790530794061934827e+00,2.786167352587336609e+03,2.757447728534915314e+03,2.608322948195108893e+03,2.782436718184206711e+03,2.322750236851414684e+03,2.323513083387333609e+03,2.731839178906644975e+03,2.699438911558986092e+03
5.796324221086499584e+00,2.786305672067815976e+03,2.757447723585691620e+03,2.608487970286754262e+03,2.781300990095604902e+03,2.324330524428999524e+03,2.323527791972665909e+03,2.726216533303931101e+03,2.711740004282033624e+03
5.802123444435761002e+00,2.818813433952028845e+03,2.757447718656222150e+03,2.608652984000841116e+03,2.818688522420464324e+03,2.322184819268585670e+03,2.323384296072897087e+03,2.740377011689112351e+03,2.693246007774794634e+03
5.807928469908952174e+00,2.801480781118061714e+03,2.757447713746429599e+03,2.608821045469713226e+03,2.798368111337320443e+03,2.322138781612563889e+03,2.323291770444347094e+03,2.742981111183826215e+03,2.724465574798474336e+03
5.813739303311101558e+00,2.802223221858029319e+03,2.757447708856235749e+03,2.608982549458760332e+03,2.799470496017151163e+03,2.323170403096437894e+03,2.323255645510202612e+03,2.748425329728948327e+03,2.696615796913399663e+03
5.819555950453048965e+00,2.853818365672822893e+03,2.757447703985562839e+03,2.609146892751863561e+03,2.853806236775937577e+03,2.323034435465433944e+03,2.323110482231820242e+03,2.752942844570702619e+03,2.693972566890175131e+03
5.825378417151428678e+00,2.840737714980153214e+03,2.757447699134330833e+03,2.609311298316382818e+03,2.840692461408009876e+03,2.322103188191745176e+03,2.323175654885675158e+03,2.759667888733245945e+03,2.700353804521933853e+03
5.831206709228703211e+00,2.845331127713511705e+03,2.757447694302465607e+03,2.609479892833585836e+03,2.845245116378993316e+03,2.322364081253174390e+03,2.322918742203868987e+03,2.771288724615286355e+03,2.706318889966390088e+03
5.837040832513174848e+00,2.825866858043887987e+03,2.757447689489885306e+03,2.609645176603422897e+03,2.825632344732165166e+03,2.323074586649318462e+03,2.322932507203173373e+03,2.760431587337551264e+03,2.714404863985555039e+03
5.842880792838966109e+00,2.798207019691697042e+03,2.757447684696519445e+03,2.609805945223296021e+03,2.795305193663965383e+03,2.322162731654332219e+03,2.322911810505383983e+03,2.761272366607772710e+03,2.698453685843944641e+03
5.848726596046033954e+00,2.815621409947843404e+03,2.757447679922283896e+03,2.609966282635641619e+03,2.815010918246627170e+03,2.322090101515588231e+03,2.322903833938400567e+03,2.757090982963530678e+03,2.690702216287087595e+03
5.854578247980187555e+00,2.799124951585260078e+03,2.757447675167106809e+03,2.610134721164397433e+03,2.796601442690180647e+03,2.322530989804817636e+03,2.322897611296987179e+03,2.753959592240473739e+03,2.706056490573299470e+03
5.860435754493077631e+00,2.838709775344249465e+03,2.757447670430914059e+03,2.610301199238932440e+03,2.838633519499411250e+03,2.322526729234673439e+03,2.322878863280952373e+03,2.753091195575012080e+03,2.704743277026243959e+03
5.866299121442202669e+00,2.835480955407245801e+03,2.757447665713625611e+03,2.610464797199928398e+03,2.835433240781829682e+03,2.322080980503986666e+03,2.322852925595746910e+03,2.746399155801937013e+03,2.699152055687171924e+03
5.872168354690941783e+00,2.818443012086100680e+03,2.757447661015165068e+03,2.610631571289619387e+03,2.818204462920971764e+03,2.322185647442423942e+03,2.322736112788902574e+03,2.740892183553212817e+03,2.706820926211424194e+03
5.878043460108524521e+00,2.853303879421816418e+03,2.757447656335460124e+03,2.610793105984536851e+03,2.853287273514331446e+03,2.322297979909059904e+03,2.322718348224426336e+03,2.743865991010444759e+03,2.699628826244435459e+03
5.883924443570055729e+00,2.856952464594334288e+03,2.757447651674435292e+03,2.610955574691523452e+03,2.856948716629593036e+03,2.322329312487140669e+03,2.322718873798914046e+03,2.733227006028644155e+03,2.687604200420186316e+03
5.889811310956534207e+00,2.829480818732633452e+03,2.757447647032017358e+03,2.611123684096019133e+03,2.829312605297500340e+03,2.322067265873717588e+03,2.322834236300690009e+03,2.730350857644091320e+03,2.706743687849085291e+03
5.895704068154811850e+00,2.859653238137158951e+03,2.757447642408130832e+03,2.611284876869885466e+03,2.859648720482550743e+03,2.322201981469217117e+03,2.322754576687439567e+03,2.731907142550082881e+03,2.700339782934008326e+03
5.901602721057637169e+00,2.818831050425180365e+03,2.757447637802700228e+03,2.611451914746633520e+03,2.818487368628346758e+03,2.322265865263456362e+03,2.322705762782631609e+03,2.725829625602525539e+03,2.702692602610994982e+03
5.907507275563670390e+00,2.796614234671400482e+03,2.757447633215654605e+03,2.611608948629309452e+03,2.791655294354291527e+03,2.322103953948371782e+03,2.322788989903191123e+03,2.745156996319697100e+03,2.705687404623397470e+03
5.913417737577481681e+00,2.799105008773058671e+03,2.757447628646920293e+03,2.611770123005567257e+03,2.794732159820433935e+03,2.322091735054805213e+03,2.322649831604303472e+03,2.740630359578910884e+03,2.716300955340744167e+03
5.919334113009535159e+00,2.819664578048151270e+03,2.757447624096421805e+03,2.611936550779475510e+03,2.819491575820983144e+03,2.322167116374985198e+03,2.322766070003146524e+03,2.739815824542105474e+03,2.698728671971784024e+03
5.925256407776182677e+00,2.821791270477439866e+03,2.757447619564086381e+03,2.612100601524627564e+03,2.821694674704379850e+03,2.322177617721891693e+03,2.322648688483546266e+03,2.732764562590807600e+03,2.691808386179218360e+03
5.931184627799723330e+00,2.825488373091595804e+03,2.757447615049845808e+03,2.612265922983464407e+03,2.825446447133615948e+03,2.322061187339298613e+03,2.322721970325173970e+03,2.725988011328862285e+03,2.689074228158558071e+03
5.937118779008377700e+00,2.865717236190723270e+03,2.757447610553624145e+03,2.612423857328821668e+03,2.865713081044072169e+03,2.322097623458222643e+03,2.322638481420774042e+03,2.730433857111691395e+03,2.704750958413811531e+03
5.943058867336307394e+00,2.838047882375476092e+03,2.757447606075348631e+03,2.612587002059569386e+03,2.837978617003106592e+03,2.322110933029193347e+03,2.322697024733987746e+03,2.735577534715505408e+03,2.715351316343779672e+03
5.949004898723619483e+00,2.828121013037623470e+03,2.757447601614952418e+03,2.612753478203028862e+03,2.828050768836938914e+03,2.322130769673957275e+03,2.322603974273742551e+03,2.741052966343036587e+03,2.704300460142359498e+03
5.954956879116325652e+00,2.822448358357523830e+03,2.757447597172357291e+03,2.612915262731301482e+03,2.821333378524483123e+03,2.322063273901721459e+03,2.322521770397210275e+03,2.764245679916468816e+03,2.706277050355193751e+03
5.960914814466399925e+00,2.796807919486598166e+03,2.757447592747498675e+03,2.613075063528256123e+03,2.792915365059323904e+03,2.322076288114770250e+03,2.322553626483403150e+03,2.751766416650359588e+03,2.694129770944007760e+03
5.966878710731783109e+00,2.843435392230323941e+03,2.757447588340302445e+03,2.613232222134763106e+03,2.843357882427234927e+03,2.322084307351288771e+03,2.322498925604730630e+03,2.737216764257630075e+03,2.715655613849919519e+03
5.972848573876380129e+00,2.817390961902425261e+03,2.757447583950699027e+03,2.613398351286695743e+03,2.817052721823502452e+03,2.322098620069211847e+03,2.322488013891771971e+03,2.746086237679902752e+03,2.691694095234296128e+03
5.978824409870049372e+00,2.808710214839014952e+03,2.757447579578616569e+03,2.613559804883650031e+03,2.807510062463623399e+03,2.322064647745483398e+03,2.322428731061212147e+03,2.743416480797738586e+03,2.705555339022966564e+03
5.984806224688617782e+00,2.830157480371336078e+03,2.757447575223986860e+03,2.613717034433989738e+03,2.830027689630654550e+03,2.322074427737083170e+03,2.322386003148916643e+03,2.746022316539111216e+03,2.699399066432407380e+03
5.990794024313909283e+00,2.848966183072433978e+03,2.757447570886740777e+03,2.613881665442521353e+03,2.848956590211987077e+03,2.322058729475367727e+03,2.322365523151292109e+03,2.742684491845285720e+03,2.682606599619211920e+03
5.996787814733730571e+00,2.807349705962803910e+03,2.757447566566806927e+03,2.614042684244085649e+03,2.804885615823684475e+03,2.322077133381500971e+03,2.322352557948206595e+03,2.756100622488163026e+03,2.723357911788489218e+03
6.002787601941869333e+00,2.790965608059715123e+03,2.757447562264116641e+03,2.614198029780499837e+03,2.778416789696561409e+03,2.322059437818987135e+03,2.322334520130493729e+03,2.756414216772433974e+03,2.701021125879036390e+03
6.008793391938100470e+00,2.795434392285679678e+03,2.757447557978602617e+03,2.614359422938866828e+03,2.793362526430208163e+03,2.322063738750441644e+03,2.322291516173249875e+03,2.746409154454510372e+03,2.674826874443374891e+03
6.014805190728217177e+00,2.833781668518235165e+03,2.757447553710195734e+03,2.614520835611469920e+03,2.833552179365814482e+03,2.322062010780046421e+03,2.322304331040691523e+03,2.753040638283759563e+03,2.717151605143113102e+03
6.020823004324018513e+00,2.809771419311879527e+03,2.757447549458826870e+03,2.614679745186524997e+03,2.808858523557295030e+03,2.322058097060868477e+03,2.322329948681981023e+03,2.739276498331326820e+03,2.725252670755482541e+03
6.026846838743329826e+00,2.788116076754899950e+03,2.757447545224429632e+03,2.614838542872021662e+03,2.778850752697857843e+03,2.322053264846495949e+03,2.322357548530889289e+03,2.745106489729772420e+03,2.716636107744820492e+03
6.032876700009986770e+00,2.813533493327649921e+03,2.757447541006934898e+03,2.614998264764953547e+03,2.813012451229344151e+03,2.322057467151118999e+03,2.322327174557192393e+03,2.742650393449564035e+03,2.724837926193590192e+03
6.038912594153840629e+00,2.811977327614248679e+03,2.757447536806272183e+03,2.615158469980321570e+03,2.809168550881274314e+03,2.322059701526154640e+03,2.322376279759744648e+03,2.761399192859221785e+03,2.702329823570809367e+03
6.044954527210789408e+00,2.850643094510899118e+03,2.757447532622381914e+03,2.615313485555363059e+03,2.850537543790472228e+03,2.322051306006114373e+03,2.322389285267543073e+03,2.752176567119675838e+03,2.716111108055924433e+03
6.051002505222770722e+00,2.879640336915737862e+03,2.757447528455190877e+03,2.615473127994590868e+03,2.879628255137580709e+03,2.322050506788420989e+03,2.322380665612698522e+03,2.759159367047053365e+03,2.715355835678882158e+03
6.057056534237768020e+00,2.815511094046082690e+03,2.757447524304634044e+03,2.615630123418592120e+03,2.814740127103239047e+03,2.322053279606672277e+03,2.322382562633134512e+03,2.737852876083789397e+03,2.719280557776734440e+03
6.063116620309810578e+00,2.816883555612339023e+03,2.757447520170645930e+03,2.615787546689443843e+03,2.816135874256830903e+03,2.322055619829060561e+03,2.322363207892683931e+03,2.745534302504456264e+03,2.720608037876153048e+03
6.069182769498975283e+00,2.851998699185065107e+03,2.757447516053159234e+03,2.615946622878525432e+03,2.851971287610676882e+03,2.322049819397514966e+03,2.322390596569794070e+03,2.751018532900743594e+03,2.728816655792779784e+03
6.075254987871400836e+00,2.845573352432264528e+03,2.757447511952108925e+03,2.616100699369255835e+03,2.845412560987133929e+03,2.322047749656977430e+03,2.322399609340325696e+03,2.743441935183864189e+03,2.732389231369917070e+03
6.081333281499319732e+00,2.803317196731660715e+03,2.757447507867430431e+03,2.616257500670219088e+03,2.797585883639852455e+03,2.322050408374665949e+03,2.322419352492175676e+03,2.755612694018659568e+03,2.727789906605927627e+03
6.087417656461035165e+00,2.799085505432657556e+03,2.757447503799054175e+03,2.616415185322160596e+03,2.795922635749417623e+03,2.322052758120064937e+03,2.322416658213188839e+03,2.745208444564726506e+03,2.725089031923975199e+03
6.093508118840905929e+00,2.795349332380096712e+03,2.757447499746920130e+03,2.616574789122787024e+03,2.788803007920734672e+03,2.322048277012585004e+03,2.322383977458107893e+03,2.752813181434203671e+03,2.737656032845509799e+03
6.099604674729400600e+00,2.797593375329005539e+03,2.757447495710960084e+03,2.616730427404515012e+03,2.793398499085826188e+03,2.322047126476932590e+03,2.322406520530842499e+03,2.749763416670392871e+03,2.728670904417445854e+03
6.105707330223096641e+00,2.837254782836915638e+03,2.757447491691110372e+03,2.616886513881497194e+03,2.837129554798690151e+03,2.322048480996390026e+03,2.322430519697066302e+03,2.744563845209402189e+03,2.738984919662944321e+03
6.111816091424632447e+00,2.843083318605301429e+03,2.757447487687308694e+03,2.617041162014448219e+03,2.842991659284399702e+03,2.322050119881253522e+03,2.322443172447349752e+03,2.746629514747860867e+03,2.740532592929742350e+03
6.117930964442756192e+00,2.833558744466238295e+03,2.757447483699488203e+03,2.617195068892775907e+03,2.833320119428366070e+03,2.322047405973103650e+03,2.322425930439031163e+03,2.738045963019112151e+03,2.741393063012551465e+03
6.124051955392354252e+00,2.793375957261099757e+03,2.757447479727587961e+03,2.617351924439006780e+03,2.778827458247400500e+03,2.322047072586325157e+03,2.322416662788464237e+03,2.758732803303270430e+03,2.734574651583393006e+03
6.130179070394425445e+00,2.792350393427489053e+03,2.757447475771541122e+03,2.617510068951535231e+03,2.760748597795898604e+03,2.322047116980312239e+03,2.322425112019675908e+03,2.751041973517967108e+03,2.762780413783311360e+03
6.136312315576074816e+00,2.791923908710770320e+03,2.757447471831285839e+03,2.617661386258157563e+03,2.768619054406660325e+03,2.322048508853241856e+03,2.322433717868630993e+03,2.743993743876215376e+03,2.756898011596402739e+03
6.142451697070549166e+00,2.823804321849422649e+03,2.757447467906758902e+03,2.617817184834557338e+03,2.822245836419282114e+03,2.322046876944767519e+03,2.322447345530575149e+03,2.743613648699714304e+03,2.753461413369064758e+03
6.148597221017229941e+00,2.805252711106661536e+03,2.757447463997898467e+03,2.617973297871430077e+03,2.799106935623476147e+03,2.322046871159776401e+03,2.322420358062840023e+03,2.748933206584526943e+03,2.767072283123554826e+03
6.154748893561649226e+00,2.811512935508357714e+03,2.757447460104642232e+03,2.618124311975636374e+03,2.805427198698692791e+03,2.322046476086501116e+03,2.322450447100705333e+03,2.739655251830382895e+03,2.767139829843061307e+03
6.160906720855490626e+00,2.846783357921577135e+03,2.757447456226925624e+03,2.618277827389629238e+03,2.846659256591142821e+03,2.322047526817497783e+03,2.322465739622105502e+03,2.745609428121266774e+03,2.753184070995584079e+03
6.167070709056560851e+00,2.814332316712864667e+03,2.757447452364689525e+03,2.618434402820045761e+03,2.812279132765379927e+03,2.322046527012301794e+03,2.322420166022915964e+03,2.761098193861417258e+03,2.759438423233384128e+03
6.173240864328839450e+00,2.805326831710011447e+03,2.757447448517870725e+03,2.618586811530751220e+03,2.801300031419056722e+03,2.322046565051529342e+03,2.322399613986754957e+03,2.744104271657917252e+03,2.764789076651560663e+03
6.179417192842490358e+00,2.801778515979370241e+03,2.757447444686407380e+03,2.618739430259333858e+03,2.796269786995836512e+03,2.322046239915380738e+03,2.322411994494414103e+03,2.739656114530741888e+03,2.740790695680970202e+03
6.185599700773855680e+00,2.851835584582023785e+03,2.757447440870236733e+03,2.618890198662591047e+03,2.851372341978010809e+03,2.322046845066715832e+03,2.322416101447660367e+03,2.742975275424584197e+03,2.758631659424661848e+03
6.191788394305445031e+00,2.798575236641979245e+03,2.757447437069299667e+03,2.619042142292375047e+03,2.792091761492447858e+03,2.322046329468891145e+03,2.322425379830615384e+03,2.747797868961451968e+03,2.739952315313016697e+03
6.197983279625936426e+00,2.790976852972525649e+03,2.757447433283537066e+03,2.619194939315559623e+03,2.772984359914858487e+03,2.322046319194818807e+03,2.322430508455297968e+03,2.750836575121604255e+03,2.755116257691858209e+03
6.204184362930218910e+00,2.789146238307699150e+03,2.757447429512884810e+03,2.619347136406605387e+03,2.783516768720830441e+03,2.322046128974850944e+03,2.322413256760675267e+03,2.738870342118181270e+03,2.737751220435382038e+03
6.210391650419380127e+00,2.797574585059088349e+03,2.757447425757286055e+03,2.619498791422955946e+03,2.786091728555518785e+03,2.322046375994476421e+03,2.322393861896477119e+03,2.756543782167567315e+03,2.757689807388519966e+03
6.216605148300705430e+00,2.790369748526352851e+03,2.757447422016677137e+03,2.619649706266514841e+03,2.783794460745318702e+03,2.322046211171854793e+03,2.322394722051863027e+03,2.744195256869557852e+03,2.729226804150373937e+03
6.222824862787705413e+00,2.813806815475767053e+03,2.757447418291000758e+03,2.619801468461058448e+03,2.811710533169992686e+03,2.322046107063985801e+03,2.322421970917311228e+03,2.739499210173783922e+03,2.738234090189067047e+03
6.229050800100091934e+00,2.781548756224403405e+03,2.757447414580195073e+03,2.619951156525709393e+03,2.757333113934383164e+03,2.322046078892690275e+03,2.322414502054265995e+03,2.745293217617297614e+03,2.747226727250925251e+03
6.235282966463795873e+00,2.793673011874016538e+03,2.757447410884202782e+03,2.620098341669307047e+03,2.785929989152853523e+03,2.322046033668649670e+03,2.322409712825062343e+03,2.742810012763078703e+03,2.732259869642904960e+03
6.241521368110990231e+00,2.804941645073715335e+03,2.757447407202966133e+03,2.620246489505460886e+03,2.802830572139068408e+03,2.322046217919775245e+03,2.322420839555314615e+03,2.748447521405495536e+03,2.748772284108108124e+03
6.247766011280060816e+00,2.788591897644673281e+03,2.757447403536423280e+03,2.620398502696401920e+03,2.772591508077608523e+03,2.322045967365841534e+03,2.322421872903104486e+03,2.743563292409941823e+03,2.744187549335664244e+03
6.254016902215655982e+00,2.777803531790359102e+03,2.757447399884516926e+03,2.620548743711987754e+03,2.751595704809873041e+03,2.322046055197906753e+03,2.322407410524646821e+03,2.750852431175229867e+03,2.738856213378470784e+03
6.260274047168676859e+00,2.785672075302464236e+03,2.757447396247185679e+03,2.620695887170460082e+03,2.758116976043047543e+03,2.322045918812899799e+03,2.322402490792054778e+03,2.744783753250954760e+03,2.761903155291714029e+03
6.266537452396248931e+00,2.796901308167693060e+03,2.757447392624377699e+03,2.620845811818040147e+03,2.789382868335168496e+03,2.322046148481003456e+03,2.322422316944690920e+03,2.749375052964153383e+03,2.745346605236411506e+03
6.272807124161806414e+00,2.796992147511035910e+03,2.757447389016028410e+03,2.620991929515836546e+03,2.788534236606653849e+03,2.322045914384851585e+03,2.322381059417409233e+03,2.741683432204719338e+03,2.745416928295584512e+03
6.279083068735026529e+00,2.787425478633458624e+03,2.757447385422083698e+03,2.621141666797163452e+03,2.779696325258698835e+03,2.322046007888921849e+03,2.322366591633776352e+03,2.738268331432276682e+03,2.739205027079935462e+03
6.285365292391837500e+00,2.793972498210205231e+03,2.757447381842486266e+03,2.621287696737648730e+03,2.785908817503013779e+03,2.322045890359356690e+03,2.322357603276006103e+03,2.741932020897721031e+03,2.745027878125823918e+03
6.291653801414451408e+00,2.793048605183660129e+03,2.757447378277176540e+03,2.621432266015656296e+03,2.782826359798944850e+03,2.322046048609355694e+03,2.322359046292425319e+03,2.747455637569197279e+03,2.717416506522729833e+03
6.297948602091397063e+00,2.782100451680663355e+03,2.757447374726099952e+03,2.621583500456041747e+03,2.748134166876285235e+03,2.322045891695063347e+03,2.322384192892099691e+03,2.763487214336107172e+03,2.741521206764851286e+03
6.304249700717476479e+00,2.777650751477531685e+03,2.757447371189199202e+03,2.621727871419103849e+03,2.752471146921528543e+03,2.322045962004491685e+03,2.322384308563407103e+03,2.748882848714287320e+03,2.735017964943500829e+03
6.310557103593776418e+00,2.773726792184709666e+03,2.757447367666414721e+03,2.621871861430548506e+03,2.751152332851148913e+03,2.322045878735068982e+03,2.322355005892135978e+03,2.747988726804743237e+03,2.713714666866291736e+03
6.316870817027705698e+00,2.793445701550637750e+03,2.757447364157693755e+03,2.622019958119908551e+03,2.790572358253504717e+03,2.322045981783983279e+03,2.322400268380917169e+03,2.738534899091109764e+03,2.730628541184001278e+03
6.323190847332971209e+00,2.778837493182484650e+03,2.757447360662979008e+03,2.622164769614107627e+03,2.755054473341352605e+03,2.322045882061931934e+03,2.322425049135717018e+03,2.745800519357535450e+03,2.735343825575434039e+03
6.329517200829613444e+00,2.786360507237711317e+03,2.757447357182215001e+03,2.622307634081684682e+03,2.766446796358477513e+03,2.322045926978877560e+03,2.322426000919019316e+03,2.749465203946252586e+03,2.742679277383769204e+03
6.335849883843988728e+00,2.804378782129928368e+03,2.757447353715343979e+03,2.622452358094083138e+03,2.802342224802844157e+03,2.322045873132861743e+03,2.322435168861981765e+03,2.743515876091519658e+03,2.726593436330261284e+03
6.342188902708794096e+00,2.849954103485500582e+03,2.757447350262313648e+03,2.622597170649724376e+03,2.849876135343178248e+03,2.322045931192402350e+03,2.322461348224921949e+03,2.758651324406159802e+03,2.737561977448933249e+03
6.348534263763021102e+00,2.819260919886281954e+03,2.757447346823066255e+03,2.622741113597367985e+03,2.818573237552054707e+03,2.322045879927666647e+03,2.322480250492422783e+03,2.749698583086487815e+03,2.716727942340963182e+03
6.354885973352025097e+00,2.798602547645552477e+03,2.757447343397547229e+03,2.622882022138797765e+03,2.796007008321633748e+03,2.322045902916502655e+03,2.322515293330195163e+03,2.752775852081059384e+03,2.720294289860688423e+03
6.361244037827539444e+00,2.792620898723180289e+03,2.757447339985705639e+03,2.623025750302418601e+03,2.776540412806232325e+03,2.322045870746143919e+03,2.322494045858580648e+03,2.756556719349203377e+03,2.738738692415522564e+03
6.367608463547620445e+00,2.827032092518252284e+03,2.757447336587481004e+03,2.623167061548709171e+03,2.826757996289360563e+03,2.322045885926716437e+03,2.322503391394729988e+03,2.749905701131937349e+03,2.709167307877349685e+03
6.373979256876697086e+00,2.829999506363527416e+03,2.757447333202821483e+03,2.623308164988374301e+03,2.829819119688273076e+03,2.322045893040114152e+03,2.322511343126442171e+03,2.752206886584129279e+03,2.705852207946972158e+03
6.380356424185564812e+00,2.792949726727023972e+03,2.757447329831671595e+03,2.623452638011232466e+03,2.784056662031360702e+03,2.322045884768153883e+03,2.322559268313202210e+03,2.762035342337427664e+03,2.724834204638274059e+03
6.386739971851378428e+00,2.812398016848175757e+03,2.757447326473979047e+03,2.623592446712542369e+03,2.811478502852166912e+03,2.322045871038710175e+03,2.322481177831705736e+03,2.751968551931024649e+03,2.728792079738430857e+03
6.393129906257698281e+00,2.812396918336562976e+03,2.757447323129693814e+03,2.623734281327297140e+03,2.810251379219630508e+03,2.322045874127051775e+03,2.322503795463145252e+03,2.761499166310066812e+03,2.734477689751900471e+03
6.399526233794450292e+00,2.803243327145355124e+03,2.757447319798754506e+03,2.623873044975355242e+03,2.801114678856086812e+03,2.322045885375139733e+03,2.322524072211112525e+03,2.757429925468793499e+03,2.714052227439346098e+03
6.405928960857969479e+00,2.831157696680684239e+03,2.757447316481112921e+03,2.624009635240990519e+03,2.829864242148818448e+03,2.322045869204005612e+03,2.322487433551993490e+03,2.756726196305160556e+03,2.743642632802650496e+03
6.412338093850993737e+00,2.862040246726748592e+03,2.757447313176712669e+03,2.624149271837580727e+03,2.862030102724685094e+03,2.322045876380386289e+03,2.322482102641106849e+03,2.763806270233918895e+03,2.713339187086040056e+03
6.418753639182644299e+00,2.876568302982504520e+03,2.757447309885505547e+03,2.624288657320157654e+03,2.876560840632407235e+03,2.322045867259199440e+03,2.322450674244624679e+03,2.760644337765221735e+03,2.725595463974259928e+03
6.425175603268466595e+00,2.821902697648850335e+03,2.757447306607435166e+03,2.624427867256260924e+03,2.820407670679076546e+03,2.322045879059612162e+03,2.322444666399365815e+03,2.772017653971597611e+03,2.716978465783588035e+03
6.431603992530423142e+00,2.844241223853924112e+03,2.757447303342452415e+03,2.624565251701411853e+03,2.844171797332059668e+03,2.322045866629349348e+03,2.322404570915431123e+03,2.769113444817478921e+03,2.712828198017851264e+03
6.438038813396905091e+00,2.818578188774300543e+03,2.757447300090499994e+03,2.624701285611235107e+03,2.816035115992332976e+03,2.322045873403551923e+03,2.322390832144048090e+03,2.777338559642406381e+03,2.719788789288606949e+03
6.444480072302737561e+00,2.802035895894163787e+03,2.757447296851530155e+03,2.624838440977467599e+03,2.795133666652469401e+03,2.322045865310171848e+03,2.322359094854122759e+03,2.772974231363485160e+03,2.704617668449470330e+03
6.450927775689183186e+00,2.839464878055693134e+03,2.757447293625488783e+03,2.624973999333210031e+03,2.839158947634042306e+03,2.322045869516618950e+03,2.322336863520529278e+03,2.777448111027490995e+03,2.708771650912315636e+03
6.457381930003952775e+00,2.810336417879554119e+03,2.757447290412327220e+03,2.625107251872067536e+03,2.799413420456831773e+03,2.322045869934908296e+03,2.322306203225155514e+03,2.788698598968218448e+03,2.724314907228531411e+03
6.463842541701190214e+00,2.802793584175125488e+03,2.757447287211989078e+03,2.625244367207458254e+03,2.791863135927634175e+03,2.322045869723201122e+03,2.322286988889257827e+03,2.777933085888672849e+03,2.717218054015051166e+03
6.470309617241494671e+00,2.843966625229741112e+03,2.757447284024429337e+03,2.625377943739730199e+03,2.843436325412421411e+03,2.322045864998216985e+03,2.322247603450630777e+03,2.787481690662962592e+03,2.715719076213043081e+03
6.476783163091950790e+00,2.839864243893505773e+03,2.757447280849591607e+03,2.625511945754228236e+03,2.839114869016221746e+03,2.322045866901521094e+03,2.322229359987079533e+03,2.788513941646638614e+03,2.715233492025473879e+03
6.483263185726115374e+00,2.855603399812804582e+03,2.757447277687427686e+03,2.625643998720757281e+03,2.855159268572960173e+03,2.322045868153720221e+03,2.322198617145495064e+03,2.791710756429512458e+03,2.725280781953993937e+03
6.489749691624008499e+00,2.847453167198361371e+03,2.757447274537887552e+03,2.625775897827941208e+03,2.846054505073077507e+03,2.322045865877672441e+03,2.322188820395064340e+03,2.790863786180113948e+03,2.717192279520728789e+03
6.496242687272123284e+00,2.860225744602824761e+03,2.757447271400919362e+03,2.625907959002199277e+03,2.859322554886238777e+03,2.322045866236843267e+03,2.322162157376107643e+03,2.791911850952350505e+03,2.711730237517192563e+03
6.502742179163472080e+00,2.834120314862259420e+03,2.757447268276471732e+03,2.626040597977338166e+03,2.829994450468875584e+03,2.322045865567290548e+03,2.322146757734034509e+03,2.796995844694947664e+03,2.717812904703443110e+03
6.509248173797546499e+00,2.819294760247492377e+03,2.757447265164499640e+03,2.626170393809851248e+03,2.811789339872581877e+03,2.322045865613484239e+03,2.322132199386373941e+03,2.788498954229230094e+03,2.712870946189911592e+03
6.515760677680336066e+00,2.831087147834798998e+03,2.757447262064947608e+03,2.626297716153377678e+03,2.828328870876150177e+03,2.322045865583764225e+03,2.322121760092725253e+03,2.782133926224441893e+03,2.713975312347357885e+03
6.522279697324339764e+00,2.849363496005881643e+03,2.757447258977769252e+03,2.626427510982501190e+03,2.849284298078366191e+03,2.322045865799984767e+03,2.322113680323217068e+03,2.762683275524700093e+03,2.732627406519955457e+03
6.528805239248585579e+00,2.828034176334942913e+03,2.757447255902915003e+03,2.626557044453118579e+03,2.827811783066749740e+03,2.322045864373552831e+03,2.322106084384850419e+03,2.759091535560228749e+03,2.708299389655203868e+03
6.535337309978614506e+00,2.797421081460498499e+03,2.757447252840334386e+03,2.626685458017475867e+03,2.793827460808510750e+03,2.322045864897135743e+03,2.322099923864139782e+03,2.757446906357308308e+03,2.710685281824301001e+03
6.541875916046493877e+00,2.831927659667848275e+03,2.757447249789978741e+03,2.626811358608527826e+03,2.831802957229383537e+03,2.322045865447783399e+03,2.322096969384191198e+03,2.752747237383280208e+03,2.724375169585379808e+03
6.548421063990834234e+00,2.828693140518171276e+03,2.757447246751799867e+03,2.626936114791064028e+03,2.828641864424392224e+03,2.322045865130750826e+03,2.322091577535264605e+03,2.743415055868712898e+03,2.699275511323588489e+03
6.554972760356782224e+00,2.845640141588546157e+03,2.757447243725748649e+03,2.627065029978922666e+03,2.845582774628091101e+03,2.322045864273823554e+03,2.322089140848739135e+03,2.746141201399052534e+03,2.732429104138284856e+03
6.561531011696033922e+00,2.822433028669755458e+03,2.757447240711778250e+03,2.627186835844415782e+03,2.822258624100981706e+03,2.322045864627162700e+03,2.322091781463730058e+03,2.745574906152460699e+03,2.717642963787828648e+03
6.568095824566835716e+00,2.843891828577133765e+03,2.757447237709837736e+03,2.627313147997595479e+03,2.843863777130786730e+03,2.322045864534839893e+03,2.322086778304709242e+03,2.737540292301462614e+03,2.715392676359399502e+03
6.574667205534010073e+00,2.861834452682031497e+03,2.757447234719881180e+03,2.627435069701624798e+03,2.861830038073270316e+03,2.322045864567238823e+03,2.322085514050880647e+03,2.731915805991964135e+03,2.714301177633509269e+03
6.581245161168946645e+00,2.833232323983646438e+03,2.757447231741859468e+03,2.627558954429226560e+03,2.833201565086746541e+03,2.322045864558090670e+03,2.322083429907741447e+03,2.726754900294272829e+03,2.709859595300791625e+03
6.587829698049590732e+00,2.841774689965739071e+03,2.757447228775726671e+03,2.627681357495129305e+03,2.841744249216250864e+03,2.322045864286988490e+03,2.322081533458937429e+03,2.741565034781463510e+03,2.705575943808709326e+03
6.594420822760478806e+00,2.855745241415875626e+03,2.757447225821432312e+03,2.627802471850603979e+03,2.855727206759358978e+03,2.322045864103258737e+03,2.322080471163385027e+03,2.724816951279707155e+03,2.733594698974912262e+03
6.601018541892749170e+00,2.829699533976009661e+03,2.757447222878932735e+03,2.627919997716925536e+03,2.829515116355006739e+03,2.322045864577810789e+03,2.322076168387602593e+03,2.729264892240139488e+03,2.728691762640398792e+03
6.607622862044109979e+00,2.807754693913554092e+03,2.757447219948178827e+03,2.628039477274470755e+03,2.806547610699458346e+03,2.322045864304478528e+03,2.322077401742005350e+03,2.728036352137850372e+03,2.711522630757536263e+03
6.614233789818874776e+00,2.841436899972516130e+03,2.757447217029125568e+03,2.628157108422184592e+03,2.841416352951530371e+03,2.322045864086621350e+03,2.322074326866657884e+03,2.727065351771304449e+03,2.716953560680276951e+03
6.620851331827975805e+00,2.849252541941668369e+03,2.757447214121721572e+03,2.628273582044232626e+03,2.849244846504349425e+03,2.322045864156526022e+03,2.322073140785371834e+03,2.732975463570413012e+03,2.694519325165901591e+03
6.627475494688961355e+00,2.850473034483847641e+03,2.757447211225925457e+03,2.628388661275463164e+03,2.850456506864991297e+03,2.322045864067631555e+03,2.322071010349581229e+03,2.720539699013099380e+03,2.731516500792462921e+03
6.634106285025994865e+00,2.879145538281390145e+03,2.757447208341686292e+03,2.628505038726808834e+03,2.879144482092185171e+03,2.322045864244586937e+03,2.322066459669786582e+03,2.724016677433404311e+03,2.718296941194761530e+03
6.640743709469856704e+00,2.860256276652574343e+03,2.757447205468963148e+03,2.628618508651882621e+03,2.860253831832998003e+03,2.322045864165295370e+03,2.322066264814665374e+03,2.726365490701306953e+03,2.716371081041669640e+03
6.647387774657984139e+00,2.813619512127546841e+03,2.757447202607707823e+03,2.628732384146820550e+03,2.813005303552748956e+03,2.322045864087849168e+03,2.322062362982477680e+03,2.731557011058965600e+03,2.713559314820380223e+03
6.654038487234453569e+00,2.801641951118332145e+03,2.757447199757872568e+03,2.628847063767190321e+03,2.799918854416150680e+03,2.322045863979468777e+03,2.322062597264799024e+03,2.729082635903082064e+03,2.717253151988958507e+03
6.660695853849973425e+00,2.819238502046017402e+03,2.757447196919412818e+03,2.628957285315959780e+03,2.819106317674266393e+03,2.322045864168291246e+03,2.322061420385623023e+03,2.724474494674792368e+03,2.715313376733987752e+03
6.667359881161896595e+00,2.814829037220174087e+03,2.757447194092286281e+03,2.629066003081441977e+03,2.814208041436432268e+03,2.322045864061955399e+03,2.322058240838205620e+03,2.730342073840283319e+03,2.726451560481224078e+03
6.674030575834251522e+00,2.838317234136603929e+03,2.757447191276445210e+03,2.629178030513786325e+03,2.838274068804620583e+03,2.322045864010217429e+03,2.322057879827284978e+03,2.717801091845331030e+03,2.723876503764187873e+03
6.680707944537742193e+00,2.837043620882931918e+03,2.757447188471843219e+03,2.629284933343857574e+03,2.837017248415636914e+03,2.322045864015200550e+03,2.322056119577416212e+03,2.723187658698123414e+03,2.702128123912466890e+03
6.687391993949729496e+00,2.822746747390729979e+03,2.757447185678437108e+03,2.629389966658291542e+03,2.822521176900992941e+03,2.322045863986527365e+03,2.322057282989809210e+03,2.717455052869812789e+03,2.725642955858397272e+03
6.694082730754263189e+00,2.793738601855803608e+03,2.757447182896181403e+03,2.629497366316394618e+03,2.788346410228757577e+03,2.322045864051459375e+03,2.322056560089026789e+03,2.735307285631185096e+03,2.725889239214354347e+03
6.700780161642089006e+00,2.796708331491030094e+03,2.757447180125032446e+03,2.629600907248186104e+03,2.792073082731998056e+03,2.322045864034194437e+03,2.322054426501867965e+03,2.740305389605134224e+03,2.710974850065895225e+03
6.707484293310629120e+00,2.840318762547486131e+03,2.757447177364946128e+03,2.629706604822995359e+03,2.840299081266428857e+03,2.322045863985259530e+03,2.322056434443639318e+03,2.729402019418014788e+03,2.717656239271053437e+03
6.714195132464017668e+00,2.850677870694554258e+03,2.757447174615876975e+03,2.629808218494146786e+03,2.850667577229881317e+03,2.322045863960070619e+03,2.322055650734956089e+03,2.735802852671062283e+03,2.715546676566904807e+03
6.720912685813111409e+00,2.829837230159223054e+03,2.757447171877779965e+03,2.629905953239969676e+03,2.829798105535501691e+03,2.322045863992318573e+03,2.322053952712363753e+03,2.726666515869647810e+03,2.710798206448377186e+03
6.727636960075452421e+00,2.821661310457331183e+03,2.757447169150617356e+03,2.630007320042349875e+03,2.821517785940730846e+03,2.322045863981999446e+03,2.322056018474265784e+03,2.747437771000265457e+03,2.704775840837318356e+03
6.734367961975309846e+00,2.798091525143953731e+03,2.757447166434337760e+03,2.630106213838179883e+03,2.792963530633234313e+03,2.322045863987054872e+03,2.322053689098558607e+03,2.745656579710637743e+03,2.742513172344606119e+03
6.741105698243684330e+00,2.792843576774875146e+03,2.757447163728901160e+03,2.630205600713924923e+03,2.777421550520229175e+03,2.322045863969056882e+03,2.322054754088223490e+03,2.768048752732225694e+03,2.724101283800533110e+03
6.747850175618313351e+00,2.819089755582972430e+03,2.757447161034265264e+03,2.630299968740426266e+03,2.818574016925859269e+03,2.322045863957402162e+03,2.322054857189961695e+03,2.761931033688393200e+03,2.719721189449225676e+03
6.754601400843687209e+00,2.806060749189873604e+03,2.757447158350386871e+03,2.630395328855666776e+03,2.805408689463809424e+03,2.322045863976699820e+03,2.322054588568098552e+03,2.748686774187311130e+03,2.713129897136547243e+03
6.761359380671026820e+00,2.785676898720797453e+03,2.757447155677220962e+03,2.630489423989522493e+03,2.777134458376340717e+03,2.322045863975201883e+03,2.322055107604141085e+03,2.753816689492545265e+03,2.704939072049712195e+03
6.768124121858306808e+00,2.809873203397852649e+03,2.757447153014725700e+03,2.630581354828726489e+03,2.809385944137515708e+03,2.322045863953316257e+03,2.322056372286472197e+03,2.754668552993386129e+03,2.716814415545459724e+03
6.774895631170273269e+00,2.840539205493096233e+03,2.757447150362859247e+03,2.630671258714547093e+03,2.840500050091003232e+03,2.322045863952927903e+03,2.322054022246405111e+03,2.754110279947535219e+03,2.710992121351420792e+03
6.781673915378440221e+00,2.819722722252920903e+03,2.757447147721579313e+03,2.630763580722249571e+03,2.818540513298253700e+03,2.322045863951148021e+03,2.322055925700925400e+03,2.766068805046412308e+03,2.712215613010067045e+03
6.788458981261083380e+00,2.844863602968360283e+03,2.757447145090842241e+03,2.630851654679268449e+03,2.844744420699650163e+03,2.322045863962356634e+03,2.322057126655198772e+03,2.763186496984065343e+03,2.700421586276663675e+03
6.795250835603268591e+00,2.847037137877125588e+03,2.757447142470606195e+03,2.630938874078128265e+03,2.846994858191612821e+03,2.322045863960307088e+03,2.322055135811210675e+03,2.754992698505332555e+03,2.720519938798775911e+03
6.802049485196856260e+00,2.800572797415363766e+03,2.757447139860831157e+03,2.631024966636059162e+03,2.797001943144718098e+03,2.322045863951704632e+03,2.322055139410525953e+03,2.750300502389783105e+03,2.731357224308952027e+03
6.808854936840481820e+00,2.796738324703543640e+03,2.757447137261470743e+03,2.631112019025041718e+03,2.793708833527114166e+03,2.322045863945518249e+03,2.322057181209366718e+03,2.752627812609296143e+03,2.733902171864889624e+03
6.815667197339611683e+00,2.810651749434952308e+03,2.757447134672490847e+03,2.631193225552411604e+03,2.810386725436516826e+03,2.322045863946302234e+03,2.322056532895577220e+03,2.750469392239982881e+03,2.710481587610100178e+03
6.822486273506513932e+00,2.816412926477687051e+03,2.757447132093844175e+03,2.631276168533255259e+03,2.813819915687047342e+03,2.322045863955231653e+03,2.322055145428731521e+03,2.768263015678996453e+03,2.708929243214679445e+03
6.829312172160262762e+00,2.831597101439099333e+03,2.757447129525490709e+03,2.631357550242542402e+03,2.831492832983621611e+03,2.322045863950068451e+03,2.322056696940432630e+03,2.749469660199233658e+03,2.716599509833306001e+03
6.836144900126753576e+00,2.810361898076374473e+03,2.757447126967389067e+03,2.631437402665032550e+03,2.809286110749407726e+03,2.322045863947904763e+03,2.322057072398800301e+03,2.757318739393265787e+03,2.706047917971623065e+03
6.842984464238716313e+00,2.795890013341022495e+03,2.757447124419500597e+03,2.631516532901736809e+03,2.793467895109553865e+03,2.322045863944592384e+03,2.322056402355974114e+03,2.749842326347998551e+03,2.703540490066270195e+03
6.849830871335718996e+00,2.820526162806808316e+03,2.757447121881782095e+03,2.631592735357630318e+03,2.820214834411121956e+03,2.322045863944342273e+03,2.322054625952509923e+03,2.756632859180615924e+03,2.705897817324046173e+03
6.856684128264157962e+00,2.843009556753447214e+03,2.757447119354194456e+03,2.631677342188321290e+03,2.842994151505601621e+03,2.322045863950151670e+03,2.322056729568252194e+03,2.738789022119293350e+03,2.721746784501055572e+03
6.863544241877307606e+00,2.867046423973919900e+03,2.757447116836697660e+03,2.631757810170010998e+03,2.867023754710477988e+03,2.322045863945003020e+03,2.322056636157130470e+03,2.764264060863432405e+03,2.724693391123671063e+03
6.870411219035265304e+00,2.833930655335526353e+03,2.757447114329247597e+03,2.631838741899080105e+03,2.833821459348622284e+03,2.322045863943561471e+03,2.322056567000009181e+03,2.747937114562043917e+03,2.712663946793774812e+03
6.877285066604999386e+00,2.816796113003451865e+03,2.757447111831809252e+03,2.631922390258629548e+03,2.816393631348073086e+03,2.322045863943297263e+03,2.322055895926815083e+03,2.748106543070047337e+03,2.731187074911123545e+03
6.884165791460373995e+00,2.818570011345139847e+03,2.757447109344337605e+03,2.631996784361556820e+03,2.818088552484761294e+03,2.322045863944788834e+03,2.322055490743659448e+03,2.754927018644770214e+03,2.722507892631685536e+03
6.891053400482105573e+00,2.792954383854395928e+03,2.757447106866798094e+03,2.632075549285789748e+03,2.788401124570244974e+03,2.322045863945244037e+03,2.322055461437103077e+03,2.755119704037175779e+03,2.705329243026014865e+03
6.897947900557812595e+00,2.790192184082062340e+03,2.757447104399148429e+03,2.632152523051681783e+03,2.781950174040810907e+03,2.322045863943887980e+03,2.322055598383968118e+03,2.750851396651955838e+03,2.710436400068566400e+03
6.904849298582002248e+00,2.828269574037910843e+03,2.757447101941348137e+03,2.632228360043708108e+03,2.827562635079550546e+03,2.322045863942274991e+03,2.322055833327585788e+03,2.757575985101317201e+03,2.728434534503019222e+03
6.911757601456057998e+00,2.802449112718136803e+03,2.757447099493359929e+03,2.632301168408267586e+03,2.801697567492243252e+03,2.322045863942110827e+03,2.322055155381339773e+03,2.741841660154908368e+03,2.710332916488694082e+03
6.918672816088299093e+00,2.799687171861240586e+03,2.757447097055144695e+03,2.632375352607211880e+03,2.798755920084349782e+03,2.322045863943621043e+03,2.322054886126849851e+03,2.744523480582724915e+03,2.705251630183428460e+03
6.925594949393934385e+00,2.791721427225480966e+03,2.757447094626659236e+03,2.632449155137588150e+03,2.775721337552812201e+03,2.322045863943472796e+03,2.322055915776432812e+03,2.768822610260242982e+03,2.707514890680733515e+03
6.932524008295089857e+00,2.780095818944428174e+03,2.757447092207871719e+03,2.632517644122698130e+03,2.772411077254808333e+03,2.322045863942714732e+03,2.322054554413273308e+03,2.748059071043447602e+03,2.702574075077643556e+03
6.939459999720837047e+00,2.806540101756495005e+03,2.757447089798737125e+03,2.632589650930476637e+03,2.802939399807979498e+03,2.322045863942068081e+03,2.322053680946937220e+03,2.772472404709631974e+03,2.715834853269562245e+03
6.946402930607153969e+00,2.788788681779102262e+03,2.757447087399220891e+03,2.632660508597321495e+03,2.779193485925363348e+03,2.322045863941617881e+03,2.322055868344084502e+03,2.750307127162700908e+03,2.731981816731679373e+03
6.953352807896971299e+00,2.805659004794483280e+03,2.757447085009282546e+03,2.632728253692700491e+03,2.804467902080762087e+03,2.322045863942645155e+03,2.322055360373630265e+03,2.748560261176076892e+03,2.723009860910196039e+03
6.960309638540181254e+00,2.863735008967973044e+03,2.757447082628885255e+03,2.632798236041926430e+03,2.863727826571793685e+03,2.322045863942626511e+03,2.322054426824709935e+03,2.755387087484361928e+03,2.717299803097879703e+03
6.967273429493619830e+00,2.816488771743261168e+03,2.757447080257991274e+03,2.632865791275651645e+03,2.815501748859795953e+03,2.322045863942027154e+03,2.322056730138303465e+03,2.756441392420209013e+03,2.693307390590605337e+03
6.974244187721073018e+00,2.812096973102087759e+03,2.757447077896558312e+03,2.632932597582001108e+03,2.808978285047542613e+03,2.322045863941786592e+03,2.322056262433080065e+03,2.768800756727624503e+03,2.703987846182382782e+03
6.981221920193293684e+00,2.808361221951082371e+03,2.757447075544555901e+03,2.632997334841103111e+03,2.807730581066140985e+03,2.322045863941553307e+03,2.322056627215811204e+03,2.756357709102937861e+03,2.715963464313377244e+03
6.988206633888009556e+00,2.796387053940646183e+03,2.757447073201938110e+03,2.633064717363949512e+03,2.793196125831192603e+03,2.322045863942012602e+03,2.322057256140643403e+03,2.756445815105545535e+03,2.710445822447639785e+03
6.995198335789935662e+00,2.824746903682213997e+03,2.757447070868674018e+03,2.633125910118867523e+03,2.824598623062542174e+03,2.322045863942059896e+03,2.322058101735365653e+03,2.756329457415292381e+03,2.706192876718989737e+03
7.002197032890781436e+00,2.801742572598769129e+03,2.757447068544724516e+03,2.633191383138331275e+03,2.800830809940739073e+03,2.322045863941717016e+03,2.322056601090369895e+03,2.748990217018074873e+03,2.722357143686527706e+03
7.009202732189245388e+00,2.795427717614410994e+03,2.757447066230050950e+03,2.633255465612814078e+03,2.793079738969967366e+03,2.322045863941571042e+03,2.322057598900304129e+03,2.757758950065048793e+03,2.725916754640311865e+03
7.016215440691028427e+00,2.805834467427771870e+03,2.757447063924617851e+03,2.633318339416948220e+03,2.792117859401665100e+03,2.322045863941483731e+03,2.322059832834449026e+03,2.783533398918053081e+03,2.715786830107480000e+03
7.023235165408840963e+00,2.838047353585288420e+03,2.757447061628386109e+03,2.633381690131192045e+03,2.837948827191755754e+03,2.322045863942309097e+03,2.322056937374406516e+03,2.765631920885230556e+03,2.712632482740742489e+03
7.030261913362400250e+00,2.792772512295689921e+03,2.757447059341323893e+03,2.633442957286951696e+03,2.788875684755776092e+03,2.322045863941817061e+03,2.322059432427523006e+03,2.757136533065268850e+03,2.716722180039009800e+03
7.037295691578454360e+00,2.805126697688473996e+03,2.757447057063389821e+03,2.633506024546665685e+03,2.803184125339263574e+03,2.322045863941557400e+03,2.322058300180580773e+03,2.760944600515144884e+03,2.719437997308192280e+03
7.044336507090793731e+00,2.859039748945674091e+03,2.757447054794547967e+03,2.633565013007340440e+03,2.859033271857119416e+03,2.322045863941425523e+03,2.322058744123408360e+03,2.756665824144685757e+03,2.707744972260030409e+03
7.051384366940224524e+00,2.829706800801835925e+03,2.757447052534762861e+03,2.633628643959571036e+03,2.828850713026961785e+03,2.322045863941418247e+03,2.322058786798672827e+03,2.771805388203303664e+03,2.711686856052738676e+03
7.058439278174612141e+00,2.826367514247261170e+03,2.757447050283999488e+03,2.633687278112776312e+03,2.825910148718268374e+03,2.322045863941857078e+03,2.322058756208436989e+03,2.771359306255763386e+03,2.717131572458700248e+03
7.065501247848867905e+00,2.797305490521283446e+03,2.757447048042222832e+03,2.633748373072172399e+03,2.792550375927214191e+03,2.322045863941623793e+03,2.322057552740478968e+03,2.763252609380118429e+03,2.735937626177376387e+03
7.072570283024954385e+00,2.789454222975378343e+03,2.757447045809391057e+03,2.633806552506149728e+03,2.783926306254834344e+03,2.322045863941452353e+03,2.322057659982154291e+03,2.766892977640648041e+03,2.709105781302515879e+03
7.079646390771911157e+00,2.802193688389556883e+03,2.757447043585475512e+03,2.633866662441416338e+03,2.797770237120916136e+03,2.322045863941361404e+03,2.322058288696845921e+03,2.777391126857878589e+03,2.719795931388329791e+03
7.086729578165848586e+00,2.806132048632489386e+03,2.757447041370436636e+03,2.633923506886543692e+03,2.803499487981961920e+03,2.322045863941363223e+03,2.322056631164794908e+03,2.778113957956883951e+03,2.713634040285287483e+03
7.093819852289951378e+00,2.802921854619894475e+03,2.757447039164239868e+03,2.633985363053705441e+03,2.801474055711480105e+03,2.322045863941598782e+03,2.322056675846201415e+03,2.766182182778255537e+03,2.716042064088008829e+03
7.100917220234502558e+00,2.789562294842941810e+03,2.757447036966851101e+03,2.634044049729438484e+03,2.784796672685348312e+03,2.322045863941517382e+03,2.322056835921671336e+03,2.764550416729576682e+03,2.717570720437644013e+03
7.108021689096869267e+00,2.797440204317568714e+03,2.757447034778231227e+03,2.634099543910517241e+03,2.791377533723181841e+03,2.322045863941391417e+03,2.322055809158133798e+03,2.779084779453762167e+03,2.729000977181144208e+03
7.115133265981508082e+00,2.821335384870733833e+03,2.757447032598350688e+03,2.634158054354710657e+03,2.820283177082052134e+03,2.322045863941346397e+03,2.322054769187806869e+03,2.780644651803067973e+03,2.710565453080896077e+03
7.122251958000005878e+00,2.811346749842321515e+03,2.757447030427170375e+03,2.634218889361589845e+03,2.809496515751659445e+03,2.322045863941331390e+03,2.322054058007793174e+03,2.776065592974830906e+03,2.712638419108217477e+03
7.129377772271055846e+00,2.789075833155528017e+03,2.757447028264658911e+03,2.634273061771207722e+03,2.781298003747629082e+03,2.322045863941443713e+03,2.322054120913193856e+03,2.772108542386972658e+03,2.709970588006164235e+03
7.136510715920463710e+00,2.790191457392223128e+03,2.757447026110779461e+03,2.634330737669910832e+03,2.785411297400186868e+03,2.322045863941561038e+03,2.322054548365672872e+03,2.766488667711326798e+03,2.708897120332145278e+03
7.143650796081181475e+00,2.821787117082608347e+03,2.757447023965497920e+03,2.634388018207121604e+03,2.821016128665288761e+03,2.322045863941360494e+03,2.322054311960183895e+03,2.779119490564131411e+03,2.713138051699262633e+03
7.150798019893290558e+00,2.824496682869452343e+03,2.757447021828779270e+03,2.634444664615774400e+03,2.823182706567853984e+03,2.322045863941334119e+03,2.322054923744111875e+03,2.788027578308023749e+03,2.716356226927190164e+03
7.157952394504015992e+00,2.815151738992266019e+03,2.757447019700591682e+03,2.634501424385088740e+03,2.811516407321865699e+03,2.322045863941320476e+03,2.322055115465059771e+03,2.786143878635406963e+03,2.713723430378501234e+03
7.165113927067729982e+00,2.826282029941794463e+03,2.757447017580897409e+03,2.634557752233550218e+03,2.825885972893195230e+03,2.322045863941334119e+03,2.322054704490193217e+03,2.771698880611179902e+03,2.699534535806876647e+03
7.172282624745966118e+00,2.837990878613719360e+03,2.757447015469665075e+03,2.634614098419662696e+03,2.837720990279950911e+03,2.322045863941439620e+03,2.322054991316587802e+03,2.788061080463256985e+03,2.712544135400135929e+03
7.179458494707434468e+00,2.796474523046195827e+03,2.757447013366862848e+03,2.634669952738545817e+03,2.786860647703750146e+03,2.322045863941340940e+03,2.322055287619773026e+03,2.781337394460073938e+03,2.706642093687491069e+03
7.186641544127993164e+00,2.799309671221096778e+03,2.757447011272452983e+03,2.634723700385159646e+03,2.793017028569151535e+03,2.322045863941323205e+03,2.322056041745328457e+03,2.781899488424574884e+03,2.711423929763837805e+03
7.193831780190693692e+00,2.802672725423358770e+03,2.757447009186403648e+03,2.634782413060037470e+03,2.793320922435921148e+03,2.322045863941316838e+03,2.322054864231188276e+03,2.786627300926938460e+03,2.698650189154090640e+03
7.201029210085777343e+00,2.805942882737852869e+03,2.757447007108683010e+03,2.634836941433282391e+03,2.803002245581438729e+03,2.322045863941317293e+03,2.322056142752035157e+03,2.781702639176456159e+03,2.690858751711003151e+03
7.208233841010668996e+00,2.840541370947729320e+03,2.757447005039256055e+03,2.634893422585084863e+03,2.840282629522847401e+03,2.322045863941382777e+03,2.322055887254852678e+03,2.787895689409956049e+03,2.716472817791615853e+03
7.215445680170001097e+00,2.810619510817390164e+03,2.757447002978087767e+03,2.634949309590052962e+03,2.805273142068394463e+03,2.322045863941332300e+03,2.322055608910523461e+03,2.792302418892506921e+03,2.705321488003012291e+03
7.222664734775616324e+00,2.795381713611388932e+03,2.757447000925149041e+03,2.635002703874871713e+03,2.778691516612164378e+03,2.322045863941317748e+03,2.322056408047618788e+03,2.786577394080741669e+03,2.702301205014184234e+03
7.229891012046563148e+00,2.798754807428859749e+03,2.757446998880405772e+03,2.635059357296772305e+03,2.783433708682431188e+03,2.322045863941314110e+03,2.322056060778545088e+03,2.789514535557605541e+03,2.694207577524191947e+03
7.237124519209117146e+00,2.806617132512079024e+03,2.757446996843823854e+03,2.635114492600660014e+03,2.798378664980553822e+03,2.322045863941313200e+03,2.322056172956862156e+03,2.795804958597193490e+03,2.701664010321923342e+03
7.244365263496787222e+00,2.803465619129341121e+03,2.757446994815372818e+03,2.635167106156666250e+03,2.795236860490748768e+03,2.322045863941350945e+03,2.322056157125904065e+03,2.790160875646911791e+03,2.695581927902752341e+03
7.251613252150333366e+00,2.812653351894084153e+03,2.757446992795020378e+03,2.635223715569085016e+03,2.808418072157668121e+03,2.322045863941337302e+03,2.322055997598983595e+03,2.794789602245874903e+03,2.702342204158929690e+03
7.258868492417731133e+00,2.817805528946423692e+03,2.757446990782731064e+03,2.635280589207875437e+03,2.811303221383217078e+03,2.322045863941314565e+03,2.322054635489079828e+03,2.804060220566217140e+03,2.693414058836269760e+03
7.266130991554230256e+00,2.798339458031708091e+03,2.757446988778475315e+03,2.635336892345885644e+03,2.778949831168670698e+03,2.322045863941312746e+03,2.322053553298559564e+03,2.790190320460732437e+03,2.702636074492160333e+03
7.273400756822333335e+00,2.823182396711068122e+03,2.757446986782219028e+03,2.635394521741258814e+03,2.821167065792401900e+03,2.322045863941311381e+03,2.322053529373855326e+03,2.794063473966064976e+03,2.694847396416247648e+03
7.280677795491792281e+00,2.830368297988804443e+03,2.757446984793933098e+03,2.635449501242199858e+03,2.823295827109842321e+03,2.322045863941318657e+03,2.322052527704247950e+03,2.813709586995266818e+03,2.690520099678429688e+03
7.287962114839659833e+00,2.804230228194091524e+03,2.757446982813583872e+03,2.635508029030344915e+03,2.798784399552391733e+03,2.322045863941327298e+03,2.322051892198773658e+03,2.788474145171981490e+03,2.702811798513041140e+03
7.295253722150259357e+00,2.804428775770535140e+03,2.757446980841139066e+03,2.635564876452275257e+03,2.793389681234865748e+03,2.322045863941313200e+03,2.322051830310948390e+03,2.795473622002851698e+03,2.700024441414516332e+03
7.302552624715172414e+00,2.817355462496175733e+03,2.757446978876570029e+03,2.635622333225472175e+03,2.807973974840089340e+03,2.322045863941311381e+03,2.322052502877374081e+03,2.807150458444565174e+03,2.689266635982562548e+03
7.309858829833316030e+00,2.817046765293761382e+03,2.757446976919841291e+03,2.635677717278182172e+03,2.796819696043107797e+03,2.322045863941310017e+03,2.322051621993873141e+03,2.811085533982708057e+03,2.687108743815777416e+03
7.317172344810908058e+00,2.800788149315282681e+03,2.757446974970924202e+03,2.635738303483814434e+03,2.766714071569111638e+03,2.322045863941311836e+03,2.322051660164037457e+03,2.796453828933515524e+03,2.682008866819882314e+03
7.324493176961445862e+00,2.807183351491656595e+03,2.757446973029787841e+03,2.635795593264639592e+03,2.774413070889026585e+03,2.322045863941322750e+03,2.322052072724577556e+03,2.804210744482588780e+03,2.694351591968924367e+03
7.331821333605772040e+00,2.820512983050574348e+03,2.757446971096399920e+03,2.635855038492915355e+03,2.813197083275396835e+03,2.322045863941312291e+03,2.322052057674419757e+03,2.807658100570659826e+03,2.673552852917842756e+03
7.339156822072049557e+00,2.832152605794659394e+03,2.757446969170729062e+03,2.635911984743151606e+03,2.829388823350645453e+03,2.322045863941310472e+03,2.322052353693696659e+03,2.809226979395368744e+03,2.691746566660935514e+03
7.346499649695762635e+00,2.831348181405100149e+03,2.757446967252746163e+03,2.635970862115571435e+03,2.827544137809782569e+03,2.322045863941310017e+03,2.322052412591531720e+03,2.811330437247238933e+03,2.686876578896476076e+03
7.353849823819730958e+00,2.815913213162398733e+03,2.757446965342419844e+03,2.636030750159929539e+03,2.783648578217903832e+03,2.322045863941310017e+03,2.322052499233516755e+03,2.812623560732396982e+03,2.696004917207583276e+03
7.361207351794133658e+00,2.818756388855091700e+03,2.757446963439719184e+03,2.636087956695369030e+03,2.804375626743479188e+03,2.322045863941316384e+03,2.322055276880237216e+03,2.812181362187909599e+03,2.685482751735677084e+03
7.368572240976500431e+00,2.809279360673632709e+03,2.757446961544613714e+03,2.636147780234645325e+03,2.776165216301253167e+03,2.322045863941313200e+03,2.322052949653109408e+03,2.806349220447184052e+03,2.685045237407236073e+03
7.375944498731714205e+00,2.830082458435815624e+03,2.757446959657073876e+03,2.636208611841454513e+03,2.787293419039993296e+03,2.322045863941310017e+03,2.322052601502193738e+03,2.829026557899293948e+03,2.694242143751440835e+03
7.383324132432039555e+00,2.810197204683583550e+03,2.757446957777067837e+03,2.636270226855448982e+03,2.796325994744473519e+03,2.322045863941310017e+03,2.322052457612817761e+03,2.801839575895587586e+03,2.691202159012298125e+03
7.390711149457121820e+00,2.817779229000551368e+03,2.757446955904566948e+03,2.636331018650429087e+03,2.771160047974792633e+03,2.322045863941310017e+03,2.322052324932435113e+03,2.816494771562481674e+03,2.676075486764622838e+03
7.398105557193965787e+00,2.823630072058547739e+03,2.757446954039541197e+03,2.636390214281297631e+03,2.782289326006779902e+03,2.322045863941311836e+03,2.322052642939161160e+03,2.822665037497132289e+03,2.685765853206313295e+03
7.405507363036984536e+00,2.805718862092935069e+03,2.757446952181960569e+03,2.636452658275443355e+03,2.759332344838216613e+03,2.322045863941312291e+03,2.322052161345759487e+03,2.803918541796145746e+03,2.673527296791177832e+03
7.412916574387978130e+00,2.811446312547654998e+03,2.757446950331795961e+03,2.636513704400623737e+03,2.803334544155424737e+03,2.322045863941310017e+03,2.322051857082904917e+03,2.798014634881316397e+03,2.683081843690752521e+03
7.420333198656158480e+00,2.834314212225554911e+03,2.757446948489015085e+03,2.636575037459703253e+03,2.769124538977061093e+03,2.322045863941310017e+03,2.322051583920681878e+03,2.833961144964493997e+03,2.688569601381444500e+03
7.427757243258165332e+00,2.824236773289749635e+03,2.757446946653592477e+03,2.636636498212114475e+03,2.777773090531718935e+03,2.322045863941310017e+03,2.322051022849319452e+03,2.823520078878657387e+03,2.696050034635016345e+03
7.435188715618026301e+00,2.805422634852541250e+03,2.757446944825494029e+03,2.636700630493474364e+03,2.785421608328716047e+03,2.322045863941310017e+03,2.322050987813647680e+03,2.802483311525663339e+03,2.671885677708593903e+03
7.442627623167226147e+00,2.813578496626374090e+03,2.757446943004694276e+03,2.636762219446065046e+03,2.784875583508384807e+03,2.322045863941312291e+03,2.322051063065089693e+03,2.810648961982648871e+03,2.687496795093318269e+03
7.450073973344675693e+00,2.839064745783296530e+03,2.757446941191164115e+03,2.636826299152531192e+03,2.770229194899987760e+03,2.322045863941310017e+03,2.322051015646470205e+03,2.838412567230632249e+03,2.661255689703933967e+03
7.457527773596703824e+00,2.821429857210943737e+03,2.757446939384872621e+03,2.636888416895277260e+03,2.816736848720633589e+03,2.322045863941310017e+03,2.322051107851736106e+03,2.802679973854398668e+03,2.676242711633395174e+03
7.464989031377127660e+00,2.836676564699033406e+03,2.757446937585792057e+03,2.636952049855085079e+03,2.836112398222261163e+03,2.322045863941310017e+03,2.322050377723696329e+03,2.795673865780599499e+03,2.673950593518166443e+03
7.472457754147218800e+00,2.833211099626177202e+03,2.757446935793893317e+03,2.637015037759073039e+03,2.826515654496630304e+03,2.322045863941310017e+03,2.322050534962219444e+03,2.816981512635397848e+03,2.676251039401970502e+03
7.479933949375682900e+00,2.827289825380222283e+03,2.757446934009146844e+03,2.637079032768582238e+03,2.816799459901698356e+03,2.322045863941310472e+03,2.322050700796211459e+03,2.815775127885483926e+03,2.676894438680037638e+03
7.487417624538714733e+00,2.802270946414410901e+03,2.757446932231525807e+03,2.637145541691860217e+03,2.780404931562780803e+03,2.322045863941310017e+03,2.322050589836269864e+03,2.796670131970234706e+03,2.683231201488347324e+03
7.494908787120000859e+00,2.800128985995324001e+03,2.757446930461001557e+03,2.637209844113585859e+03,2.774511783479689711e+03,2.322045863941310017e+03,2.322050916446943575e+03,2.796662453696029843e+03,2.675804592867918473e+03
7.502407444610705411e+00,2.821505488338421856e+03,2.757446928697542717e+03,2.637272877167625211e+03,2.770077830995401655e+03,2.322045863941310017e+03,2.322051275529268878e+03,2.820191814221537697e+03,2.688291496464883494e+03
7.509913604509472762e+00,2.803122660919369537e+03,2.757446926941125184e+03,2.637339310731034857e+03,2.753837489030671804e+03,2.322045863941310017e+03,2.322052798245983922e+03,2.800919235188282528e+03,2.688748467293963586e+03
7.517427274322463937e+00,2.800574629542144066e+03,2.757446925191718947e+03,2.637403760125138433e+03,2.779149720906262701e+03,2.322045863941310017e+03,2.322052499660111607e+03,2.795908385466291747e+03,2.687447955092021857e+03
7.524948461563357505e+00,2.792623006631000862e+03,2.757446923449296264e+03,2.637469551781477094e+03,2.767203433862509883e+03,2.322045863941310017e+03,2.322052793169775669e+03,2.788542704688378308e+03,2.660938808893007717e+03
7.532477173753337141e+00,2.822792231563094902e+03,2.757446921713828488e+03,2.637538596042758400e+03,2.785256372812716108e+03,2.322045863941310017e+03,2.322052011874926393e+03,2.821112543569976424e+03,2.674942668938609586e+03
7.540013418421122715e+00,2.793140037742365166e+03,2.757446919985287877e+03,2.637602107820277979e+03,2.784384618268258237e+03,2.322045863941310017e+03,2.322051217153856214e+03,2.781783118034598374e+03,2.666564089300487922e+03
7.547557203102955192e+00,2.799656767045440574e+03,2.757446918263649422e+03,2.637668123183143507e+03,2.779081572146048529e+03,2.322045863941310017e+03,2.322051412777560017e+03,2.796108987767068811e+03,2.655684468285375715e+03
7.555108535342627718e+00,2.798845722776208277e+03,2.757446916548884019e+03,2.637736087227842290e+03,2.787073395301190885e+03,2.322045863941310017e+03,2.322051070664545932e+03,2.790164032176928231e+03,2.665233706443673327e+03
7.562667422691465191e+00,2.805066341788006866e+03,2.757446914840961654e+03,2.637802069552074954e+03,2.766590907597354999e+03,2.322045863941310017e+03,2.322051383972511758e+03,2.800899865111381587e+03,2.673072078194724327e+03
7.570233872708334921e+00,2.800338255848776498e+03,2.757446913139857315e+03,2.637870870391138396e+03,2.797136706168792443e+03,2.322045863941310017e+03,2.322051188617812841e+03,2.778076071414013313e+03,2.671154459381597917e+03
7.577807892959704361e+00,2.811288968950893377e+03,2.757446911445544629e+03,2.637938023126388998e+03,2.808255275387194160e+03,2.322045863941310017e+03,2.322051073739143703e+03,2.786522187857822246e+03,2.665352823433890535e+03
7.585389491019602026e+00,2.805364553025393434e+03,2.757446909757995400e+03,2.638005789776020720e+03,2.802940470393591568e+03,2.322045863941310017e+03,2.322051354179191094e+03,2.779198381851327213e+03,2.665878148386217617e+03
7.592978674469621936e+00,2.817612512294677799e+03,2.757446908077182343e+03,2.638072939449447404e+03,2.814982888939742679e+03,2.322045863941310017e+03,2.322051013231415709e+03,2.788982651693233038e+03,2.662767746638501194e+03
7.600575450898949370e+00,2.798434580991119219e+03,2.757446906403079083e+03,2.638141800917213004e+03,2.796116652399761279e+03,2.322045863941310017e+03,2.322050995486994452e+03,2.773294374261592566e+03,2.688688978187582052e+03
7.608179827904362647e+00,2.806268332922616082e+03,2.757446904735659245e+03,2.638210271766447022e+03,2.803966844619010317e+03,2.322045863941310017e+03,2.322051341241634418e+03,2.779838619364552414e+03,2.700091096268073215e+03
7.615791813090230455e+00,2.822342809694687276e+03,2.757446903074894635e+03,2.638278920797155934e+03,2.821993996878211874e+03,2.322045863941310017e+03,2.322051121107904692e+03,2.771765758774761707e+03,2.670319659615986438e+03
7.623411414068544723e+00,2.799397335713614666e+03,2.757446901420759332e+03,2.638346413342710548e+03,2.784434694550468521e+03,2.322045863941310017e+03,2.322050972161050140e+03,2.788250070376520398e+03,2.670062655194596573e+03
7.631038638458921497e+00,2.778444256422532362e+03,2.757446899773228324e+03,2.638415317001814856e+03,2.763522828149713860e+03,2.322045863941310017e+03,2.322051251729787964e+03,2.766288988324261027e+03,2.673850997724291574e+03
7.638673493888579635e+00,2.784133304544522616e+03,2.757446898132274328e+03,2.638484027819793937e+03,2.763803806617603186e+03,2.322045863941310017e+03,2.322050951418778368e+03,2.776349730389267734e+03,2.661710139038457783e+03
7.646315987992360341e+00,2.798493182998900920e+03,2.757446896497870057e+03,2.638552203881669811e+03,2.788702253020485387e+03,2.322045863941310017e+03,2.322051224785367140e+03,2.783639948171868127e+03,2.675695627868790780e+03
7.653966128412755587e+00,2.853236585367555563e+03,2.757446894869990501e+03,2.638621335684876158e+03,2.774406732552495214e+03,2.322045863941310017e+03,2.322051418505387574e+03,2.852816084925997984e+03,2.664886240480424021e+03
7.661623922799912556e+00,2.875333287825059870e+03,2.757446893248610650e+03,2.638691347845836844e+03,2.779890936874216095e+03,2.322045863941310017e+03,2.322052342102340845e+03,2.875322983801690498e+03,2.672405292544507574e+03
7.669289378811645186e+00,2.851117930947542391e+03,2.757446891633700488e+03,2.638761024404430827e+03,2.752990961809236978e+03,2.322045863941310017e+03,2.322053528075183749e+03,2.851104890018747028e+03,2.660745450414277002e+03
7.676962504113392427e+00,2.837976121619330570e+03,2.757446890025238645e+03,2.638830590108041633e+03,2.742082869995780129e+03,2.322045863941310017e+03,2.322052258085497670e+03,2.837926009627712574e+03,2.656546328369548519e+03
7.684643306378275973e+00,2.837902439925644103e+03,2.757446888423196469e+03,2.638899349195385184e+03,2.744465172629915287e+03,2.322045863941310017e+03,2.322052298560785403e+03,2.837796699113222076e+03,2.670159771564004132e+03
7.692331793287113584e+00,2.846080490440241192e+03,2.757446886827552134e+03,2.638968581967803402e+03,2.738741234371829705e+03,2.322045863941310017e+03,2.322051973193960293e+03,2.846061855909728365e+03,2.672902505480741183e+03
7.700027972528380005e+00,2.830001904548798393e+03,2.757446885238274263e+03,2.639042062366523169e+03,2.761498238507613678e+03,2.322045863941310017e+03,2.322052327298487853e+03,2.829912929868804895e+03,2.703533501808902656e+03
7.707731851798260259e+00,2.830944709132484149e+03,2.757446883655342845e+03,2.639112727458362315e+03,2.781805236622835309e+03,2.322045863941310017e+03,2.322052791328529111e+03,2.830623072521259473e+03,2.693988058331031425e+03
7.715443438800646092e+00,2.822898093818665529e+03,2.757446882078728777e+03,2.639184613581467147e+03,2.791582528179756537e+03,2.322045863941310017e+03,2.322051939483773822e+03,2.821906674534856393e+03,2.675387252795793756e+03
7.723162741247111995e+00,2.830145995932609821e+03,2.757446880508408867e+03,2.639256377228125075e+03,2.753197504523687712e+03,2.322045863941310017e+03,2.322052516877158723e+03,2.830030575936188143e+03,2.662834179060849237e+03
7.730889766856956946e+00,2.827560160112405811e+03,2.757446878944358559e+03,2.639324646270542416e+03,2.755457254227864269e+03,2.322045863941310017e+03,2.322052382054477221e+03,2.827468838420121756e+03,2.665256482451005468e+03
7.738624523357209739e+00,2.828857226692718086e+03,2.757446877386551023e+03,2.639394065985867655e+03,2.790997779781439021e+03,2.322045863941310017e+03,2.322053202336337108e+03,2.828305042096086709e+03,2.682131475479620349e+03
7.746367018482625433e+00,2.816712533904523752e+03,2.757446875834963521e+03,2.639464219184054855e+03,2.797128425696729664e+03,2.322045863941310017e+03,2.322053501574265283e+03,2.814256864877326734e+03,2.679683722110569761e+03
7.754117259975701337e+00,2.817247087084303985e+03,2.757446874289568314e+03,2.639532320731148957e+03,2.773030654010286980e+03,2.322045863941310017e+03,2.322054455597079595e+03,2.816391503974107309e+03,2.664627245528498861e+03
7.761875255586686784e+00,2.828436259768097898e+03,2.757446872750343118e+03,2.639602228466304950e+03,2.805409910597456019e+03,2.322045863941310017e+03,2.322054988119134578e+03,2.824991814161063758e+03,2.668903749776945460e+03
7.769641013073575131e+00,2.816643590003840927e+03,2.757446871217261105e+03,2.639669008107678110e+03,2.798020315577022302e+03,2.322045863941310017e+03,2.322054535841898087e+03,2.813654188860815793e+03,2.683930662336008936e+03
7.777414540202124194e+00,2.803260808189709223e+03,2.757446869690300900e+03,2.639738597180471061e+03,2.762799010895682386e+03,2.322045863941310017e+03,2.322055098055195685e+03,2.801537362931757343e+03,2.644900665745449260e+03
7.785195844745864235e+00,2.805010502078511763e+03,2.757446868169435220e+03,2.639807220411492381e+03,2.771203822658888839e+03,2.322045863941310017e+03,2.322054977979403247e+03,2.802711621854100940e+03,2.652520137007280027e+03
7.792984934486089088e+00,2.827905326897358009e+03,2.757446866654640417e+03,2.639875581165847052e+03,2.743381679901628104e+03,2.322045863941310017e+03,2.322054749049077145e+03,2.827832585985280730e+03,2.672391600394379566e+03
7.800781817211894342e+00,2.811063624239202454e+03,2.757446865145891024e+03,2.639943984510703558e+03,2.755806490588211545e+03,2.322045863941310017e+03,2.322055310163503691e+03,2.810748275320368975e+03,2.720312284958633882e+03
7.808586500720170243e+00,2.814214941636433650e+03,2.757446863643166580e+03,2.640011625178623490e+03,2.792984788671196839e+03,2.322045863941310017e+03,2.322054835930313857e+03,2.811129396828944209e+03,2.690107253409123587e+03
7.816398992815589253e+00,2.801131756595523711e+03,2.757446862146440708e+03,2.640079340333848450e+03,2.763307871700918440e+03,2.322045863941310017e+03,2.322056333258058203e+03,2.800014957374872210e+03,2.678073369187664866e+03
7.824219301310662900e+00,2.808284930854184950e+03,2.757446860655688852e+03,2.640146260193898343e+03,2.734751291772313380e+03,2.322045863941310017e+03,2.322056602121958349e+03,2.807874947139787764e+03,2.665610850431129165e+03
7.832047434025692922e+00,2.812789899536548546e+03,2.757446859170889184e+03,2.640214436134480366e+03,2.762712661672101149e+03,2.322045863941310017e+03,2.322056055801419461e+03,2.812453265211607686e+03,2.667214128551474460e+03
7.839883398788801472e+00,2.813871892780839971e+03,2.757446857692015783e+03,2.640282185758580454e+03,2.744768013219816112e+03,2.322045863941310017e+03,2.322055764433815511e+03,2.813461720556145337e+03,2.659852554583662368e+03
7.847727203435963084e+00,2.800347762038876681e+03,2.757446856219045912e+03,2.640348469295434825e+03,2.737997511590691374e+03,2.322045863941310017e+03,2.322054833827375660e+03,2.799521867783393191e+03,2.687786385765267823e+03
7.855578855810978922e+00,2.796596787184351797e+03,2.757446854751957289e+03,2.640417498451087340e+03,2.788533209787730357e+03,2.322045863941310017e+03,2.322055736124184023e+03,2.786595867543713666e+03,2.663703142648678295e+03
7.863438363765501649e+00,2.816029651948579158e+03,2.757446853290723084e+03,2.640483463677021973e+03,2.798791954821917443e+03,2.322045863941310017e+03,2.322055496302510164e+03,2.810620877825375828e+03,2.678157552887008933e+03
7.871305735159039862e+00,2.812644247171180723e+03,2.757446851835324196e+03,2.640551655008003763e+03,2.789504941777446675e+03,2.322045863941310017e+03,2.322055408355261079e+03,2.809325347240100200e+03,2.657171963166993919e+03
7.879180977858966095e+00,2.808400290818673511e+03,2.757446850385733342e+03,2.640617397334516681e+03,2.779962766470098813e+03,2.322045863941310017e+03,2.322055252649920476e+03,2.804808492848531387e+03,2.668953828103175510e+03
7.887064099740537237e+00,2.818194025192701702e+03,2.757446848941930966e+03,2.640688326289160614e+03,2.799258489695360367e+03,2.322045863941310017e+03,2.322055243441226594e+03,2.814572851615559557e+03,2.663315004816724922e+03
7.894955108686876777e+00,2.804568400902381200e+03,2.757446847503890240e+03,2.640754658339534672e+03,2.801552209028638572e+03,2.322045863941310017e+03,2.322055899082647102e+03,2.784460502409845958e+03,2.691319594141835296e+03
7.902854012588968580e+00,2.811806044724052299e+03,2.757446846071590699e+03,2.640821751082724859e+03,2.775786223697301921e+03,2.322045863941310017e+03,2.322055425936773190e+03,2.810544945720499527e+03,2.719944383419009682e+03
7.910760819345727946e+00,2.799565930972842125e+03,2.757446844645010060e+03,2.640888838103634953e+03,2.780948265605256893e+03,2.322045863941310017e+03,2.322056477450565126e+03,2.795601011490382916e+03,2.705399166055974547e+03
7.918675536863968745e+00,2.814446645883833753e+03,2.757446843224121494e+03,2.640959410298786679e+03,2.746413569964980979e+03,2.322045863941310017e+03,2.322056905672727225e+03,2.813992079874171395e+03,2.679906693514808012e+03
7.926598173058411412e+00,2.800918198535886859e+03,2.757446841808907266e+03,2.641026275325872575e+03,2.755160662048715949e+03,2.322045863941310017e+03,2.322056191816666797e+03,2.799640320660530051e+03,2.660873252159524327e+03
7.934528735851683834e+00,2.812035025617670726e+03,2.757446840399342818e+03,2.641094900033893282e+03,2.791251702624082554e+03,2.322045863941310017e+03,2.322056817344674073e+03,2.807447231830195960e+03,2.674496864881125475e+03
7.942467233174357766e+00,2.807487855698808744e+03,2.757446838995402686e+03,2.641163635571412215e+03,2.774588514768147888e+03,2.322045863941310017e+03,2.322057326794267283e+03,2.804980792942859352e+03,2.655136809136763532e+03
7.950413672964917744e+00,2.789145655411386088e+03,2.757446837597070044e+03,2.641231923335598367e+03,2.752921352031634797e+03,2.322045863941310017e+03,2.322056928068811885e+03,2.786100528092395962e+03,2.647839375393681166e+03
7.958368063169804607e+00,2.795918399809457696e+03,2.757446836204316696e+03,2.641299444180000137e+03,2.779669656575088538e+03,2.322045863941310017e+03,2.322057195103366212e+03,2.790547131206750691e+03,2.674017188794549838e+03
7.966330411743425266e+00,2.799138713273322082e+03,2.757446834817124454e+03,2.641369673204993887e+03,2.760003287679205641e+03,2.322045863941310017e+03,2.322058931598292020e+03,2.797763757659081421e+03,2.690111311510783253e+03
7.974300726648119841e+00,2.807941741532428296e+03,2.757446833435470580e+03,2.641435557378016711e+03,2.733216610652255440e+03,2.322045863941310017e+03,2.322060696612044467e+03,2.806820316643810656e+03,2.663220726695760732e+03
7.982279015854214954e+00,2.798401055590773012e+03,2.757446832059331882e+03,2.641504797860918188e+03,2.754032157820705834e+03,2.322045863941310017e+03,2.322062860234755590e+03,2.796870564062840913e+03,2.668146197766716796e+03
7.990265287339989975e+00,2.792661526767599753e+03,2.757446830688685168e+03,2.641573177962082809e+03,2.740949688043516289e+03,2.322045863941310017e+03,2.322065063001298768e+03,2.789816593847697732e+03,2.675267954159967758e+03
7.998259549091704557e+00,2.791648460155656721e+03,2.757446829323510883e+03,2.641641295283402087e+03,2.726696277432511124e+03,2.322045863941310017e+03,2.322068501434602695e+03,2.789449057477947918e+03,2.679764797007797824e+03
8.006261809103637717e+00,2.788631378431562098e+03,2.757446827963786745e+03,2.641712538530109214e+03,2.756962998902747586e+03,2.322045863941310017e+03,2.322070928649585312e+03,2.785002495893353625e+03,2.673693088518703007e+03
8.014272075378054083e+00,2.815749679473161450e+03,2.757446826609490472e+03,2.641779739116400833e+03,2.759146552166124820e+03,2.322045863941310017e+03,2.322073213115183080e+03,2.814790804610376654e+03,2.748363750612504191e+03
8.022290355925221661e+00,2.799410336290760370e+03,2.757446825260599780e+03,2.641850492715434939e+03,2.752362174023844545e+03,2.322045863941310017e+03,2.322076055223751155e+03,2.798110520617134625e+03,2.674295503622826800e+03
8.030316658763410942e+00,2.804206752709940702e+03,2.757446823917094207e+03,2.641917940430376802e+03,2.756906661937526223e+03,2.322045863941310017e+03,2.322077080474938157e+03,2.802467898637994949e+03,2.693127192099423155e+03
8.038350991918917998e+00,2.791153856522627393e+03,2.757446822578951469e+03,2.641986292212228363e+03,2.778169211360474037e+03,2.322045863941310017e+03,2.322080757439789068e+03,2.779867095018139935e+03,2.672591235334729390e+03
8.046393363426080469e+00,2.805064306275846775e+03,2.757446821246151558e+03,2.642055511494982511e+03,2.784631369344927862e+03,2.322045863941310017e+03,2.322085345375605357e+03,2.801022055116457068e+03,2.676638901939316384e+03
8.054443781327284668e+00,2.807412209306536624e+03,2.757446819918671281e+03,2.642124630138817793e+03,2.749673627144062721e+03,2.322045863941310017e+03,2.322083081391258020e+03,2.806548267935205786e+03,2.675658495500060781e+03
8.062502253672942487e+00,2.793915333014850603e+03,2.757446818596489720e+03,2.642193677356220633e+03,2.760270550661568450e+03,2.322045863941310017e+03,2.322089238282372207e+03,2.790952958296681118e+03,2.667635216374512311e+03
8.070568788521519821e+00,2.796406799017899175e+03,2.757446817279587776e+03,2.642261548583317563e+03,2.768731112127379674e+03,2.322045863941310017e+03,2.322086853624179184e+03,2.793081343182092951e+03,2.680916724519605850e+03
8.078643393939563211e+00,2.800977150721640555e+03,2.757446815967941802e+03,2.642329670705180888e+03,2.748311773155964147e+03,2.322045863941310017e+03,2.322088260380161955e+03,2.799697455313235878e+03,2.684195086184739466e+03
8.086726078001669649e+00,2.809126122175439377e+03,2.757446814661529970e+03,2.642398569022083848e+03,2.731259635281403462e+03,2.322045863941310017e+03,2.322089238777577521e+03,2.808748670056676474e+03,2.693817352527576077e+03
8.094816848790527430e+00,2.793316228701735781e+03,2.757446813360338183e+03,2.642466154577273301e+03,2.740547711218709537e+03,2.322045863941310017e+03,2.322085310411593127e+03,2.791302991775280589e+03,2.690640335445514211e+03
8.102915714396893065e+00,2.786258582918308093e+03,2.757446812064335973e+03,2.642533278805960890e+03,2.737310761044507217e+03,2.322045863941310017e+03,2.322092991556166908e+03,2.783483270301370794e+03,2.693429975940161967e+03
8.111022682919651672e+00,2.792548294190357410e+03,2.757446810773509696e+03,2.642599512522167061e+03,2.758635171068427098e+03,2.322045863941310017e+03,2.322094263772561590e+03,2.789270113892844165e+03,2.672500391990275148e+03
8.119137762465776120e+00,2.778541549132582077e+03,2.757446809487835708e+03,2.642668613797063699e+03,2.740593143322782453e+03,2.322045863941310017e+03,2.322087496096587984e+03,2.772709624783661639e+03,2.690469505436250984e+03
8.127260961150344798e+00,2.802820844628809027e+03,2.757446808207292634e+03,2.642735983035219306e+03,2.730751959482658549e+03,2.322045863941310017e+03,2.322085979486295855e+03,2.800481980662310434e+03,2.749290827829010141e+03
8.135392287096552266e+00,2.808317913302516445e+03,2.757446806931862739e+03,2.642804482717853261e+03,2.740131563996892510e+03,2.322045863941310017e+03,2.322085861416124317e+03,2.807770586124268448e+03,2.684933607479201783e+03
8.143531748435728801e+00,2.784630596747518211e+03,2.757446805661525559e+03,2.642869954813686491e+03,2.740643727807645064e+03,2.322045863941310017e+03,2.322086629659625942e+03,2.780241504497721053e+03,2.691370830891452442e+03
8.151679353307326181e+00,2.786509209727812959e+03,2.757446804396259267e+03,2.642937556364885950e+03,2.754558879626697035e+03,2.322045863941310017e+03,2.322085163780472158e+03,2.782953186811214437e+03,2.667639590083836083e+03
8.159835109858954993e+00,2.805894713148055416e+03,2.757446803136042035e+03,2.643002046356540632e+03,2.802692933184006961e+03,2.322045863941310017e+03,2.322083843586457988e+03,2.783923729646150150e+03,2.680399188512744331e+03
8.167999026246375749e+00,2.791873956590261059e+03,2.757446801880855674e+03,2.643067466457194769e+03,2.765816999218026467e+03,2.322045863941310017e+03,2.322081173523617508e+03,2.787509335489773093e+03,2.664592560453860642e+03
8.176171110633504213e+00,2.801850809748324082e+03,2.757446800630679718e+03,2.643132307396120723e+03,2.750032272920109335e+03,2.322045863941310017e+03,2.322079615327436841e+03,2.800882434742823079e+03,2.680551809759709613e+03
8.184351371192425617e+00,2.792168383879719840e+03,2.757446799385495979e+03,2.643197296157792152e+03,2.742486772274819941e+03,2.322045863941310017e+03,2.322077687460935522e+03,2.790209725573917240e+03,2.697085951139731151e+03
8.192539816103396433e+00,2.797723272793940396e+03,2.757446798145283083e+03,2.643259734435077917e+03,2.762801923386092767e+03,2.322045863941310017e+03,2.322076924940086883e+03,2.795663320078887409e+03,2.675487844971240520e+03
8.200736453554858585e+00,2.786910513371055004e+03,2.757446796910019202e+03,2.643325404929272281e+03,2.760098336536491843e+03,2.322045863941310017e+03,2.322078926563707228e+03,2.783046800996300135e+03,2.661331439484330986e+03
8.208941291743462543e+00,2.795840252116239753e+03,2.757446795679686602e+03,2.643392668431466973e+03,2.767160474296514167e+03,2.322045863941310017e+03,2.322085103362132941e+03,2.791514757047676994e+03,2.700055774347750230e+03
8.217154338874046005e+00,2.790628622481005550e+03,2.757446794454266637e+03,2.643458113524226064e+03,2.728678598365210291e+03,2.322045863941310017e+03,2.322117582458995912e+03,2.788165124665129497e+03,2.712766113148657041e+03
8.225375603159651661e+00,2.792234960231360674e+03,2.757446793233737935e+03,2.643526669456870877e+03,2.730706827759114731e+03,2.322045863941310017e+03,2.322134944727518814e+03,2.788983002161413424e+03,2.690159098868001365e+03
8.233605092821546734e+00,2.781923621295731209e+03,2.757446792018081396e+03,2.643592789401696791e+03,2.751939023085457393e+03,2.322045863941310017e+03,2.322129923527751998e+03,2.775805234081865819e+03,2.683306711568396167e+03
8.241842816089221202e+00,2.783754225449134537e+03,2.757446790807278830e+03,2.643658803264653670e+03,2.757619257943516914e+03,2.322045863941310017e+03,2.322130845112277711e+03,2.775619192261935495e+03,2.728021112597768479e+03
8.250088781200394905e+00,2.796936188570658032e+03,2.757446789601308410e+03,2.643724514416627699e+03,2.778681160169582199e+03,2.322045863941310017e+03,2.322135569548227068e+03,2.789011952956748701e+03,2.713956941337256012e+03
8.258342996401031755e+00,2.793767614717427932e+03,2.757446788400151490e+03,2.643791799723794156e+03,2.752870362786297392e+03,2.322045863941310017e+03,2.322141710062143829e+03,2.790661024390113198e+03,2.677005128637911639e+03
8.266605469945350393e+00,2.796733879579921449e+03,2.757446787203790336e+03,2.643856354822690264e+03,2.761620745102995897e+03,2.322045863941310017e+03,2.322155760707760237e+03,2.794821571916318135e+03,2.702652668920809901e+03
8.274876210095818863e+00,2.776919177130720982e+03,2.757446786012205393e+03,2.643922869862001335e+03,2.730853606570467946e+03,2.322045863941310017e+03,2.322172688214296613e+03,2.771259664227306075e+03,2.695100460262679917e+03
8.283155225123197241e+00,2.780331956073190213e+03,2.757446784825377563e+03,2.643988122423736513e+03,2.749039033555799961e+03,2.322045863941310017e+03,2.322217291254720749e+03,2.774982943658705608e+03,2.676556207099125913e+03
8.291442523306496781e+00,2.778882986068789705e+03,2.757446783643286381e+03,2.644052766070683901e+03,2.711431414875735754e+03,2.322045863941310017e+03,2.322230491344561415e+03,2.774135335896867673e+03,2.691935572655096166e+03
8.299738112933011891e+00,2.780740630827892801e+03,2.757446782465914566e+03,2.644120066495443098e+03,2.708882573888792649e+03,2.322045863941310017e+03,2.322301401687462203e+03,2.776340870391851240e+03,2.675305995051827267e+03
8.308042002298327233e+00,2.788217543972052681e+03,2.757446781293243475e+03,2.644185310861730613e+03,2.731718123529431068e+03,2.322045863941310017e+03,2.322322197368636807e+03,2.784767947789192021e+03,2.672611413733598965e+03
8.316354199706328387e+00,2.786759404623881892e+03,2.757446780125254008e+03,2.644250734308641768e+03,2.727552152252487303e+03,2.322045863941310017e+03,2.322369555829332512e+03,2.783657164867168376e+03,2.683333519234015967e+03
8.324674713469217835e+00,2.792011853490893373e+03,2.757446778961925247e+03,2.644318160982520567e+03,2.763738037599303425e+03,2.322045863941310017e+03,2.322421156658349446e+03,2.788298621769726196e+03,2.672418740551218434e+03
8.333003551907516737e+00,2.783010052968342734e+03,2.757446777803239911e+03,2.644380742324337916e+03,2.744464754596770945e+03,2.322045863941310017e+03,2.322468199478009410e+03,2.779732074953604751e+03,2.683861911529655117e+03
8.341340723350059605e+00,2.783196754022299046e+03,2.757446776649181174e+03,2.644448340225679203e+03,2.759841381733211165e+03,2.322045863941310017e+03,2.322445847057583251e+03,2.776773199701027806e+03,2.705497825715847284e+03
8.349686236134024497e+00,2.784018752168024548e+03,2.757446775499730848e+03,2.644513423235130631e+03,2.761346820789521189e+03,2.322045863941310017e+03,2.322525564545083853e+03,2.773907477038113939e+03,2.704588747408454310e+03
8.358040098604922363e+00,2.785899898664064949e+03,2.757446774354867557e+03,2.644577623248648706e+03,2.740354486222213382e+03,2.322045863941310017e+03,2.322597121208421413e+03,2.782146659800297130e+03,2.699035295528647111e+03
8.366402319116609476e+00,2.789960433542847113e+03,2.757446773214573568e+03,2.644644977217791165e+03,2.752107937439338457e+03,2.322045863941310017e+03,2.322513740224692810e+03,2.769824036094064013e+03,2.767122779580736278e+03
8.374772906031306974e+00,2.774761232653937896e+03,2.757446772078832964e+03,2.644708510693723838e+03,2.745434753777207789e+03,2.322045863941310017e+03,2.322579106730222975e+03,2.766640088076524535e+03,2.708307869967103670e+03
8.383151867719607964e+00,2.778672943157434929e+03,2.757446770947625282e+03,2.644774331367165814e+03,2.732631026066326740e+03,2.322045863941310017e+03,2.322617909260473425e+03,2.773272405750604321e+03,2.675284201312138521e+03
8.391539212560473970e+00,2.784442035117981050e+03,2.757446769820934605e+03,2.644840021876111223e+03,2.725742797590869486e+03,2.322045863941310017e+03,2.322548955409251903e+03,2.780852461606253655e+03,2.698575104368821485e+03
8.399934948941243817e+00,2.787099809590751647e+03,2.757446768698740470e+03,2.644904893359907419e+03,2.707463749747134443e+03,2.322045863941310017e+03,2.322556806616499216e+03,2.782705599368687217e+03,2.698480424477464567e+03
8.408339085257669154e+00,2.782549544751110716e+03,2.757446767581027871e+03,2.644969813605650415e+03,2.706434623244358136e+03,2.322045863941310017e+03,2.322701389608142563e+03,2.777939880230029303e+03,2.691054331826473117e+03
8.416751629913894917e+00,2.777724743350040171e+03,2.757446766467774978e+03,2.645035008419635687e+03,2.727138228081748366e+03,2.322045863941310017e+03,2.322577897353870412e+03,2.771785823907731810e+03,2.689705220090903367e+03
8.425172591322457549e+00,2.789542929787434332e+03,2.757446765358967696e+03,2.645099555192062780e+03,2.783399433051022697e+03,2.322045863941310017e+03,2.322558685269456873e+03,2.761888736808556587e+03,2.715129776349101576e+03
8.433601977904316982e+00,2.777094863640706080e+03,2.757446764254585105e+03,2.645165586634828287e+03,2.738017946512645267e+03,2.322045863941310017e+03,2.322541485229257887e+03,2.769116609292465000e+03,2.675165199443179517e+03
8.442039798088845970e+00,2.778583291075028228e+03,2.757446763154611290e+03,2.645231229073157010e+03,2.745009352924013001e+03,2.322045863941310017e+03,2.322530788912193202e+03,2.770831907487856370e+03,2.658016298781119076e+03
8.450486060313876280e+00,2.773315401279143771e+03,2.757446762059027606e+03,2.645295189369491254e+03,2.740674343219306593e+03,2.322045863941310017e+03,2.322521574274987415e+03,2.763395036150276155e+03,2.690128465459149083e+03
8.458940773025682702e+00,2.778547305934567248e+03,2.757446760967819955e+03,2.645360346655793364e+03,2.735557066339852099e+03,2.322045863941310017e+03,2.322509110342548411e+03,2.771435890635817032e+03,2.661418039497332302e+03
8.467403944678965289e+00,2.781012819565666177e+03,2.757446759880968330e+03,2.645425282215273000e+03,2.721986442625037398e+03,2.322045863941310017e+03,2.322492918904370072e+03,2.775529248362156977e+03,2.667087453291043403e+03
8.475875583736877772e+00,2.776238422773596994e+03,2.757446758798454539e+03,2.645490538019089399e+03,2.710533728612189861e+03,2.322045863941310017e+03,2.322468570627426288e+03,2.769435917963093289e+03,2.684702013456554141e+03
8.484355698671077306e+00,2.774850474839948220e+03,2.757446757720261758e+03,2.645556396969469461e+03,2.754764251336890993e+03,2.322045863941310017e+03,2.322426922545410434e+03,2.759614970730110144e+03,2.720017261322793274e+03
8.492844297961685385e+00,2.790174211480028589e+03,2.757446756646373160e+03,2.645622177399590328e+03,2.735568434936130870e+03,2.322045863941310017e+03,2.322418227409337760e+03,2.765178831361762150e+03,2.764016819564009438e+03
8.501341390097305606e+00,2.773592985200672047e+03,2.757446755576772375e+03,2.645686873649764493e+03,2.737521524455159579e+03,2.322045863941310017e+03,2.322382289074273558e+03,2.762489256421229129e+03,2.709738391185549062e+03
8.509846983575016566e+00,2.777373273520419843e+03,2.757446754511440304e+03,2.645748755522003648e+03,2.756727354976400875e+03,2.322045863941310017e+03,2.322292795327318800e+03,2.760026218240182970e+03,2.696954059741740366e+03
8.518361086900414492e+00,2.786340834626139440e+03,2.757446753450359211e+03,2.645815478940905450e+03,2.780540188217516970e+03,2.322045863941310017e+03,2.322323464430574859e+03,2.763121866889592638e+03,2.715497790143189377e+03
8.526883708587609689e+00,2.775359716806996857e+03,2.757446752393518636e+03,2.645878749576224891e+03,2.740526462842490673e+03,2.322045863941310017e+03,2.322324574646723249e+03,2.764683402723608197e+03,2.705604448368295380e+03
8.535414857159233648e+00,2.772602011754221166e+03,2.757446751340894025e+03,2.645944983130062155e+03,2.727602961259468429e+03,2.322045863941310017e+03,2.322304965655738215e+03,2.761053784888820246e+03,2.706902175909143352e+03
8.543954541146417725e+00,2.780943683001646605e+03,2.757446750292470369e+03,2.646009278899437049e+03,2.736876503217827576e+03,2.322045863941310017e+03,2.322237529901578455e+03,2.774221397679931670e+03,2.687058472801806147e+03
8.552502769088846435e+00,2.774040152905874038e+03,2.757446749248234028e+03,2.646074871788593555e+03,2.713694403666477228e+03,2.322045863941310017e+03,2.322225516979348413e+03,2.763909164560202498e+03,2.698449968311921111e+03
8.561059549534769886e+00,2.770971259309219931e+03,2.757446748208165900e+03,2.646139767490214126e+03,2.727939731237005162e+03,2.322045863941310017e+03,2.322197964346312801e+03,2.758105443098925207e+03,2.686768823777241778e+03
8.569624891040954040e+00,2.772658974432903051e+03,2.757446747172249161e+03,2.646203884665478654e+03,2.736620079148672630e+03,2.322045863941310017e+03,2.322195655241769146e+03,2.761138312482356469e+03,2.677876056791546944e+03
8.578198802172744664e+00,2.775043278735353397e+03,2.757446746140466075e+03,2.646267494492249170e+03,2.746886230868606617e+03,2.322045863941310017e+03,2.322186512838668477e+03,2.751479737234948061e+03,2.696633294793946789e+03
8.586781291504054892e+00,2.772623992536145579e+03,2.757446745112804820e+03,2.646332102880402545e+03,2.731360299855097310e+03,2.322045863941310017e+03,2.322189331118556311e+03,2.757921954773896232e+03,2.670121195350778180e+03
8.595372367617367004e+00,2.766388014570558425e+03,2.757446744089244930e+03,2.646396392548329004e+03,2.732440732934414427e+03,2.322045863941310017e+03,2.322230623932144681e+03,2.749252460099707150e+03,2.661141358922676773e+03
8.603972039103769731e+00,2.769009251408690034e+03,2.757446743069769582e+03,2.646462025158853521e+03,2.697355109565608927e+03,2.322045863941310017e+03,2.322252868530788419e+03,2.755953279118641149e+03,2.688247234337125064e+03
8.612580314562926276e+00,2.774160840963561895e+03,2.757446742054366496e+03,2.646526004057220689e+03,2.712824504853952021e+03,2.322045863941310017e+03,2.322288605710653428e+03,2.763699814313293246e+03,2.704416263290579991e+03
8.621197202603106291e+00,2.775959903490220768e+03,2.757446741043015663e+03,2.646590560933363122e+03,2.721233127001212779e+03,2.322045863941310017e+03,2.322309669685063000e+03,2.767032691679738491e+03,2.698762596128042787e+03
8.629822711841205418e+00,2.794831255208571292e+03,2.757446740035700714e+03,2.646653854735013283e+03,2.725009354495621210e+03,2.322045863941310017e+03,2.322305572050811861e+03,2.757204320182008814e+03,2.777679626054477012e+03
8.638456850902734629e+00,2.771684704119440084e+03,2.757446739032409369e+03,2.646718245902834497e+03,2.710046180669554815e+03,2.322045863941310017e+03,2.322252435664084260e+03,2.752012745938598528e+03,2.727493160164581695e+03
8.647099628421834439e+00,2.767854654159701113e+03,2.757446738033121164e+03,2.646781690179081124e+03,2.717875023780085485e+03,2.322045863941310017e+03,2.322341356800110134e+03,2.742477280290648650e+03,2.714969220467603009e+03
8.655751053041289111e+00,2.768836141286675229e+03,2.757446737037823823e+03,2.646845094046653230e+03,2.725234315870980936e+03,2.322045863941310017e+03,2.322310749341007977e+03,2.750482609267161934e+03,2.701984010794315509e+03
8.664411133412508903e+00,2.769343364827477217e+03,2.757446736046495971e+03,2.646909725239388081e+03,2.713193480808660752e+03,2.322045863941310017e+03,2.322301746044277934e+03,2.750769129795399294e+03,2.699884387582574163e+03
8.673079878195583348e+00,2.773652561808652990e+03,2.757446735059130788e+03,2.646972323695146770e+03,2.743911860987741875e+03,2.322045863941310017e+03,2.322413468081744668e+03,2.747655827892316211e+03,2.716591460807799649e+03
8.681757296059268825e+00,2.774021709044985982e+03,2.757446734075703262e+03,2.647036053394666851e+03,2.755098528041976806e+03,2.322045863941310017e+03,2.322249984044023677e+03,2.751457995419634699e+03,2.689240977682617540e+03
8.690443395680979677e+00,2.773787552094578132e+03,2.757446733096202024e+03,2.647099576432789945e+03,2.733267187201051911e+03,2.322045863941310017e+03,2.322425408017042628e+03,2.758887385977508529e+03,2.703108291313263180e+03
8.699138185746802421e+00,2.772919928492026429e+03,2.757446732120611614e+03,2.647161884022730192e+03,2.746611790387897145e+03,2.322045863941310017e+03,2.322427020923934379e+03,2.751866286358271736e+03,2.691904121414620931e+03
8.707841674951531274e+00,2.769349422717709331e+03,2.757446731148917479e+03,2.647225622167952679e+03,2.715917092313621652e+03,2.322045863941310017e+03,2.322259010701323859e+03,2.754706364090855459e+03,2.681082106841433415e+03
8.716553871998657499e+00,2.767603226317105964e+03,2.757446730181098701e+03,2.647287606356074775e+03,2.715459233101482823e+03,2.322045863941310017e+03,2.322473288142765796e+03,2.741604819317282818e+03,2.715526553385473107e+03
8.725274785600385385e+00,2.764838913877126288e+03,2.757446729217144821e+03,2.647349656357465847e+03,2.714831194787938784e+03,2.322045863941310017e+03,2.322330137029843627e+03,2.742694709654824237e+03,2.680941779740529910e+03
8.734004424477626927e+00,2.765383566362967031e+03,2.757446728257039467e+03,2.647412094740986504e+03,2.732511552563339592e+03,2.322045863941310017e+03,2.322430746347476543e+03,2.742016779910684818e+03,2.684247733292842440e+03
8.742742797360028462e+00,2.768581977528567677e+03,2.757446727300768998e+03,2.647474186474190446e+03,2.727537882113669184e+03,2.322045863941310017e+03,2.322512292803715809e+03,2.743360577597217798e+03,2.704628050145914131e+03
8.751489912985947583e+00,2.768163159862437169e+03,2.757446726348313405e+03,2.647536930872057383e+03,2.709399667897444488e+03,2.322045863941310017e+03,2.322331819741243180e+03,2.748840313986206183e+03,2.695343224149815342e+03
8.760245780102501101e+00,2.768517584879354672e+03,2.757446725399659044e+03,2.647597671172306036e+03,2.747378806999923199e+03,2.322045863941310017e+03,2.322544222864586118e+03,2.740181756652131753e+03,2.703147216447617666e+03
8.769010407465559709e+00,2.783342366862739709e+03,2.757446724454793639e+03,2.647659627558369721e+03,2.716195323842737707e+03,2.322045863941310017e+03,2.322354269337503865e+03,2.740089197512879764e+03,2.746141237897272276e+03
8.777783803839755095e+00,2.766878320755285131e+03,2.757446723513699908e+03,2.647721141511700353e+03,2.695301314117406037e+03,2.322045863941310017e+03,2.322635185363837081e+03,2.741874141481763218e+03,2.699203837754122560e+03
8.786565977998490595e+00,2.770810817911730737e+03,2.757446722576363300e+03,2.647781786932842806e+03,2.727872105454417124e+03,2.322045863941310017e+03,2.322435465742412816e+03,2.742063397481735592e+03,2.722100810984446071e+03
8.795356938723939422e+00,2.777539170404335891e+03,2.757446721642765624e+03,2.647842168791567474e+03,2.750804737657705573e+03,2.322045863941310017e+03,2.322660864494691850e+03,2.756100873234348001e+03,2.726472994207598276e+03
8.804156694807058869e+00,2.782034620871009338e+03,2.757446720712895967e+03,2.647902899455677016e+03,2.771833326183690588e+03,2.322045863941310017e+03,2.322749799961733970e+03,2.740796791895083516e+03,2.714292692607610206e+03
8.812965255047608082e+00,2.767569131333451423e+03,2.757446719786739777e+03,2.647963330759100700e+03,2.721000922558037018e+03,2.322045863941310017e+03,2.322647049404230074e+03,2.745157330127843125e+03,2.691840329947410737e+03
8.821782628254137393e+00,2.768654661231143564e+03,2.757446718864280683e+03,2.648023586483921463e+03,2.735490201136496125e+03,2.322045863941310017e+03,2.322994516413029487e+03,2.733009741895477418e+03,2.714268655562912045e+03
8.830608823244022076e+00,2.766495131081347154e+03,2.757446717945503678e+03,2.648083803303754848e+03,2.712259037225875090e+03,2.322045863941310017e+03,2.322885784526208681e+03,2.735096023668342241e+03,2.710239342031330125e+03
8.839443848843473006e+00,2.765916392372249902e+03,2.757446717030393756e+03,2.648141473781547120e+03,2.724633891085155483e+03,2.322045863941310017e+03,2.323276122763762942e+03,2.735566250444378966e+03,2.712875583411474054e+03
8.848287713887501127e+00,2.765169025221847733e+03,2.757446716118936820e+03,2.648201745160862174e+03,2.709144747140228446e+03,2.322045863941310017e+03,2.323278818032929848e+03,2.737306779908460612e+03,2.682462164771078733e+03
8.857140427219977852e+00,2.767252628184081914e+03,2.757446715211118772e+03,2.648260401228515548e+03,2.707574721430126374e+03,2.322045863941310017e+03,2.323748846662537744e+03,2.736453494494167899e+03,2.707576238370800183e+03
8.866001997693629733e+00,2.762619417595327832e+03,2.757446714306926879e+03,2.648316784694470243e+03,2.712932977563866189e+03,2.322045863941310017e+03,2.323835176528732063e+03,2.731116750184069133e+03,2.681659525762578596e+03
8.874872434170018920e+00,2.764839286330304731e+03,2.757446713406340677e+03,2.648376885646145183e+03,2.709397448424896993e+03,2.322045863941310017e+03,2.324462537408349817e+03,2.740129569357841774e+03,2.689357697169211406e+03
8.883751745519584020e+00,2.766843658524905550e+03,2.757446712509353347e+03,2.648433100515058413e+03,2.710349147282114245e+03,2.322045863941310017e+03,2.324773694234258983e+03,2.741207171159564950e+03,2.690848235885293889e+03
8.892639940621627659e+00,2.761705465487738365e+03,2.757446711615943059e+03,2.648490535805464333e+03,2.697444113435472445e+03,2.322045863941310017e+03,2.325740981778366404e+03,2.727513284560007833e+03,2.671365491480994024e+03
8.901537028364346682e+00,2.767657259184013583e+03,2.757446710726101628e+03,2.648546844107035213e+03,2.711363109618007911e+03,2.322045863941310017e+03,2.326996658106845643e+03,2.738761067393692883e+03,2.689945163655427223e+03
8.910443017644842811e+00,2.789564850345129344e+03,2.757446709839811774e+03,2.648603390396739997e+03,2.701220004871035599e+03,2.322045863941310017e+03,2.336412787431214383e+03,2.729079526395224093e+03,2.764869223738023720e+03
8.919357917369106659e+00,2.779793426208193978e+03,2.757446708957059855e+03,2.648658988873322414e+03,2.763658644694949089e+03,2.322045863941310017e+03,2.349915146132085283e+03,2.744919548058637247e+03,2.700318727074723029e+03
8.928281736452028383e+00,2.765421192780241199e+03,2.757446708077832227e+03,2.648716128229981678e+03,2.715035372215957523e+03,2.322045863941310017e+03,2.365848867481355228e+03,2.736771433912843804e+03,2.682377381680312283e+03
8.937214483817424338e+00,2.764458535663039129e+03,2.757446707202112975e+03,2.648770519509454061e+03,2.709554475419062328e+03,2.322045863941310017e+03,2.379871509922520545e+03,2.731238401411681934e+03,2.709031913066808556e+03
8.946156168398053055e+00,2.775597467718523149e+03,2.757446706329892550e+03,2.648824574438178843e+03,2.745014882321802816e+03,2.322045863941310017e+03,2.399768547047725860e+03,2.725648722053221718e+03,2.745763991592759794e+03
8.955106799135602813e+00,2.768720453117733086e+03,2.757446705461151396e+03,2.648879354998273357e+03,2.719301851082573194e+03,2.322045863941310017e+03,2.416077365130890939e+03,2.725901886162987466e+03,2.731647273743706592e+03
8.964066384980700519e+00,2.769559743426209934e+03,2.757446704595880419e+03,2.648932659014820729e+03,2.715397100025828877e+03,2.322045863941310017e+03,2.433404190981585998e+03,2.716371462996093214e+03,2.730445610477041555e+03
8.973034934892920589e+00,2.770709720636867587e+03,2.757446703734060520e+03,2.648985401679680763e+03,2.732524744274786372e+03,2.322045863941310017e+03,2.445607450012068966e+03,2.729415826508301052e+03,2.732178334949362124e+03
8.982012457840816921e+00,2.767240871835633243e+03,2.757446702875681694e+03,2.649037400163852453e+03,2.717545837718165785e+03,2.322045863941310017e+03,2.454185885430136750e+03,2.723992046907844269e+03,2.722615415370622941e+03
8.990998962801915795e+00,2.762680682732823243e+03,2.757446702020730754e+03,2.649090224451945687e+03,2.728908751699916593e+03,2.322045863941310017e+03,2.465731149643040226e+03,2.715807268924940672e+03,2.684375321024935602e+03
8.999994458762726524e+00,2.772398508361473887e+03,2.757446701169191783e+03,2.649142346492865272e+03,2.739919215222530056e+03,2.322045863941310017e+03,2.480803565911940041e+03,2.727858810873643506e+03,2.697154563886526830e+03
9.008998954718752117e+00,2.764559566344514678e+03,2.757446700321052504e+03,2.649192351652791785e+03,2.699809240391135972e+03,2.322045863941310017e+03,2.482467440068463475e+03,2.729218220040861524e+03,2.692241436255705139e+03
9.018012459674480397e+00,2.762880523024858121e+03,2.757446699476300637e+03,2.649242440581579558e+03,2.718639492918268843e+03,2.322045863941310017e+03,2.500960151815474546e+03,2.722900152728962439e+03,2.682078679499829832e+03
9.027034982643430183e+00,2.768242593899197345e+03,2.757446698634920267e+03,2.649291194637857188e+03,2.733135442194999541e+03,2.322045863941310017e+03,2.498732906273612116e+03,2.732967563326073559e+03,2.695119064720934603e+03
9.036066532648108662e+00,2.772660992008170069e+03,2.757446697796895023e+03,2.649339571691912170e+03,2.759119457046807383e+03,2.322045863941310017e+03,2.514011424900889324e+03,2.712558363148260923e+03,2.679025915437633557e+03
9.045107118720066453e+00,2.764327966582348836e+03,2.757446696962219903e+03,2.649388209340927006e+03,2.713635517178260670e+03,2.322045863941310017e+03,2.519047372919191275e+03,2.722465357002910423e+03,2.695233568799542809e+03
9.054156749899895829e+00,2.766788794032293481e+03,2.757446696130873988e+03,2.649436155224340837e+03,2.693130287242618579e+03,2.322045863941310017e+03,2.527695855799782294e+03,2.725461122082262591e+03,2.707227083809344549e+03
9.063215435237236051e+00,2.783844256952412252e+03,2.757446695302847274e+03,2.649483173979376716e+03,2.720269708904706931e+03,2.322045863941310017e+03,2.527970602207835782e+03,2.719555670080887012e+03,2.760351204049758962e+03
9.072283183790760930e+00,2.763016565189248013e+03,2.757446694478127029e+03,2.649531532145666915e+03,2.715173164507901674e+03,2.322045863941310017e+03,2.533735022292528356e+03,2.723135842481845430e+03,2.680658577266890916e+03
9.081360004628232119e+00,2.766793895346310819e+03,2.757446693656700063e+03,2.649577203545853990e+03,2.724526761790345972e+03,2.322045863941310017e+03,2.538719103250147327e+03,2.721115201846166656e+03,2.697306814288763235e+03
9.090445906826465361e+00,2.769821942469191072e+03,2.757446692838548188e+03,2.649622014177291931e+03,2.740409337258323376e+03,2.322045863941310017e+03,2.545368651230839532e+03,2.713069605567425242e+03,2.712896794671855332e+03
9.099540899471353583e+00,2.764300596994440639e+03,2.757446692023666401e+03,2.649666611064319113e+03,2.708296939970056428e+03,2.322045863941310017e+03,2.538854887089933527e+03,2.718704378695273590e+03,2.712775446969487803e+03
9.108644991657907752e+00,2.762130363382376345e+03,2.757446691212035148e+03,2.649710156694108719e+03,2.710323214517689394e+03,2.322045863941310017e+03,2.547312069858016002e+03,2.711560122211332327e+03,2.696708525344763075e+03
9.117758192490214242e+00,2.767777613380979801e+03,2.757446690403645789e+03,2.649752534282916258e+03,2.697994417995037566e+03,2.322045863941310017e+03,2.543654236137232601e+03,2.713396645624349730e+03,2.720780919778198495e+03
9.126880511081456149e+00,2.772275494746156255e+03,2.757446689598481044e+03,2.649795093630493739e+03,2.685851918703419415e+03,2.322045863941310017e+03,2.549543261823055673e+03,2.714064792455229963e+03,2.733708351249798852e+03
9.136011956553980795e+00,2.764647381251235856e+03,2.757446688796532271e+03,2.649836593974495372e+03,2.709878349418713242e+03,2.322045863941310017e+03,2.552381011945030423e+03,2.718978571192787513e+03,2.702728866010226739e+03
9.145152538039225121e+00,2.766613470779080217e+03,2.757446687997784011e+03,2.649878545977642261e+03,2.697867190810927241e+03,2.322045863941310017e+03,2.560098782321776071e+03,2.711940428658637302e+03,2.709617698088251018e+03
9.154302264677754764e+00,2.762508782667048763e+03,2.757446687202226258e+03,2.649917542040412627e+03,2.714771839785565589e+03,2.322045863941310017e+03,2.548115986406532102e+03,2.712091619383723810e+03,2.681003599422349453e+03
9.163461145619306691e+00,2.771660032590061746e+03,2.757446686409841732e+03,2.649956795649384276e+03,2.750401178031791005e+03,2.322045863941310017e+03,2.553539915390278111e+03,2.718210640476753269e+03,2.712649909960782679e+03
9.172629190022773216e+00,2.763160675670254022e+03,2.757446685620621793e+03,2.649995029780756795e+03,2.721376238444314822e+03,2.322045863941310017e+03,2.551982083109115592e+03,2.716045504602935580e+03,2.689896661188640337e+03
9.181806407056209096e+00,2.769439694554143898e+03,2.757446684834551888e+03,2.650030505429273944e+03,2.696192488010521174e+03,2.322045863941310017e+03,2.551515684153425354e+03,2.719800535907677386e+03,2.727403707832422697e+03
9.190992805896815554e+00,2.763020984315591704e+03,2.757446684051620196e+03,2.650068727721029973e+03,2.693354645340495608e+03,2.322045863941310017e+03,2.555507375251691428e+03,2.713689378669989310e+03,2.685649968918320155e+03
9.200188395730982904e+00,2.761999722219935393e+03,2.757446683271814436e+03,2.650103394825321629e+03,2.690540687133726806e+03,2.322045863941310017e+03,2.555505200964031246e+03,2.705151916223951048e+03,2.707357535778169677e+03
9.209393185754311872e+00,2.769421844146375406e+03,2.757446682495120513e+03,2.650138217429668657e+03,2.714146694079563076e+03,2.322045863941310017e+03,2.549109330331780257e+03,2.706729422090141725e+03,2.728108509461976610e+03
9.218607185171601159e+00,2.784335029874394877e+03,2.757446681721527057e+03,2.650171188453142349e+03,2.710479558914829795e+03,2.322045863941310017e+03,2.554584618255669284e+03,2.702025176843178997e+03,2.758356989036185951e+03
9.227830403196845666e+00,2.762959719269651487e+03,2.757446680951023154e+03,2.650203399271005765e+03,2.714494322984125120e+03,2.322045863941310017e+03,2.551848517859527419e+03,2.698690257709061825e+03,2.683180127268845808e+03
9.237062849053257807e+00,2.759766839958635501e+03,2.757446680183593344e+03,2.650234832563465261e+03,2.680935800262652265e+03,2.322045863941310017e+03,2.546658709106002789e+03,2.693751417460756329e+03,2.674455878813020263e+03
9.246304531973294161e+00,2.763410736096476285e+03,2.757446679419228076e+03,2.650265526817475347e+03,2.716109808211102518e+03,2.322045863941310017e+03,2.545577699909245439e+03,2.710354911080580223e+03,2.648997924390641856e+03
9.255555461198628819e+00,2.764115372934763855e+03,2.757446678657912344e+03,2.650295564272419142e+03,2.719657006661162541e+03,2.322045863941310017e+03,2.531064822873895537e+03,2.709515507308519773e+03,2.708486086165003599e+03
9.264815645980180037e+00,2.762913239933530349e+03,2.757446677899640235e+03,2.650324579937589533e+03,2.700440381226544559e+03,2.322045863941310017e+03,2.550690033095800118e+03,2.700745961668431391e+03,2.701626941503127455e+03
9.274085095578149307e+00,2.762258136580726386e+03,2.757446677144392197e+03,2.650351265797055021e+03,2.700072593527166191e+03,2.322045863941310017e+03,2.545612783289959225e+03,2.704129141838863234e+03,2.693066683859557997e+03
9.283363819261991168e+00,2.765101016873223216e+03,2.757446676392159134e+03,2.650378295641302429e+03,2.727806624534246112e+03,2.322045863941310017e+03,2.543203854722604319e+03,2.706814701737830092e+03,2.709921158868318344e+03
9.292651826310423857e+00,2.779075495893442167e+03,2.757446675642928312e+03,2.650403093469946270e+03,2.722498565367361152e+03,2.322045863941310017e+03,2.531629581825292462e+03,2.701497844858862663e+03,2.754822013408916064e+03
9.301949126011466618e+00,2.767907123171655257e+03,2.757446674896689728e+03,2.650427616121849951e+03,2.706607648770049309e+03,2.322045863941310017e+03,2.526902526670839052e+03,2.689532698903248274e+03,2.722976008282454131e+03
9.311255727662413051e+00,2.773932638947809210e+03,2.757446674153429285e+03,2.650450394376069653e+03,2.736266702686074495e+03,2.322045863941310017e+03,2.526159764105678732e+03,2.704181097185561157e+03,2.727722236626193535e+03
9.320571640569852434e+00,2.769969580295132346e+03,2.757446673413134704e+03,2.650472808744455506e+03,2.739868937721678321e+03,2.322045863941310017e+03,2.527520766982332134e+03,2.704135390270977950e+03,2.710793952967219411e+03
9.329896874049708799e+00,2.762760897445908540e+03,2.757446672675797799e+03,2.650492977267991591e+03,2.694858608760044717e+03,2.322045863941310017e+03,2.525777937043128986e+03,2.704222937633098354e+03,2.692119681643727290e+03
9.339231437427214289e+00,2.767508719642917185e+03,2.757446671941404020e+03,2.650512606092162514e+03,2.688223301255548449e+03,2.322045863941310017e+03,2.520183385545417423e+03,2.688810181165176800e+03,2.718745657915998436e+03
9.348575340036930470e+00,2.761100882823312077e+03,2.757446671209940632e+03,2.650531070021127107e+03,2.698331050543440142e+03,2.322045863941310017e+03,2.511354611058552564e+03,2.690103412206748999e+03,2.669049050738658934e+03
9.357928591222769654e+00,2.760183266135361919e+03,2.757446670481398996e+03,2.650547326621614047e+03,2.691838426454691216e+03,2.322045863941310017e+03,2.516088054188963724e+03,2.692070205083346536e+03,2.677032556349608512e+03
9.367291200337986012e+00,2.766431965957950069e+03,2.757446669755763196e+03,2.650562865644711565e+03,2.703964011364279941e+03,2.322045863941310017e+03,2.512880572541906076e+03,2.705066889338369492e+03,2.701700969273609644e+03
9.376663176745188011e+00,2.775627976711850351e+03,2.757446669033027320e+03,2.650576796461998583e+03,2.757529380322431280e+03,2.322045863941310017e+03,2.520688520855318529e+03,2.695678092387553988e+03,2.693583832954239824e+03
9.386044529816329529e+00,2.779528781827501007e+03,2.757446668313173632e+03,2.650589457156120261e+03,2.708885940883858439e+03,2.322045863941310017e+03,2.511140076834324645e+03,2.686010455269407885e+03,2.744301072735734579e+03
9.395435268932777362e+00,2.761558113485907597e+03,2.757446667596194402e+03,2.650602143254476687e+03,2.716220146656134602e+03,2.322045863941310017e+03,2.507077813737791985e+03,2.702152743124706831e+03,2.665364726290055387e+03
9.404835403485281020e+00,2.762271409214369214e+03,2.757446666882076897e+03,2.650612076777838411e+03,2.731726213920400369e+03,2.322045863941310017e+03,2.509456369619015732e+03,2.690081227312092324e+03,2.664576342642773852e+03
9.414244942873983391e+00,2.763351500067914913e+03,2.757446666170811568e+03,2.650622106189055103e+03,2.710403437973247492e+03,2.322045863941310017e+03,2.516983875205778986e+03,2.686808206355585753e+03,2.685016918341999826e+03
9.423663896508408300e+00,2.760320830997147823e+03,2.757446665462384772e+03,2.650629243521160788e+03,2.696901837455086024e+03,2.322045863941310017e+03,2.518041908102753951e+03,2.696431547310837232e+03,2.665933947126365183e+03
9.433092273807510253e+00,2.767320008914303799e+03,2.757446664756786504e+03,2.650634307962875937e+03,2.741319925152480209e+03,2.322045863941310017e+03,2.523113341631414642e+03,2.692772578496140795e+03,2.710008269843142898e+03
9.442530084199676210e+00,2.768677953428632463e+03,2.757446664054002667e+03,2.650639989434101608e+03,2.745422207351482484e+03,2.322045863941310017e+03,2.519044375783960731e+03,2.688027885858173249e+03,2.720715033880006104e+03
9.451977337122700717e+00,2.762775096015342569e+03,2.757446663354028715e+03,2.650646020472040163e+03,2.716548515319109356e+03,2.322045863941310017e+03,2.514049190924468348e+03,2.684950334285420013e+03,2.699245945476272937e+03
9.461434042023851632e+00,2.762807059780841882e+03,2.757446662656846001e+03,2.650650511127661503e+03,2.707777316988589064e+03,2.322045863941310017e+03,2.511190630310731194e+03,2.692942229414605663e+03,2.696306464145365226e+03
9.470900208359841699e+00,2.764007995196943284e+03,2.757446661962446797e+03,2.650651835397886771e+03,2.706443883821888448e+03,2.322045863941310017e+03,2.530645269695105981e+03,2.696929864149469267e+03,2.694788343540414644e+03
9.480375845596830331e+00,2.773043940742466930e+03,2.757446661270819277e+03,2.650656292263880459e+03,2.697920434744335580e+03,2.322045863941310017e+03,2.512183644540532896e+03,2.688395967839085188e+03,2.742653232438478881e+03
9.489860963210443145e+00,2.767183739915440128e+03,2.757446660581953893e+03,2.650656967853053175e+03,2.717662385826352875e+03,2.322045863941310017e+03,2.526105327021796711e+03,2.679482293380219289e+03,2.709666634961122782e+03
9.499355570685796835e+00,2.769408199327028342e+03,2.757446659895836547e+03,2.650657443591197534e+03,2.709035655151675201e+03,2.322045863941310017e+03,2.520163922459299101e+03,2.694406045158216330e+03,2.707280053484417749e+03
9.508859677517522258e+00,2.768345069153585882e+03,2.757446659212460418e+03,2.650656716391994905e+03,2.718415714933542404e+03,2.322045863941310017e+03,2.517466045253944230e+03,2.691034960535849223e+03,2.707974430961873622e+03
9.518373293209727137e+00,2.761395522734960196e+03,2.757446658531810954e+03,2.650654865117016470e+03,2.709503259407762016e+03,2.322045863941310017e+03,2.547210466469397488e+03,2.687420780099735111e+03,2.665109082127841248e+03
9.527896427276017377e+00,2.765817190831181961e+03,2.757446657853879060e+03,2.650652721930480311e+03,2.710910759394943852e+03,2.322045863941310017e+03,2.508073074317365808e+03,2.675912361615286500e+03,2.694090863561849346e+03
9.537429089239534363e+00,2.759724853520741362e+03,2.757446657178652913e+03,2.650648251139052263e+03,2.677960999708051077e+03,2.322045863941310017e+03,2.543873875680553738e+03,2.679747140442385444e+03,2.674223782107117131e+03
9.546971288632937203e+00,2.760249239161406422e+03,2.757446656506122054e+03,2.650645000845047889e+03,2.685806607472635733e+03,2.322045863941310017e+03,2.522646480964154307e+03,2.681208291871136680e+03,2.674708994011469713e+03
9.556523034998415156e+00,2.783320527394742840e+03,2.757446655836277387e+03,2.650641056156925515e+03,2.675032097565311233e+03,2.322045863941310017e+03,2.532325668366970149e+03,2.673850065068057120e+03,2.754071477468789453e+03
9.566084337887714284e+00,2.760429530983601126e+03,2.757446655169106634e+03,2.650634398033196703e+03,2.689164153176739546e+03,2.322045863941310017e+03,2.532824057421107682e+03,2.679651332046688367e+03,2.686442031119926924e+03
9.575655206862155211e+00,2.761200318647451240e+03,2.757446654504595244e+03,2.650627669587143373e+03,2.708736913508114867e+03,2.322045863941310017e+03,2.514436220774762660e+03,2.672810128790934868e+03,2.664016149189309544e+03
9.585235651492601150e+00,2.761619051831206889e+03,2.757446653842741853e+03,2.650620278737268563e+03,2.701073180050484098e+03,2.322045863941310017e+03,2.541543728730413477e+03,2.674239408171638843e+03,2.682549087724504261e+03
9.594825681359489877e+00,2.765694539368327241e+03,2.757446653183527360e+03,2.650612188548209360e+03,2.741906392480152135e+03,2.322045863941310017e+03,2.516280440242485383e+03,2.681904662365193417e+03,2.667375939766498050e+03
9.604425306052858602e+00,2.761677846457061605e+03,2.757446652526946764e+03,2.650603088221688267e+03,2.703276354227052252e+03,2.322045863941310017e+03,2.535225694357752673e+03,2.678165670453341136e+03,2.687624960016649766e+03
9.614034535172329754e+00,2.764729120197058819e+03,2.757446651872986422e+03,2.650591686260890583e+03,2.707702427326051748e+03,2.322045863941310017e+03,2.515446716771291449e+03,2.681488252603250658e+03,2.703243976070044937e+03
9.623653378327144736e+00,2.769660732950270813e+03,2.757446651221635420e+03,2.650582975791895478e+03,2.742496868859209371e+03,2.322045863941310017e+03,2.536464082793592752e+03,2.688640484470640786e+03,2.701086281221892477e+03
9.633281845136144383e+00,2.762468585238593732e+03,2.757446650572884664e+03,2.650569743879417274e+03,2.706418250903281205e+03,2.322045863941310017e+03,2.518087847559110287e+03,2.682660173899833808e+03,2.698524551050055834e+03
9.642919945227788503e+00,2.760501284543958263e+03,2.757446649926724604e+03,2.650558930634255375e+03,2.707118109499526781e+03,2.322045863941310017e+03,2.537327215415483806e+03,2.680425099256061912e+03,2.677874794815383211e+03
9.652567688240177191e+00,2.760882335601586419e+03,2.757446649283144779e+03,2.650543739674916196e+03,2.707947967693085957e+03,2.322045863941310017e+03,2.529454380788275557e+03,2.664761962798910645e+03,2.690666617898868935e+03
9.662225083821059712e+00,2.762705538656006865e+03,2.757446648642133368e+03,2.650530363619477157e+03,2.713581834030759182e+03,2.322045863941310017e+03,2.522651540911640495e+03,2.671195517132523946e+03,2.687836749703424175e+03
9.671892141627825623e+00,2.782097373309740306e+03,2.757446648003679456e+03,2.650515799434527707e+03,2.690128732026038961e+03,2.322045863941310017e+03,2.532788828598093460e+03,2.673337396850388814e+03,2.757860203777733204e+03
9.681568871327542070e+00,2.768453652792799403e+03,2.757446647367776222e+03,2.650499199767535629e+03,2.721682582942270074e+03,2.322045863941310017e+03,2.511227486773088458e+03,2.666881530990767260e+03,2.705854680533347164e+03
9.691255282596948462e+00,2.771468845640542440e+03,2.757446646734412752e+03,2.650483061921425360e+03,2.705252110040016305e+03,2.322045863941310017e+03,2.533817987695998454e+03,2.665046373232870337e+03,2.722098375815063719e+03
9.700951385122442261e+00,2.767051221471247572e+03,2.757446646103572220e+03,2.650466092055421086e+03,2.717656638038890378e+03,2.322045863941310017e+03,2.511368567781591082e+03,2.660099795393419754e+03,2.700893646241343504e+03
9.710657188600119838e+00,2.767608723005749653e+03,2.757446645475254627e+03,2.650448268019400075e+03,2.733406926687305713e+03,2.322045863941310017e+03,2.526782994059912653e+03,2.677477608014645739e+03,2.665207671285901597e+03
9.720372702735790682e+00,2.766608022184199854e+03,2.757446644849445420e+03,2.650429999872224016e+03,2.725755230570576259e+03,2.322045863941310017e+03,2.514115954777187653e+03,2.674649708841565825e+03,2.653157114221016855e+03
9.730097937244989836e+00,2.760169939949909349e+03,2.757446644226131866e+03,2.650410853723563832e+03,2.694116019293189765e+03,2.322045863941310017e+03,2.526111634398909246e+03,2.665248414473214325e+03,2.666197094813817785e+03
9.739832901852937042e+00,2.774402584438997110e+03,2.757446643605306235e+03,2.650391581499478889e+03,2.671944501824682447e+03,2.322045863941310017e+03,2.506491793895929277e+03,2.673174507950154293e+03,2.721945415290749679e+03
9.749577606294588250e+00,2.760594571641617677e+03,2.757446642986960342e+03,2.650370218440999906e+03,2.701527497165362092e+03,2.322045863941310017e+03,2.530806322776373690e+03,2.667582614815426496e+03,2.653136501525889344e+03
9.759332060314649837e+00,2.762347250833270664e+03,2.757446642371084181e+03,2.650349327758261552e+03,2.705089267421863497e+03,2.322045863941310017e+03,2.489887680449288382e+03,2.676229467473232035e+03,2.679246115672523501e+03
9.769096273667582153e+00,2.762157168667765745e+03,2.757446641757665930e+03,2.650326233277814026e+03,2.668353301712447319e+03,2.322045863941310017e+03,2.539135976370175285e+03,2.687434317548646959e+03,2.679654949332739761e+03
9.778870256117615511e+00,2.762868991247874419e+03,2.757446641146695129e+03,2.650303915886825962e+03,2.682111367593041905e+03,2.322045863941310017e+03,2.490606134492861202e+03,2.661361521232317500e+03,2.696367834887042591e+03
9.788654017438732424e+00,2.760813006862672864e+03,2.757446640538163592e+03,2.650280752550459511e+03,2.697837375685017832e+03,2.322045863941310017e+03,2.524554761865489581e+03,2.657366493889048343e+03,2.665690498406029747e+03
9.798447567414664050e+00,2.762120650638901225e+03,2.757446639932061771e+03,2.650256311828856269e+03,2.672754373400661734e+03,2.322045863941310017e+03,2.503657650075811489e+03,2.659804323419226876e+03,2.691347143122581201e+03
9.808250915838975459e+00,2.762745082560848459e+03,2.757446639328380570e+03,2.650232639349674173e+03,2.724502801326911140e+03,2.322045863941310017e+03,2.511199344483229652e+03,2.659769884909788743e+03,2.672481635183779417e+03
9.818064072515033658e+00,2.761370478321752216e+03,2.757446638727107256e+03,2.650207158985119804e+03,2.726264722025433912e+03,2.322045863941310017e+03,2.514410170266211480e+03,2.656484943655113511e+03,2.662767425185347747e+03
9.827887047255972064e+00,2.770644840067992391e+03,2.757446638128235463e+03,2.650180961965447295e+03,2.750340094994382071e+03,2.322045863941310017e+03,2.493524902803214445e+03,2.652272541359498973e+03,2.696456749814662544e+03
9.837719849884752676e+00,2.761910217026203100e+03,2.757446637531754732e+03,2.650154543984234806e+03,2.719365728842265980e+03,2.322045863941310017e+03,2.514807287455283131e+03,2.658787133314531275e+03,2.685113948996949603e+03
9.847562490234214039e+00,2.759127197575549417e+03,2.757446636937653238e+03,2.650126456307189983e+03,2.691542095315502593e+03,2.322045863941310017e+03,2.481562554130623539e+03,2.651929503698831013e+03,2.659340379347386715e+03
9.857414978147000184e+00,2.768373845856327080e+03,2.757446636345924617e+03,2.650099040996884924e+03,2.744366133149075722e+03,2.322045863941310017e+03,2.516474863921242559e+03,2.667498154407816401e+03,2.675295457237086794e+03
9.867277323475578399e+00,2.768731040204795136e+03,2.757446635756557043e+03,2.650070669761631052e+03,2.707898834721632284e+03,2.322045863941310017e+03,2.486428895776847185e+03,2.666432514896439898e+03,2.706720634879512090e+03
9.877149536082290737e+00,2.770478456643378649e+03,2.757446635169545061e+03,2.650041216209357117e+03,2.699911142289233339e+03,2.322045863941310017e+03,2.517011682917939652e+03,2.655422404607614226e+03,2.726403351492943330e+03
9.887031625839361126e+00,2.771648856599065311e+03,2.757446634584872754e+03,2.650010685844777981e+03,2.747403248734484805e+03,2.322045863941310017e+03,2.479392890748450554e+03,2.658909882973088770e+03,2.715947452685903500e+03
9.896923602628888261e+00,2.776290633512538534e+03,2.757446634002536939e+03,2.649980486444510461e+03,2.767779441917933582e+03,2.322045863941310017e+03,2.514618765078009346e+03,2.657632402945874674e+03,2.673921990861805170e+03
9.906825476342849157e+00,2.760309130381452633e+03,2.757446633422525792e+03,2.649950230404472222e+03,2.719195416454446786e+03,2.322045863941310017e+03,2.474764479084231880e+03,2.676059499241559934e+03,2.652256203891654422e+03
9.916737256883115137e+00,2.760394557931457257e+03,2.757446632844829765e+03,2.649918622730117477e+03,2.713072161854129718e+03,2.322045863941310017e+03,2.487692481175124158e+03,2.661055247218206659e+03,2.660851168324271839e+03
9.926658954161467818e+00,2.775860101438735001e+03,2.757446632269437941e+03,2.649886396322684959e+03,2.716717472771001212e+03,2.322045863941310017e+03,2.499408430171921282e+03,2.664419675406154965e+03,2.730351747972481462e+03
9.936590578099600890e+00,2.761515551992132714e+03,2.757446631696345776e+03,2.649852917541575607e+03,2.687496273616056897e+03,2.322045863941310017e+03,2.477519003815699762e+03,2.661837877144027971e+03,2.684136505380056406e+03
9.946532138629127218e+00,2.758513304615582456e+03,2.757446631125540534e+03,2.649819140460591370e+03,2.673838327634845882e+03,2.322045863941310017e+03,2.509847551563047546e+03,2.645080085456828783e+03,2.662355471748313903e+03
9.956483645691630358e+00,2.761694491750588440e+03,2.757446630557013123e+03,2.649785822332245061e+03,2.705973142521022965e+03,2.322045863941310017e+03,2.480283169422179071e+03,2.640001608390606179e+03,2.660019188678013961e+03
9.966445109238609490e+00,2.762551411959016605e+03,2.757446629990755355e+03,2.649751178712710953e+03,2.704200766898360598e+03,2.322045863941310017e+03,2.506114735021818888e+03,2.641210757632853529e+03,2.664774003720424844e+03
9.976416539231490077e+00,2.758866540721639012e+03,2.757446629426758591e+03,2.649715206318279343e+03,2.688101462966245890e+03,2.322045863941310017e+03,2.479987928818140063e+03,2.639620305754017409e+03,2.666014270829148245e+03
9.986397945641753537e+00,2.760880467435192713e+03,2.757446628865014191e+03,2.649680189334331772e+03,2.706846687477107935e+03,2.322045863941310017e+03,2.490487551727555456e+03,2.644606971062864886e+03,2.679089443439473598e+03
9.996389338450816453e+00,2.762719527795073191e+03,2.757446628305510785e+03,2.649643527838364662e+03,2.716582519696506552e+03,2.322045863941310017e+03,2.506624924221120182e+03,2.655907915293097176e+03,2.680037475072193502e+03
1.000639072765004123e+01,2.760113178188485563e+03,2.757446627748241099e+03,2.649606783091185662e+03,2.693421776385565863e+03,2.322045863941310017e+03,2.477276251739949657e+03,2.644613023166411949e+03,2.667292260490826720e+03
1.001640212324083024e+01,2.762738667899434859e+03,2.757446627193196491e+03,2.649568866341288867e+03,2.716898410986341332e+03,2.322045863941310017e+03,2.519120456807988830e+03,2.654956454744617076e+03,2.660939601079402564e+03
1.002642353523456897e+01,2.760623603566538804e+03,2.757446626640367867e+03,2.649529906346336702e+03,2.706476746099252523e+03,2.322045863941310017e+03,2.481082245941694509e+03,2.646368300745609758e+03,2.668115948626531008e+03
1.003645497365267047e+01,2.762908348711173403e+03,2.757446626089745678e+03,2.649491523750679335e+03,2.706338344306044291e+03,2.322045863941310017e+03,2.513578243514161386e+03,2.649326841068449539e+03,2.693683310508699378e+03
1.004649644852658952e+01,2.760888569559835560e+03,2.757446625541320373e+03,2.649451904853549877e+03,2.710932698979816450e+03,2.322045863941310017e+03,2.497739016244924187e+03,2.656996271458324372e+03,2.671585473225498390e+03
1.005654796989779243e+01,2.762286732704859332e+03,2.757446624995086495e+03,2.649411336264367947e+03,2.724180614081716612e+03,2.322045863941310017e+03,2.491542911004796679e+03,2.646699723892465045e+03,2.684339816212090682e+03
1.006660954781782102e+01,2.761745133200196506e+03,2.757446624451032676e+03,2.649371607381150625e+03,2.711337588818340009e+03,2.322045863941310017e+03,2.504725107325575664e+03,2.655313970592797887e+03,2.685514764231646950e+03
1.007668119234822868e+01,2.784249620525572936e+03,2.757446623909151185e+03,2.649331965402179776e+03,2.677161743265770838e+03,2.322045863941310017e+03,2.491729016155624322e+03,2.643640068116865677e+03,2.751988468834542346e+03
1.008676291356065313e+01,2.767363158683049278e+03,2.757446623369428835e+03,2.649290548445740114e+03,2.693438913426207819e+03,2.322045863941310017e+03,2.499835955224508780e+03,2.651102342799090820e+03,2.710611958014126685e+03
1.009685472153683961e+01,2.763137044431252889e+03,2.757446622831865625e+03,2.649247834270081967e+03,2.725378638724903794e+03,2.322045863941310017e+03,2.491064908001118511e+03,2.631303099827574897e+03,2.688411330246848593e+03
1.010695662636857328e+01,2.759323795615647214e+03,2.757446622296447003e+03,2.649204966438823703e+03,2.693607358960119200e+03,2.322045863941310017e+03,2.494010514668561427e+03,2.634714974210230139e+03,2.681381347104456381e+03
1.011706863815775748e+01,2.762373876171761822e+03,2.757446621763165695e+03,2.649161958117509130e+03,2.709646738740030287e+03,2.322045863941310017e+03,2.503831316271448486e+03,2.629680709164911605e+03,2.694621460295340057e+03
1.012719076701644561e+01,2.762366946773589007e+03,2.757446621232013058e+03,2.649118125322269861e+03,2.700127511148949907e+03,2.322045863941310017e+03,2.490687207975383899e+03,2.634916046158517929e+03,2.695138319740653515e+03
1.013732302306676303e+01,2.758327486353045970e+03,2.757446620702981363e+03,2.649073588287139955e+03,2.673656801309057300e+03,2.322045863941310017e+03,2.501069178926617496e+03,2.637760491209068277e+03,2.669879667991697261e+03
1.014746541644093369e+01,2.758652020963769701e+03,2.757446620176061060e+03,2.649029221020548448e+03,2.675584195883262055e+03,2.322045863941310017e+03,2.489702889397969557e+03,2.637194300990520787e+03,2.672211004979880727e+03
1.015761795728136541e+01,2.762567156683503526e+03,2.757446619651242600e+03,2.648984296813430774e+03,2.695263704396822050e+03,2.322045863941310017e+03,2.497028129957326200e+03,2.637176191542183460e+03,2.684936231619536557e+03
1.016778065574060363e+01,2.760014988757637184e+03,2.757446619128522798e+03,2.648937659015542067e+03,2.710830729791107387e+03,2.322045863941310017e+03,2.502725101035957323e+03,2.638823085360343157e+03,2.683508179699510492e+03
1.017795352198134040e+01,2.760186247336715496e+03,2.757446618607886649e+03,2.648890250113162438e+03,2.686454381451548215e+03,2.322045863941310017e+03,2.491471108149062729e+03,2.643035893350922834e+03,2.680994353727714497e+03
1.018813656617644803e+01,2.760586013106490554e+03,2.757446618089330968e+03,2.648843481212833012e+03,2.682599256876875188e+03,2.322045863941310017e+03,2.480008767296621045e+03,2.640966259750550307e+03,2.693593477970838194e+03
1.019832979850896315e+01,2.758666411874138248e+03,2.757446617572845298e+03,2.648797339276586172e+03,2.653998871202640657e+03,2.322045863941310017e+03,2.488834712329383365e+03,2.640413485118649987e+03,2.682952561877561493e+03
1.020853322917211692e+01,2.759461469089325874e+03,2.757446617058420088e+03,2.648751184100307000e+03,2.672245627707899075e+03,2.322045863941310017e+03,2.491542820934095744e+03,2.644059114849969319e+03,2.684586290597751486e+03
1.021874686836936519e+01,2.760177431938987411e+03,2.757446616546048517e+03,2.648704803972770151e+03,2.690376171638743472e+03,2.322045863941310017e+03,2.501134894564383103e+03,2.629477799663552560e+03,2.688382341550684487e+03
1.022897072631432813e+01,2.762942270359874328e+03,2.757446616035721945e+03,2.648658019647101810e+03,2.716143845437167329e+03,2.322045863941310017e+03,2.493505347933681605e+03,2.642204895150473021e+03,2.683937455414897158e+03
1.023920481323086840e+01,2.759820875465439713e+03,2.757446615527433096e+03,2.648611291087977406e+03,2.687426424728958409e+03,2.322045863941310017e+03,2.472386205135211185e+03,2.636438384729196969e+03,2.688450839958528832e+03
1.024944913935308044e+01,2.764829078783008754e+03,2.757446615021173784e+03,2.648565302695802529e+03,2.716768761158361031e+03,2.322045863941310017e+03,2.494146040248759164e+03,2.636565333867490153e+03,2.702625565811569686e+03
1.025970371492530120e+01,2.760120268152535573e+03,2.757446614516936279e+03,2.648518476410758012e+03,2.681268921902157672e+03,2.322045863941310017e+03,2.482611485092657404e+03,2.637978447096986656e+03,2.691302811061580087e+03
1.026996855020209765e+01,2.768836818784412117e+03,2.757446614014710121e+03,2.648471806633386677e+03,2.742228319411283337e+03,2.322045863941310017e+03,2.492840385911500107e+03,2.620807863443646966e+03,2.691792586988093262e+03
1.028024365544828989e+01,2.760734121390666587e+03,2.757446613514488035e+03,2.648427392212075119e+03,2.713850539848008339e+03,2.322045863941310017e+03,2.465085475677396971e+03,2.623365312265287685e+03,2.706608761354221770e+03
1.029052904093897070e+01,2.770890584118359584e+03,2.757446613016264564e+03,2.648382194007233011e+03,2.736500251010200373e+03,2.322045863941310017e+03,2.486860058790096446e+03,2.624081762348060693e+03,2.719853061366533439e+03
1.030082471695954105e+01,2.763129784674629718e+03,2.757446612520029703e+03,2.648335191069388202e+03,2.729824043418209385e+03,2.322045863941310017e+03,2.494527424640340087e+03,2.631984592540269659e+03,2.691207532360841469e+03
1.031113069380570302e+01,2.761050485488854974e+03,2.757446612025776176e+03,2.648287288695016287e+03,2.703622861943741555e+03,2.322045863941310017e+03,2.466704759808663312e+03,2.610800389270305914e+03,2.692167513836752278e+03
1.032144698178341002e+01,2.760165927973875114e+03,2.757446611533494888e+03,2.648241653179713921e+03,2.698246313769282096e+03,2.322045863941310017e+03,2.496328667779836451e+03,2.618589474955241258e+03,2.698771434152799884e+03
1.033177359120896099e+01,2.791573174273587483e+03,2.757446611043178564e+03,2.648195353428048747e+03,2.740774367632543999e+03,2.322045863941310017e+03,2.488991973893095746e+03,2.624208689204391248e+03,2.774820352780335270e+03
1.034211053240896305e+01,2.814389857310738989e+03,2.757446610554820836e+03,2.648149522635166704e+03,2.725178380648852908e+03,2.322045863941310017e+03,2.464063081207300456e+03,2.634036084978398776e+03,2.809775196007694376e+03
1.035245781572035639e+01,2.814592603484964911e+03,2.757446610068412610e+03,2.648102433456505423e+03,2.711447169484421465e+03,2.322045863941310017e+03,2.487958983886778697e+03,2.625377316486369637e+03,2.812584993779395518e+03
1.036281545149046046e+01,2.807407770899429579e+03,2.757446609583943427e+03,2.648056753618865969e+03,2.721235149306169660e+03,2.322045863941310017e+03,2.488097463078953751e+03,2.620441713152063585e+03,2.804694597208871983e+03
1.037318345007685849e+01,2.800642834989288986e+03,2.757446609101411013e+03,2.648009053453650267e+03,2.701207794349577853e+03,2.322045863941310017e+03,2.474733733212765856e+03,2.631061716493259155e+03,2.795856243923914462e+03
1.038356182184754672e+01,2.794330133561266393e+03,2.757446608620804909e+03,2.647963805886982755e+03,2.726641342556389645e+03,2.322045863941310017e+03,2.487513082287300222e+03,2.618957589772695883e+03,2.788931810241512721e+03
1.039395057718094506e+01,2.793233395722329988e+03,2.757446608142116020e+03,2.647918275329767766e+03,2.711868220358676808e+03,2.322045863941310017e+03,2.480603350715312899e+03,2.625192075976284286e+03,2.786692887455258642e+03
1.040434972646577449e+01,2.787298067468994304e+03,2.757446607665337979e+03,2.647873170352404031e+03,2.745885286924656612e+03,2.322045863941310017e+03,2.476975533380780234e+03,2.632217198125437790e+03,2.777038493313302752e+03
1.041475928010119567e+01,2.780406430523544259e+03,2.757446607190464874e+03,2.647826826968657770e+03,2.747798222996692402e+03,2.322045863941310017e+03,2.476746694850454787e+03,2.637264403882253191e+03,2.768418869220814940e+03
1.042517924849676270e+01,2.786573279708575228e+03,2.757446606717485338e+03,2.647780322221192819e+03,2.761936666945306570e+03,2.322045863941310017e+03,2.476662672081431992e+03,2.618018411508370718e+03,2.776233773149761419e+03
1.043560964207244091e+01,2.786284363004033366e+03,2.757446606246395731e+03,2.647733619924595132e+03,2.716932634063249679e+03,2.322045863941310017e+03,2.493284833671230899e+03,2.603091329675086399e+03,2.779813705078590374e+03
1.044605047125863351e+01,2.774668812208015424e+03,2.757446605777184686e+03,2.647689872395569182e+03,2.697747968114072137e+03,2.322045863941310017e+03,2.491886982934754542e+03,2.613890949941338931e+03,2.758809588195190827e+03
1.045650174649616737e+01,2.778682668771380122e+03,2.757446605309847200e+03,2.647644601224272719e+03,2.713768797554955199e+03,2.322045863941310017e+03,2.493918401560524217e+03,2.608002432402649447e+03,2.767148526054260856e+03
1.046696347823632323e+01,2.775028306749080457e+03,2.757446604844376907e+03,2.647598945419397751e+03,2.729273124202079543e+03,2.322045863941310017e+03,2.481591674958353451e+03,2.604065082622607406e+03,2.757019849270370742e+03
1.047743567694081968e+01,2.775780620555369296e+03,2.757446604380763802e+03,2.647554118788455980e+03,2.726679081745522126e+03,2.322045863941310017e+03,2.511215869044959163e+03,2.605445570918348949e+03,2.759789691417923223e+03
1.048791835308187892e+01,2.773551502511710169e+03,2.757446603919002428e+03,2.647508821462460219e+03,2.738234104399769876e+03,2.322045863941310017e+03,2.486680930324801466e+03,2.611241456773117079e+03,2.754225494256798356e+03
1.049841151714219478e+01,2.772639244572870211e+03,2.757446603459083235e+03,2.647465543309491295e+03,2.695040788249360048e+03,2.322045863941310017e+03,2.511436090177839105e+03,2.620403976052801227e+03,2.755071403328178349e+03
1.050891517961488653e+01,2.776769384706755318e+03,2.757446603000999858e+03,2.647422405135461759e+03,2.695177968140191297e+03,2.322045863941310017e+03,2.518632623978465745e+03,2.610008205440245547e+03,2.757023040248815505e+03
1.051942935100361609e+01,2.772092274375850593e+03,2.757446602544744110e+03,2.647377351251978325e+03,2.664537115903252470e+03,2.322045863941310017e+03,2.502662037965969830e+03,2.610933027708746067e+03,2.751822989429187601e+03
1.052995404182255612e+01,2.778194940219159434e+03,2.757446602090312354e+03,2.647333550821439530e+03,2.693735396246109303e+03,2.322045863941310017e+03,2.508417561448340166e+03,2.614577494153919815e+03,2.764001393135064973e+03
1.054048926259641838e+01,2.771120755534315776e+03,2.757446601637694584e+03,2.647289563335262301e+03,2.708206183467795654e+03,2.322045863941310017e+03,2.496835408861527867e+03,2.613512176148299204e+03,2.749467215793605646e+03
1.055103502386043424e+01,2.772227091568069682e+03,2.757446601186883527e+03,2.647247164647814316e+03,2.705101444831117078e+03,2.322045863941310017e+03,2.513256527350735723e+03,2.607407381751945650e+03,2.745485283255072773e+03
1.056159133616035106e+01,2.770883628244458578e+03,2.757446600737870085e+03,2.647204088833063906e+03,2.702541965818916651e+03,2.322045863941310017e+03,2.501223034754923447e+03,2.625834088438596154e+03,2.748066944506017990e+03
1.057215821005249623e+01,2.773791150268785714e+03,2.757446600290650622e+03,2.647162038127553387e+03,2.730639446364863943e+03,2.322045863941310017e+03,2.529412811106300524e+03,2.613013250713030175e+03,2.757911837667437794e+03
1.058273565610372202e+01,2.771596844963517015e+03,2.757446599845215587e+03,2.647120068625043587e+03,2.736989481226042244e+03,2.322045863941310017e+03,2.487570200315122293e+03,2.611975532694447338e+03,2.748836120285628567e+03
1.059332368489147136e+01,2.766898468139379020e+03,2.757446599401559979e+03,2.647076093457272691e+03,2.734261528368881955e+03,2.322045863941310017e+03,2.506411546042277223e+03,2.609075928712701625e+03,2.733419800052864503e+03
1.060392230700380445e+01,2.766963492765514275e+03,2.757446598959672883e+03,2.647035077916926639e+03,2.694258313233300669e+03,2.322045863941310017e+03,2.505759944142578206e+03,2.612957611644482768e+03,2.732541110734614904e+03
1.061453153303934549e+01,2.764819133023333961e+03,2.757446598519553390e+03,2.646992391448115995e+03,2.689227311359640225e+03,2.322045863941310017e+03,2.515526727230099823e+03,2.595543913615447309e+03,2.726646873898774174e+03
1.062515137360728801e+01,2.773046153402948221e+03,2.757446598081187403e+03,2.646951640225529445e+03,2.721737442172511237e+03,2.322045863941310017e+03,2.503389874106002480e+03,2.592946215032370219e+03,2.750074444700368531e+03
1.063578183932750676e+01,2.765362077300397686e+03,2.757446597644572648e+03,2.646909765083810271e+03,2.719995716636840370e+03,2.322045863941310017e+03,2.513946678875743146e+03,2.600886602230083554e+03,2.732843653474552411e+03
1.064642294083046359e+01,2.772162731897849881e+03,2.757446597209701395e+03,2.646868950968429999e+03,2.702001405863088621e+03,2.322045863941310017e+03,2.507998106502751398e+03,2.606955763304554694e+03,2.744931004845513598e+03
1.065707468875722519e+01,2.769847998040420862e+03,2.757446596776567276e+03,2.646828239547952307e+03,2.716989136527580285e+03,2.322045863941310017e+03,2.522211180956474891e+03,2.602387933480918491e+03,2.735162426842309742e+03
1.066773709375955370e+01,2.783005031661085923e+03,2.757446596345160742e+03,2.646788010423361811e+03,2.728372274037007173e+03,2.322045863941310017e+03,2.498843295553248026e+03,2.592701619164499789e+03,2.769091770817977249e+03
1.067841016649985697e+01,2.768859586420313008e+03,2.757446595915476337e+03,2.646748068055932890e+03,2.684777832678195409e+03,2.322045863941310017e+03,2.514902070479101894e+03,2.614534052384212373e+03,2.740255994979234856e+03
1.068909391765121697e+01,2.784087719019791166e+03,2.757446595487507693e+03,2.646708686183999362e+03,2.668935442781596066e+03,2.322045863941310017e+03,2.490881358512175666e+03,2.598384847367420662e+03,2.768387279631344882e+03
1.069978835789741112e+01,2.783670697169547111e+03,2.757446595061247081e+03,2.646669763761042759e+03,2.664595339067578607e+03,2.322045863941310017e+03,2.505810887975263540e+03,2.594676656558156537e+03,2.766995774227045331e+03
1.071049349793284122e+01,2.778721325199190687e+03,2.757446594636688133e+03,2.646630403201622812e+03,2.698359283415188202e+03,2.322045863941310017e+03,2.506495795278350215e+03,2.612632261733144333e+03,2.765500146213184053e+03
1.072120934846262230e+01,2.798249333655816827e+03,2.757446594213823573e+03,2.646591430490876974e+03,2.706670047932615034e+03,2.322045863941310017e+03,2.518161728194932493e+03,2.590845566944080474e+03,2.791719782880040384e+03
1.073193592020265008e+01,2.810538162547443335e+03,2.757446593792647946e+03,2.646554325011790297e+03,2.722954223491080029e+03,2.322045863941310017e+03,2.488401073051289131e+03,2.603864269498555132e+03,2.807050868024643933e+03
1.074267322387948553e+01,2.801349117792160996e+03,2.757446593373151700e+03,2.646516734040469601e+03,2.697864715634263121e+03,2.322045863941310017e+03,2.513064725945801911e+03,2.602383627333108052e+03,2.794840304610988369e+03
1.075342127023045613e+01,2.795216789749598320e+03,2.757446592955333472e+03,2.646478360802688712e+03,2.702002411684776234e+03,2.322045863941310017e+03,2.498747367534903333e+03,2.596884404799140157e+03,2.788341735154280741e+03
1.076418007000361143e+01,2.790966783150850006e+03,2.757446592539181893e+03,2.646442195659042682e+03,2.747163265175872311e+03,2.322045863941310017e+03,2.513101201453546309e+03,2.607386452813834239e+03,2.781198036642698753e+03
1.077494963395772487e+01,2.782002119227623552e+03,2.757446592124691051e+03,2.646403206786108058e+03,2.696887590529986483e+03,2.322045863941310017e+03,2.484550674355454248e+03,2.598525724769390763e+03,2.768039256367853795e+03
1.078572997286235946e+01,2.784889916316730705e+03,2.757446591711854126e+03,2.646366382868443452e+03,2.695801782508315227e+03,2.322045863941310017e+03,2.511891075248146535e+03,2.602009412201326086e+03,2.774001522220525658e+03
1.079652109749786604e+01,2.771452856586861799e+03,2.757446591300666569e+03,2.646331884884156352e+03,2.679255793645425001e+03,2.322045863941310017e+03,2.479315864889130353e+03,2.586499011781499576e+03,2.748147457502916041e+03
1.080732301865536016e+01,2.776561772548961471e+03,2.757446590891119286e+03,2.646294317363757727e+03,2.703362803644405176e+03,2.322045863941310017e+03,2.515380693526103641e+03,2.588254977829454219e+03,2.754366020080235558e+03
1.081813574713675230e+01,2.771458822000631244e+03,2.757446590483207729e+03,2.646258069418973719e+03,2.675981518901485742e+03,2.322045863941310017e+03,2.491444958968580067e+03,2.589243766502317158e+03,2.743947449284131380e+03
1.082895929375480826e+01,2.772340112859248620e+03,2.757446590076925077e+03,2.646223584414881770e+03,2.706210669184505150e+03,2.322045863941310017e+03,2.498951668277951740e+03,2.591607683378044840e+03,2.746840747745745375e+03
1.083979366933308164e+01,2.767819493325080657e+03,2.757446589672262689e+03,2.646189006552568571e+03,2.730945414053710465e+03,2.322045863941310017e+03,2.509288182874872291e+03,2.590905951172000641e+03,2.715967452553370094e+03
1.085063888470592453e+01,2.780326465728456242e+03,2.757446589269217384e+03,2.646154710906249875e+03,2.749142975208471853e+03,2.322045863941310017e+03,2.500888271802503368e+03,2.595042162365817148e+03,2.760295157641438436e+03
1.086149495071854965e+01,2.764844833263367036e+03,2.757446588867779610e+03,2.646121409335980843e+03,2.706403045405617831e+03,2.322045863941310017e+03,2.516380075402419607e+03,2.580035130507666054e+03,2.726747956371220425e+03
1.087236187822703393e+01,2.764201571892464926e+03,2.757446588467944821e+03,2.646087872303487075e+03,2.719531396638858951e+03,2.322045863941310017e+03,2.500094170833437147e+03,2.577313712221644892e+03,2.722949343806447814e+03
1.088323967809830783e+01,2.777203302435665137e+03,2.757446588069706195e+03,2.646053804756395493e+03,2.741102194241246707e+03,2.322045863941310017e+03,2.511090319905944398e+03,2.581456768935167020e+03,2.759901768996031933e+03
1.089412836121015538e+01,2.765456949783306754e+03,2.757446587673057365e+03,2.646019996751826966e+03,2.711890872575118465e+03,2.322045863941310017e+03,2.500237823191443113e+03,2.597093200388308105e+03,2.728411244026936401e+03
1.090502793845127627e+01,2.766035733889721996e+03,2.757446587277990602e+03,2.645986421975840585e+03,2.688114659429659241e+03,2.322045863941310017e+03,2.510616198890519627e+03,2.573520600371240562e+03,2.736596429924421045e+03
1.091593842072125753e+01,2.775126674987880961e+03,2.757446586884504541e+03,2.645954069220199926e+03,2.688735254730663655e+03,2.322045863941310017e+03,2.499213432661830666e+03,2.596901416845828408e+03,2.756896918058064330e+03
1.092685981893055747e+01,2.766461741580279977e+03,2.757446586492585993e+03,2.645922015415267651e+03,2.711893047460258913e+03,2.322045863941310017e+03,2.514449682383597064e+03,2.586604968914394249e+03,2.732164533968118121e+03
1.093779214400056787e+01,2.772423077634848596e+03,2.757446586102234050e+03,2.645888597145798030e+03,2.753867681666380577e+03,2.322045863941310017e+03,2.520258137913876453e+03,2.592048533206105276e+03,2.741493926297969210e+03
1.094873540686364244e+01,2.770672950045545349e+03,2.757446585713438253e+03,2.645857599105490863e+03,2.716044672593942778e+03,2.322045863941310017e+03,2.504952133818940638e+03,2.590196006114402735e+03,2.744421180108837234e+03
1.095968961846305412e+01,2.770321706780759541e+03,2.757446585326195873e+03,2.645827266712152777e+03,2.704653040451891229e+03,2.322045863941310017e+03,2.512397845424267871e+03,2.599994080842148833e+03,2.740830635622807677e+03
1.097065478975298802e+01,2.767150371231371537e+03,2.757446584940500088e+03,2.645796246369130131e+03,2.735568650925369184e+03,2.322045863941310017e+03,2.505868008423131869e+03,2.584834880509289178e+03,2.733020557492918670e+03
1.098163093169861426e+01,2.770449022426414103e+03,2.757446584556343169e+03,2.645765325007472711e+03,2.760688802487245539e+03,2.322045863941310017e+03,2.506497620742512026e+03,2.583350359965458210e+03,2.720935947522420975e+03
1.099261805527609326e+01,2.771923261521234963e+03,2.757446584173718747e+03,2.645734984755276855e+03,2.754797111024739479e+03,2.322045863941310017e+03,2.518186492091043874e+03,2.584279792287517921e+03,2.739059492447427147e+03
1.100361617147250470e+01,2.774051956528121536e+03,2.757446583792624097e+03,2.645705158550773831e+03,2.748463768802913364e+03,2.322045863941310017e+03,2.498432689192585713e+03,2.570449557744118465e+03,2.743206252117137410e+03
1.101462529128598788e+01,2.785357172419014205e+03,2.757446583413051030e+03,2.645677263638951899e+03,2.733297847617760908e+03,2.322045863941310017e+03,2.512595960799380009e+03,2.585556166940683852e+03,2.760730977451732542e+03
1.102564542572569906e+01,2.766834384623156438e+03,2.757446583034990454e+03,2.645647470693610558e+03,2.748550844647758368e+03,2.322045863941310017e+03,2.507061006654651464e+03,2.572931995327724962e+03,2.711950424676976581e+03
1.103667658581177058e+01,2.774093275398954574e+03,2.757446582658438729e+03,2.645618071475479610e+03,2.761960249300713713e+03,2.322045863941310017e+03,2.497348973471619956e+03,2.565315462756631860e+03,2.728308926054708536e+03
1.104771878257536777e+01,2.768595237948079557e+03,2.757446582283392218e+03,2.645589140298985967e+03,2.736604474474761446e+03,2.322045863941310017e+03,2.516411749213500570e+03,2.567889854342760373e+03,2.736621092813934865e+03
1.105877202705865336e+01,2.762533553965525243e+03,2.757446581909841825e+03,2.645560694291866639e+03,2.709019154423237524e+03,2.322045863941310017e+03,2.506071246597007757e+03,2.571122647776744543e+03,2.716799948442564983e+03
1.106983633031488878e+01,2.760991893744135723e+03,2.757446581537784368e+03,2.645532424538223495e+03,2.705509809987962399e+03,2.322045863941310017e+03,2.515531225084389916e+03,2.565696877576232964e+03,2.706312936200502008e+03
1.108091170340838083e+01,2.762038145840263041e+03,2.757446581167209843e+03,2.645503383450223282e+03,2.720767728468998030e+03,2.322045863941310017e+03,2.517392556872220212e+03,2.583545044678456634e+03,2.698937270170326883e+03
1.109199815741450479e+01,2.761063738397780526e+03,2.757446580798116429e+03,2.645476102915781212e+03,2.680605058335210742e+03,2.322045863941310017e+03,2.483720030064287585e+03,2.576088780776978183e+03,2.708992022563189948e+03
1.110309570341971686e+01,2.764258334580016253e+03,2.757446580430495487e+03,2.645449758614764050e+03,2.688189709264493558e+03,2.322045863941310017e+03,2.530297628091070237e+03,2.579798444242687765e+03,2.727987948265783416e+03
1.111420435252153993e+01,2.759955994643063605e+03,2.757446580064342925e+03,2.645421337809151737e+03,2.687557645685658372e+03,2.322045863941310017e+03,2.486314875004660735e+03,2.570906963278682269e+03,2.701194826587671741e+03
1.112532411582863467e+01,2.765580911554227896e+03,2.757446579699651465e+03,2.645393562250934792e+03,2.699159202402644496e+03,2.322045863941310017e+03,2.524997632001236980e+03,2.579633076903599886e+03,2.728256657246088707e+03
1.113645500446078351e+01,2.765898886569455044e+03,2.757446579336416107e+03,2.645368021203727494e+03,2.725885338577066250e+03,2.322045863941310017e+03,2.492498783363954317e+03,2.582525035474153356e+03,2.719446593715218569e+03
1.114759702954887644e+01,2.760346493497157553e+03,2.757446578974630484e+03,2.645341227168176829e+03,2.699713912679615532e+03,2.322045863941310017e+03,2.508496151506277783e+03,2.575261625298288436e+03,2.698544612663179578e+03
1.115875020223492164e+01,2.764599753137621065e+03,2.757446578614289592e+03,2.645314676501334361e+03,2.719354263775963318e+03,2.322045863941310017e+03,2.506588795971869786e+03,2.578115718093508804e+03,2.707069564856192756e+03
1.116991453367207754e+01,2.760322362456841802e+03,2.757446578255387067e+03,2.645289060015775704e+03,2.699377441039088808e+03,2.322045863941310017e+03,2.506470416534687047e+03,2.583867792928656399e+03,2.708654148679825084e+03
1.118109003502470777e+01,2.760300830097041398e+03,2.757446577897916541e+03,2.645263496984230642e+03,2.711332076937563670e+03,2.322045863941310017e+03,2.495400108153013207e+03,2.555640364498715826e+03,2.695314386933732294e+03
1.119227671746831554e+01,2.760636271244042291e+03,2.757446577541873012e+03,2.645238572998654945e+03,2.688100696270139451e+03,2.322045863941310017e+03,2.506303358550972462e+03,2.556496632130680609e+03,2.704781589786580753e+03
1.120347459218956310e+01,2.770262807004783554e+03,2.757446577187252387e+03,2.645213070827374850e+03,2.699410928562302615e+03,2.322045863941310017e+03,2.508880397195293881e+03,2.566801234716215731e+03,2.730987065269735012e+03
1.121468367038634106e+01,2.771542749529830871e+03,2.757446576834044663e+03,2.645187809146999371e+03,2.714208680740405271e+03,2.322045863941310017e+03,2.497539715903424167e+03,2.566339989259327467e+03,2.733185010679781954e+03
1.122590396326773998e+01,2.764657267570931708e+03,2.757446576482248474e+03,2.645164972937132461e+03,2.713212243210030010e+03,2.322045863941310017e+03,2.520057011246667571e+03,2.554439385274937194e+03,2.722625519984682342e+03
1.123713548205403612e+01,2.764268713905521508e+03,2.757446576131857910e+03,2.645141311014821895e+03,2.728559794190351568e+03,2.322045863941310017e+03,2.485853245836134192e+03,2.550981896504807537e+03,2.704117435336704148e+03
1.124837823797674297e+01,2.767130154194956503e+03,2.757446575782864784e+03,2.645117949442673307e+03,2.731606234573071106e+03,2.322045863941310017e+03,2.511580575630896874e+03,2.562775139868228962e+03,2.722177157053839437e+03
1.125963224227863435e+01,2.786152219050556596e+03,2.757446575435265913e+03,2.645096614319438231e+03,2.720242584057338263e+03,2.322045863941310017e+03,2.497998803241421683e+03,2.563802414434723232e+03,2.759831727082701491e+03
1.127089750621371778e+01,2.771056628077510140e+03,2.757446575089052658e+03,2.645072562993388601e+03,2.736647489685026358e+03,2.322045863941310017e+03,2.498088747165768837e+03,2.567956362492170229e+03,2.732349849730823735e+03
1.128217404104722732e+01,2.760671149715608863e+03,2.757446574744222744e+03,2.645048474953105597e+03,2.687239770271326051e+03,2.322045863941310017e+03,2.514355877502688145e+03,2.560724963126132934e+03,2.698707550491435086e+03
1.129346185805569469e+01,2.761273678990592998e+03,2.757446574400768441e+03,2.645026909806733329e+03,2.695005668150723977e+03,2.322045863941310017e+03,2.511680194844598645e+03,2.563260471358324139e+03,2.698064113150078356e+03
1.130476096852695456e+01,2.760042708697108083e+03,2.757446574058686565e+03,2.645005885978337574e+03,2.698313014320396178e+03,2.322045863941310017e+03,2.508959259668837603e+03,2.559196867483791721e+03,2.686580513911221260e+03
1.131607138376011612e+01,2.767584952751089531e+03,2.757446573717969386e+03,2.644983513833588404e+03,2.747466519959229117e+03,2.322045863941310017e+03,2.502458758850677896e+03,2.571298667169801774e+03,2.695228594191029970e+03
1.132739311506561641e+01,2.768653274028654323e+03,2.757446573378612811e+03,2.644960995105321672e+03,2.753313967386468903e+03,2.322045863941310017e+03,2.513582372070075053e+03,2.575856119754474548e+03,2.681559133180165190e+03
1.133872617376518299e+01,2.760719484834416107e+03,2.757446573040611383e+03,2.644939449275895640e+03,2.710092982760238556e+03,2.322045863941310017e+03,2.518970492954461406e+03,2.561882303121326458e+03,2.689138495425184374e+03
1.135007057119186413e+01,2.763092439835545520e+03,2.757446572703957372e+03,2.644919729075624218e+03,2.700736956051996003e+03,2.322045863941310017e+03,2.501071679646266148e+03,2.563068543809020866e+03,2.705584814494192869e+03
1.136142631869005903e+01,2.760925301484968713e+03,2.757446572368648958e+03,2.644898381374975543e+03,2.693095139280312651e+03,2.322045863941310017e+03,2.504691773670066596e+03,2.563325455861312548e+03,2.693598440833665791e+03
1.137279342761551071e+01,2.762376311702711064e+03,2.757446572034679320e+03,2.644877697923780943e+03,2.693300123016408179e+03,2.322045863941310017e+03,2.491519508490919634e+03,2.558463591910808191e+03,2.710714680596444396e+03
1.138417190933534684e+01,2.768300938206589308e+03,2.757446571702041183e+03,2.644857192193911033e+03,2.739409659292899960e+03,2.322045863941310017e+03,2.521391909336463868e+03,2.559758645848741253e+03,2.714672979445909277e+03
1.139556177522804781e+01,2.763599229746512265e+03,2.757446571370733182e+03,2.644836647733952304e+03,2.701268482248113742e+03,2.322045863941310017e+03,2.489584264125258414e+03,2.555897390493068087e+03,2.705634897243908654e+03
1.140696303668344669e+01,2.760857593609451214e+03,2.757446571040747131e+03,2.644815647272032038e+03,2.700476109295523656e+03,2.322045863941310017e+03,2.497248806876999424e+03,2.539661886829605464e+03,2.696191381734914557e+03
1.141837570510285182e+01,2.761277455911214020e+03,2.757446570712075754e+03,2.644794546109818839e+03,2.688590665911579890e+03,2.322045863941310017e+03,2.503214158998072435e+03,2.547436595366994879e+03,2.699839690301304017e+03
1.142979979189892958e+01,2.759290350789128752e+03,2.757446570384720417e+03,2.644775253517014335e+03,2.704051465189469582e+03,2.322045863941310017e+03,2.487834507409893376e+03,2.544178098163108189e+03,2.675110155893075444e+03
1.144123530849573456e+01,2.760144325910318003e+03,2.757446570058669749e+03,2.644756898776803155e+03,2.693629977688688996e+03,2.322045863941310017e+03,2.501804605797925888e+03,2.546744397860142271e+03,2.692687844111456343e+03
1.145268226632879305e+01,2.762845936550391343e+03,2.757446569733920114e+03,2.644735200426173833e+03,2.722087146246853536e+03,2.322045863941310017e+03,2.498973943990445605e+03,2.549576230835657952e+03,2.704339053593170775e+03
1.146414067684506222e+01,2.770310828571006823e+03,2.757446569410467873e+03,2.644716608787287896e+03,2.702023218444179292e+03,2.322045863941310017e+03,2.497521794199734359e+03,2.543582345621169679e+03,2.726541218011697765e+03
1.147561055150296205e+01,2.769869440910125377e+03,2.757446569088305750e+03,2.644697360052304703e+03,2.730276307041867312e+03,2.322045863941310017e+03,2.506138001272940983e+03,2.562092206865982007e+03,2.709498751428609012e+03
1.148709190177238071e+01,2.760736941944177943e+03,2.757446568767431017e+03,2.644677247588455884e+03,2.698224704460911198e+03,2.322045863941310017e+03,2.488768641115899754e+03,2.542682691557423368e+03,2.701486524995779291e+03
1.149858473913466383e+01,2.758229489468955762e+03,2.757446568447836398e+03,2.644658425867337883e+03,2.676099654984571316e+03,2.322045863941310017e+03,2.490787909578065410e+03,2.556613694258135638e+03,2.670620628864265655e+03
1.151008907508263945e+01,2.762443778536676746e+03,2.757446568129518710e+03,2.644641005564815259e+03,2.673182090503292784e+03,2.322045863941310017e+03,2.499718809069813688e+03,2.562163251034236509e+03,2.710145681873010744e+03
1.152160492112064283e+01,2.796499993587290191e+03,2.757446567812470676e+03,2.644620261698933518e+03,2.689198509233362074e+03,2.322045863941310017e+03,2.493003638405458332e+03,2.557801184627142447e+03,2.783875363231378287e+03
1.153313228876454133e+01,2.764859092012863584e+03,2.757446567496688658e+03,2.644601764956287298e+03,2.710042962263497429e+03,2.322045863941310017e+03,2.502991490128286387e+03,2.562472446013369790e+03,2.720033588552786568e+03
1.154467118954168647e+01,2.760607510987235401e+03,2.757446567182166746e+03,2.644583120311848234e+03,2.729700783638016674e+03,2.322045863941310017e+03,2.476814244950242482e+03,2.561091701379501046e+03,2.693698030387250583e+03
1.155622163499100097e+01,2.779866351805177601e+03,2.757446566868901300e+03,2.644563517115741888e+03,2.774099881405174983e+03,2.322045863941310017e+03,2.493542214015541504e+03,2.550116695266237912e+03,2.697690926209381360e+03
1.156778363666291298e+01,2.760170664022495657e+03,2.757446566556885500e+03,2.644543459585953769e+03,2.724938705115350785e+03,2.322045863941310017e+03,2.529661451137862969e+03,2.547578615947623348e+03,2.679065347755407856e+03
1.157935720611939523e+01,2.760442379644510766e+03,2.757446566246116163e+03,2.644524528296091376e+03,2.695149040872328897e+03,2.322045863941310017e+03,2.514525638415595949e+03,2.557924549489722722e+03,2.700175439413919321e+03
1.159094235493406444e+01,2.761666979753522810e+03,2.757446565936587831e+03,2.644506612330472763e+03,2.703691317160491053e+03,2.322045863941310017e+03,2.521301958956363251e+03,2.537911933440821940e+03,2.702531190921640246e+03
1.160253909469204991e+01,2.760497572865574057e+03,2.757446565628295502e+03,2.644487910125579219e+03,2.697980607934273849e+03,2.322045863941310017e+03,2.499201671192164667e+03,2.538238434665199293e+03,2.687366531022132222e+03
1.161414743699006635e+01,2.762295575489190924e+03,2.757446565321231446e+03,2.644470925679152970e+03,2.731159283304342807e+03,2.322045863941310017e+03,2.506428506130177993e+03,2.530999609972594953e+03,2.679616740066267994e+03
1.162576739343652577e+01,2.762846948848001375e+03,2.757446565015394299e+03,2.644450912600959782e+03,2.738439750651299619e+03,2.322045863941310017e+03,2.495160767584521636e+03,2.545341671736115131e+03,2.673904652511781933e+03
1.163739897565136872e+01,2.765858491409200269e+03,2.757446564710779057e+03,2.644432741091159642e+03,2.747240990620286084e+03,2.322045863941310017e+03,2.507286210483315699e+03,2.539807315312664741e+03,2.685632779037971432e+03
1.164904219526613538e+01,2.770238657218179469e+03,2.757446564407378446e+03,2.644414609733892121e+03,2.760178207564352761e+03,2.322045863941310017e+03,2.516393354265289872e+03,2.534479227892577455e+03,2.698766785299561889e+03
1.166069706392407213e+01,2.762662105661911482e+03,2.757446564105189736e+03,2.644396337586326808e+03,2.713040113371830103e+03,2.322045863941310017e+03,2.542207010879418249e+03,2.538108952052639779e+03,2.706822761614020237e+03
1.167236359328002493e+01,2.763087630897798590e+03,2.757446563804206107e+03,2.644378021831701972e+03,2.715590745326055185e+03,2.322045863941310017e+03,2.492504248037979778e+03,2.542369424057022570e+03,2.715069464409866669e+03
1.168404179500053353e+01,2.760710709336996388e+03,2.757446563504425285e+03,2.644359262431488787e+03,2.715835544901426601e+03,2.322045863941310017e+03,2.491118504321143519e+03,2.539335771483997632e+03,2.682227188501928595e+03
1.169573168076382430e+01,2.765956801251923480e+03,2.757446563205841358e+03,2.644339381800662522e+03,2.740910600281828465e+03,2.322045863941310017e+03,2.503996791681734521e+03,2.545382909767769434e+03,2.697844921765105028e+03
1.170743326225976055e+01,2.776803488368018861e+03,2.757446562908447959e+03,2.644321926674379483e+03,2.744843902724594955e+03,2.322045863941310017e+03,2.500871682852462527e+03,2.540915893336833051e+03,2.739765499088759498e+03
1.171914655118992599e+01,2.782436390468717036e+03,2.757446562612244179e+03,2.644302895435027040e+03,2.772571950821330120e+03,2.322045863941310017e+03,2.493873056011533663e+03,2.552258106481363484e+03,2.745942403760205707e+03
1.173087155926761760e+01,2.790592955096430615e+03,2.757446562317219559e+03,2.644284131583273847e+03,2.785785191590905470e+03,2.322045863941310017e+03,2.489836630242149567e+03,2.543025573352084848e+03,2.739607580000689268e+03
1.174260829821783325e+01,2.771783680544436720e+03,2.757446562023374554e+03,2.644266122073996030e+03,2.747969933355965168e+03,2.322045863941310017e+03,2.484128854185591535e+03,2.544715703165345531e+03,2.726188976137386817e+03
1.175435677977733562e+01,2.765820258065975850e+03,2.757446561730703706e+03,2.644248453695302032e+03,2.748771584494247691e+03,2.322045863941310017e+03,2.499492033815936793e+03,2.537578671002256669e+03,2.691715101352672718e+03
1.176611701569460777e+01,2.771203937721569673e+03,2.757446561439200195e+03,2.644230497356264095e+03,2.751446925791154172e+03,2.322045863941310017e+03,2.484156777983701886e+03,2.547466986555286439e+03,2.691399266181548228e+03
1.177788901772987629e+01,2.761324651497488048e+03,2.757446561148859928e+03,2.644212376352230422e+03,2.721983386041228641e+03,2.322045863941310017e+03,2.498516886158266516e+03,2.533857677905488345e+03,2.688672986982994189e+03
1.178967279765513076e+01,2.767897287548854820e+03,2.757446560859679721e+03,2.644193318243526392e+03,2.699593684901414690e+03,2.322045863941310017e+03,2.493658671970066735e+03,2.535511689850812218e+03,2.713142059717301436e+03
1.180146836725415938e+01,2.787368174157933026e+03,2.757446560571654118e+03,2.644174967738244050e+03,2.703505188475136492e+03,2.322045863941310017e+03,2.489029151122608710e+03,2.534141441283732092e+03,2.772546185375326786e+03
1.181327573832253819e+01,2.761549493603748942e+03,2.757446560284775842e+03,2.644156356761279312e+03,2.717355607098256769e+03,2.322045863941310017e+03,2.494480460621778548e+03,2.541025461432339853e+03,2.689278557655807617e+03
1.182509492266764894e+01,2.764393762931667879e+03,2.757446559999043984e+03,2.644138562423826443e+03,2.741467547203885715e+03,2.322045863941310017e+03,2.502050008210541364e+03,2.526306905798076059e+03,2.700153154884039850e+03
1.183692593210868438e+01,2.761593501818354980e+03,2.757446559714453997e+03,2.644121813729140740e+03,2.701077298726534082e+03,2.322045863941310017e+03,2.489992985591837623e+03,2.522984154076700179e+03,2.702755174298200018e+03
1.184876877847663579e+01,2.763968438153008265e+03,2.757446559430998605e+03,2.644102670369131374e+03,2.687544909648459452e+03,2.322045863941310017e+03,2.494393577351431759e+03,2.529552195793510691e+03,2.715065458377427149e+03
1.186062347361433034e+01,2.761777647586856801e+03,2.757446559148675078e+03,2.644084387429367780e+03,2.710098831114587028e+03,2.322045863941310017e+03,2.487916597362790071e+03,2.525820165373935652e+03,2.693526596258547215e+03
1.187249002937649678e+01,2.764387657523407597e+03,2.757446558867478416e+03,2.644065397759066855e+03,2.716717500805965301e+03,2.322045863941310017e+03,2.502837140778510275e+03,2.532836869107937673e+03,2.714591830674482026e+03
1.188436845762971750e+01,2.764834347557236924e+03,2.757446558587406798e+03,2.644047842514710283e+03,2.734244657763154919e+03,2.322045863941310017e+03,2.483157746221513662e+03,2.532043279075321607e+03,2.689023514841064298e+03
1.189625877025236989e+01,2.767470185204952486e+03,2.757446558308449312e+03,2.644030355068489825e+03,2.747830881498509370e+03,2.322045863941310017e+03,2.502802052498312150e+03,2.533503504463531499e+03,2.679872530649256532e+03
1.190816097913477911e+01,2.777213174410756437e+03,2.757446558030607775e+03,2.644012187968435683e+03,2.765476898931565756e+03,2.322045863941310017e+03,2.494769643864818590e+03,2.543655962473992531e+03,2.689143996302846517e+03
1.192007509617916661e+01,2.759949706227737352e+03,2.757446557753874004e+03,2.643994074349142466e+03,2.699440187972061722e+03,2.322045863941310017e+03,2.497581248021760530e+03,2.540770593954573087e+03,2.684832219559106761e+03
1.193200113329962164e+01,2.760838853653547176e+03,2.757446557478247087e+03,2.643973646089291378e+03,2.700582470793693574e+03,2.322045863941310017e+03,2.500741146387294521e+03,2.542807033921048514e+03,2.693012642973771108e+03
1.194393910242220258e+01,2.761931604618533129e+03,2.757446557203719749e+03,2.643956377526948472e+03,2.703399671370325450e+03,2.322045863941310017e+03,2.501006363643885834e+03,2.531859993397254129e+03,2.706712681717659962e+03
1.195588901548488892e+01,2.764514437687148984e+03,2.757446556930286533e+03,2.643937894807498651e+03,2.713888808931664698e+03,2.322045863941310017e+03,2.493855873754444929e+03,2.529322213776003082e+03,2.721395519684620467e+03
1.196785088443757417e+01,2.770613534520027315e+03,2.757446556657946530e+03,2.643919166001245230e+03,2.755396927255690116e+03,2.322045863941310017e+03,2.509341506458960339e+03,2.533800417033355643e+03,2.724015741040498142e+03
1.197982472124212983e+01,2.769832066483057133e+03,2.757446556386692919e+03,2.643900554160315551e+03,2.704552797689731051e+03,2.322045863941310017e+03,2.511010196939812431e+03,2.538885273765430156e+03,2.732561106680373996e+03
1.199181053787241424e+01,2.768457207741799266e+03,2.757446556116522061e+03,2.643881735182304965e+03,2.691312405003779531e+03,2.322045863941310017e+03,2.505019290772857403e+03,2.520455417479866355e+03,2.721596375132725825e+03
1.200380834631422822e+01,2.767212548225547835e+03,2.757446555847431227e+03,2.643865658832539793e+03,2.721497730783759380e+03,2.322045863941310017e+03,2.512979143458085218e+03,2.528940981774477223e+03,2.729635307272404589e+03
